# .PCD v0.7 - Point Cloud Data file format
VERSION 0.7
FIELDS x y z rgba label
SIZE 4 4 4 4 4
TYPE F F F U U
COUNT 1 1 1 1 1
WIDTH 2315
HEIGHT 1
VIEWPOINT 0 0 0 1 0 0 0
POINTS 2315
DATA ascii
0.58114803 0.956231 0.043497 4278190080 269
0.57440901 0.93221903 0.043336999 4278190080 269
0.677149 0.96145201 0.043875001 4278190080 269
0.67345703 0.91978502 0.043636002 4278190080 269
0.65167701 0.87869501 0.043331001 4278190080 269
0.66426599 0.88427299 0.043409999 4278190080 269
0.66967899 0.88018 0.043409999 4278190080 269
0.66712999 0.86575902 0.043324001 4278190080 269
0.66812199 0.85613197 0.043278001 4278190080 269
0.672122 0.85044801 0.043264002 4278190080 269
0.68045199 0.85021102 0.043297999 4278190080 269
0.68124801 0.84058303 0.043251 4278190080 269
0.68068099 0.829431 0.043191999 4278190080 269
0.68320101 0.82216299 0.043164998 4278190080 269
0.68501198 0.81413102 0.043132 4278190080 269
0.68934602 0.80915099 0.043125 4278190080 269
0.69233799 0.80263501 0.043104999 4278190080 269
0.69988197 0.80138397 0.043132 4278190080 269
0.706774 0.79932201 0.043152001 4278190080 269
0.71033001 0.79347998 0.043138001 4278190080 269
0.71317101 0.78688401 0.043118998 4278190080 269
0.71189898 0.77586401 0.043058999 4278190080 269
0.715285 0.77001601 0.043046001 4278190080 269
0.72205198 0.76779801 0.043065999 4278190080 269
0.72330099 0.75973302 0.043032002 4278190080 269
0.73211402 0.75959897 0.043072 4278190080 269
0.73187101 0.75008398 0.043026 4278190080 269
0.74208301 0.75126898 0.043079 4278190080 269
0.74384898 0.74387401 0.043051999 4278190080 269
0.749111 0.73999798 0.043058999 4278190080 269
0.75363803 0.73538798 0.043058999 4278190080 269
0.76245701 0.73491198 0.043099001 4278190080 269
0.77202302 0.73504502 0.043145001 4278190080 269
0.769961 0.72413099 0.043085001 4278190080 269
0.76925999 0.71463001 0.043039002 4278190080 269
0.78542203 0.72071099 0.043145001 4278190080 269
0.78908801 0.71520603 0.043138001 4278190080 269
0.78899002 0.70635003 0.043099001 4278190080 269
0.791062 0.69950902 0.043079 4278190080 269
0.58078498 0.980986 0.033433001 4278190080 269
0.58576298 0.97569001 0.033438001 4278190080 269
0.58074701 0.81288099 0.033778001 4278190080 269
0.62505102 0.863545 0.033613998 4278190080 269
0.64750499 0.883066 0.033543002 4278190080 269
0.65470099 0.88148397 0.033535998 4278190080 269
0.648664 0.86227602 0.033581998 4278190080 269
0.658189 0.86384398 0.033565 4278190080 269
0.66898102 0.86690998 0.033543002 4278190080 269
0.663809 0.84940201 0.033585001 4278190080 269
0.67522001 0.85315001 0.03356 4278190080 269
0.67355698 0.84041297 0.033587001 4278190080 269
0.676808 0.83393598 0.033594001 4278190080 269
0.681912 0.829768 0.033594001 4278190080 269
0.686351 0.82480001 0.033597 4278190080 269
0.68365902 0.81140202 0.033626001 4278190080 269
0.68667603 0.80491102 0.033633001 4278190080 269
0.69029403 0.79917002 0.033638 4278190080 269
0.69320703 0.79266298 0.033645999 4278190080 269
0.698722 0.78914303 0.033643 4278190080 269
0.70421898 0.78558499 0.033640999 4278190080 269
0.71238899 0.784949 0.033629 4278190080 269
0.72057801 0.78424197 0.033615999 4278190080 269
0.721286 0.77541602 0.033631001 4278190080 269
0.72808897 0.77315801 0.033624001 4278190080 269
0.73143798 0.76722902 0.033629 4278190080 269
0.73474199 0.761289 0.033633001 4278190080 269
0.73730099 0.75462198 0.033640999 4278190080 269
0.74050999 0.74866301 0.033645999 4278190080 269
0.74650598 0.74551803 0.033640999 4278190080 269
0.75391603 0.74373001 0.033631001 4278190080 269
0.749147 0.73002499 0.033663001 4278190080 269
0.757218 0.72887897 0.033651002 4278190080 269
0.765302 0.72766101 0.033638 4278190080 269
0.76829302 0.72158402 0.033643 4278190080 269
0.77197301 0.71617699 0.033645999 4278190080 269
0.78004199 0.71480101 0.033633001 4278190080 269
0.77921999 0.70530802 0.033651002 4278190080 269
0.78054798 0.69784999 0.033659998 4278190080 269
0.79156703 0.699 0.033638 4278190080 269
0.61437201 0.85021597 0.025 4278190080 269
0.633147 0.864999 0.024751 4278190080 269
0.64379603 0.86833102 0.024653999 4278190080 269
0.64191401 0.85476398 0.024784001 4278190080 269
0.653799 0.85956901 0.024665 4278190080 269
0.65418398 0.84920001 0.024751 4278190080 269
0.652623 0.83649302 0.024870001 4278190080 269
0.66022098 0.83561301 0.024827 4278190080 269
0.66845602 0.83545297 0.024773 4278190080 269
0.66853899 0.82511598 0.024859 4278190080 269
0.67295498 0.820225 0.024870001 4278190080 269
0.677975 0.81607997 0.024870001 4278190080 269
0.678469 0.80654502 0.024946 4278190080 269
0.68275702 0.80160499 0.024956999 4278190080 269
0.68831497 0.79815799 0.024946 4278190080 269
0.69122797 0.79165798 0.024978001 4278190080 269
0.69673401 0.78815198 0.024968 4278190080 269
0.70222402 0.78460801 0.024956999 4278190080 269
0.70769501 0.78102601 0.024946 4278190080 269
0.71922803 0.78404301 0.024838001 4278190080 269
0.72470498 0.780348 0.024827 4278190080 269
0.72058302 0.76640898 0.024968 4278190080 269
0.72940499 0.76632202 0.024902999 4278190080 269
0.736866 0.76471502 0.024859 4278190080 269
0.74014902 0.75874603 0.024881 4278190080 269
0.733558 0.74279702 0.025054 4278190080 269
0.748698 0.74889803 0.024892 4278190080 269
0.75043601 0.74147701 0.024935 4278190080 269
0.755687 0.73755699 0.024924001 4278190080 269
0.75660199 0.72943401 0.024978001 4278190080 269
0.76902199 0.73236901 0.024859 4278190080 269
0.76622403 0.72078001 0.024968 4278190080 269
0.775024 0.72015202 0.024902999 4278190080 269
0.78384501 0.71944398 0.024838001 4278190080 269
0.78972501 0.71596497 0.024816001 4278190080 269
0.78219301 0.700423 0.024989 4278190080 269
0.78273398 0.69229501 0.025043 4278190080 269
0.79298699 0.692747 0.024956999 4278190080 269
0.61282098 0.941975 0.013939 4278190080 269
0.599334 0.90897799 0.014641 4278190080 269
0.57103002 0.85456502 0.015865 4278190080 269
0.63612801 0.86879301 0.014882 4278190080 269
0.64740098 0.87290502 0.014681 4278190080 269
0.641339 0.85372502 0.015063 4278190080 269
0.64656597 0.849774 0.015063 4278190080 269
0.64871699 0.84183002 0.015163 4278190080 269
0.650796 0.83389199 0.015263 4278190080 269
0.65094298 0.82360703 0.015424 4278190080 269
0.662229 0.82740498 0.015223 4278190080 269
0.66477603 0.82021803 0.015303 4278190080 269
0.67613697 0.82385403 0.015103 4278190080 269
0.67351401 0.81046098 0.015344 4278190080 269
0.681692 0.810139 0.015243 4278190080 269
0.684057 0.80289602 0.015323 4278190080 269
0.68374801 0.79262501 0.015484 4278190080 269
0.69385803 0.79444098 0.015323 4278190080 269
0.69342297 0.78417498 0.015484 4278190080 269
0.70355499 0.78586602 0.015323 4278190080 269
0.705679 0.77857101 0.015404 4278190080 269
0.71517301 0.77938402 0.015263 4278190080 269
0.71858102 0.773516 0.015303 4278190080 269
0.71715099 0.76253599 0.015484 4278190080 269
0.72181702 0.75812101 0.015484 4278190080 269
0.73131001 0.75871801 0.015344 4278190080 269
0.727575 0.74562699 0.015584 4278190080 269
0.73635101 0.74541801 0.015464 4278190080 269
0.74303198 0.743007 0.015404 4278190080 269
0.74615401 0.737028 0.015444 4278190080 269
0.74350899 0.72545201 0.015644999 4278190080 269
0.75874102 0.73128599 0.015344 4278190080 269
0.76611 0.729375 0.015263 4278190080 269
0.77056998 0.72466099 0.015263 4278190080 269
0.77793199 0.722642 0.015183 4278190080 269
0.78161502 0.71717799 0.015203 4278190080 269
0.78748202 0.71371198 0.015163 4278190080 269
0.788867 0.70619899 0.015243 4278190080 269
0.801422 0.70863199 0.015022 4278190080 269
0.78843999 0.68857098 0.015484 4278190080 269
0.59211397 0.90980798 0.004431 4278190080 269
0.57062799 0.842489 0.006449 4278190080 269
0.57974702 0.84473902 0.0062409998 4278190080 269
0.59810197 0.83799201 0.0060930001 4278190080 269
0.669438 0.92581898 0.0027399999 4278190080 269
0.67215198 0.91766298 0.0028890001 4278190080 269
0.64679003 0.87178701 0.004431 4278190080 269
0.64732099 0.86141002 0.0046689999 4278190080 269
0.65501702 0.86060297 0.0045500002 4278190080 269
0.66211599 0.85894197 0.0044610002 4278190080 269
0.66122103 0.846986 0.0047579999 4278190080 269
0.66082501 0.83585697 0.0050249998 4278190080 269
0.66219097 0.827106 0.0052029998 4278190080 269
0.66914302 0.82535601 0.0051139998 4278190080 269
0.67419499 0.821235 0.0051139998 4278190080 269
0.67346799 0.810166 0.0053810002 4278190080 269
0.67842698 0.80601901 0.0053810002 4278190080 269
0.68335998 0.80184102 0.0053810002 4278190080 269
0.68892002 0.79838902 0.005351 4278190080 269
0.68985897 0.78963202 0.005529 4278190080 269
0.69601601 0.78688103 0.0054700002 4278190080 269
0.69949698 0.78110701 0.005529 4278190080 269
0.70964903 0.782722 0.0052919998 4278190080 269
0.711734 0.77540898 0.0054100002 4278190080 269
0.71307498 0.76736701 0.0055590002 4278190080 269
0.721196 0.76661599 0.0054100002 4278190080 269
0.72450697 0.76072901 0.0054700002 4278190080 269
0.72013998 0.74691701 0.0058550001 4278190080 269
0.72470897 0.74248499 0.0058550001 4278190080 269
0.72573698 0.73447001 0.0060040001 4278190080 269
0.73730099 0.737068 0.0057069999 4278190080 269
0.73327303 0.72410399 0.0060629998 4278190080 269
0.74915397 0.73075598 0.0055880002 4278190080 269
0.75362301 0.72614503 0.0055880002 4278190080 269
0.76168603 0.72495198 0.00544 4278190080 269
0.76612002 0.72026497 0.00544 4278190080 269
0.77272302 0.71758997 0.005351 4278190080 269
0.77784801 0.71351099 0.0053209998 4278190080 269
0.78295201 0.709396 0.0052919998 4278190080 269
0.77388 0.69258302 0.0058260001 4278190080 269
0.79609299 0.70370501 0.0051139998 4278190080 269
0.56177402 0.89796901 -0.0042690001 4278190080 269
0.63527399 0.90068603 -0.005934 4278190080 269
0.62741202 0.87808198 -0.005043 4278190080 269
0.71314502 0.98504698 -0.01035 4278190080 269
0.676588 0.92266601 -0.0075610001 4278190080 269
0.66076499 0.88963503 -0.0061670002 4278190080 269
0.669218 0.88955402 -0.00636 4278190080 269
0.65526402 0.86001199 -0.0051210001 4278190080 269
0.67030603 0.86862499 -0.0057410002 4278190080 269
0.66946399 0.85662699 -0.005353 4278190080 269
0.67594898 0.85406899 -0.0054310001 4278190080 269
0.67304498 0.83977598 -0.004927 4278190080 269
0.67944598 0.83718097 -0.0050050002 4278190080 269
0.676314 0.82296699 -0.004501 4278190080 269
0.67815202 0.81496298 -0.004307 4278190080 269
0.68378502 0.81155097 -0.004346 4278190080 269
0.68420702 0.80202198 -0.0040750001 4278190080 269
0.69369203 0.80309802 -0.004346 4278190080 269
0.695315 0.79506898 -0.004152 4278190080 269
0.70349503 0.79452503 -0.004346 4278190080 269
0.709692 0.79168099 -0.0044229999 4278190080 269
0.71252 0.78509301 -0.004307 4278190080 269
0.71867698 0.78217697 -0.0043850001 4278190080 269
0.72414398 0.77848399 -0.0044229999 4278190080 269
0.726165 0.77111799 -0.0042690001 4278190080 269
0.725362 0.76086599 -0.0039590001 4278190080 269
0.73001701 0.756401 -0.0039590001 4278190080 269
0.73674101 0.75405002 -0.0040750001 4278190080 269
0.73361802 0.74170703 -0.0036490001 4278190080 269
0.73673999 0.73578 -0.003571 4278190080 269
0.74551201 0.73545301 -0.0038040001 4278190080 269
0.74642998 0.72738099 -0.00361 4278190080 269
0.759525 0.73109603 -0.0040750001 4278190080 269
0.76182199 0.72435802 -0.0039590001 4278190080 269
0.76916802 0.722404 -0.0041140001 4278190080 269
0.77212 0.716313 -0.004036 4278190080 269
0.77945 0.71425998 -0.004191 4278190080 269
0.77343798 0.70008397 -0.0036490001 4278190080 269
0.792629 0.70863301 -0.0044229999 4278190080 269
0.77672398 0.68591398 -0.0033780001 4278190080 269
0.69036698 0.96767199 -0.018927 4278190080 269
0.74013102 1.024169 -0.022446999 4278190080 269
0.73991698 1.010738 -0.021931 4278190080 269
0.655752 0.88415599 -0.014797 4278190080 269
0.66296297 0.88251299 -0.014938 4278190080 269
0.651447 0.856157 -0.013624 4278190080 269
0.657906 0.85372698 -0.013718 4278190080 269
0.666816 0.85440201 -0.014 4278190080 269
0.66338301 0.83931601 -0.013342 4278190080 269
0.67039102 0.83757102 -0.013483 4278190080 269
0.67363298 0.83111203 -0.013342 4278190080 269
0.67492098 0.82232702 -0.013061 4278190080 269
0.67995399 0.81817001 -0.013061 4278190080 269
0.68496102 0.81398302 -0.013061 4278190080 269
0.68735403 0.80672097 -0.012873 4278190080 269
0.69294298 0.80324501 -0.01292 4278190080 269
0.69917202 0.800484 -0.013014 4278190080 269
0.70208699 0.79393297 -0.012873 4278190080 269
0.70960802 0.79258901 -0.013061 4278190080 269
0.71445799 0.78821999 -0.013061 4278190080 269
0.716582 0.78087503 -0.012873 4278190080 269
0.72135901 0.77646399 -0.012873 4278190080 269
0.72816098 0.774207 -0.013014 4278190080 269
0.73083299 0.76755297 -0.012873 4278190080 269
0.73691499 0.764494 -0.012967 4278190080 269
0.73253 0.75065601 -0.012357 4278190080 269
0.73852497 0.74756998 -0.012451 4278190080 269
0.73886299 0.738783 -0.012169 4278190080 269
0.744093 0.73493803 -0.012216 4278190080 269
0.74858803 0.73035902 -0.012216 4278190080 269
0.75305498 0.725752 -0.012216 4278190080 269
0.761832 0.72525299 -0.012498 4278190080 269
0.76481301 0.71919501 -0.012404 4278190080 269
0.77506202 0.71993202 -0.012779 4278190080 269
0.77505201 0.71110803 -0.012498 4278190080 269
0.78383899 0.71036702 -0.012779 4278190080 269
0.79115802 0.708211 -0.012967 4278190080 269
0.79474002 0.70268101 -0.01292 4278190080 269
0.78550398 0.68595397 -0.012075 4278190080 269
0.54254597 0.892322 -0.021865999 4278190080 269
0.72163099 1.024313 -0.033640999 4278190080 269
0.75573403 1.05888 -0.036346 4278190080 269
0.74116498 1.0250911 -0.034318 4278190080 269
0.72620898 0.99152201 -0.032288998 4278190080 269
0.65556502 0.88359201 -0.025021 4278190080 269
0.64538401 0.858796 -0.023556 4278190080 269
0.64943302 0.85323101 -0.023443 4278190080 269
0.65526497 0.850021 -0.023499999 4278190080 269
0.65125602 0.83417702 -0.022654001 4278190080 269
0.65821898 0.832515 -0.022823 4278190080 269
0.662067 0.82690197 -0.022710999 4278190080 269
0.66587102 0.82127303 -0.022598 4278190080 269
0.66773099 0.81331199 -0.022315999 4278190080 269
0.67270899 0.80919999 -0.022315999 4278190080 269
0.68216097 0.81040502 -0.022710999 4278190080 269
0.68906301 0.80848402 -0.022879999 4278190080 269
0.692707 0.80272901 -0.022767 4278190080 269
0.70024598 0.80147099 -0.022992 4278190080 269
0.70052099 0.791924 -0.022598 4278190080 269
0.70403498 0.78612298 -0.022484999 4278190080 269
0.706164 0.77882898 -0.022260001 4278190080 269
0.711604 0.775217 -0.022315999 4278190080 269
0.71159101 0.765715 -0.021922 4278190080 269
0.718328 0.76351601 -0.022090999 4278190080 269
0.72299999 0.75909501 -0.022090999 4278190080 269
0.729029 0.756082 -0.022204001 4278190080 269
0.730169 0.74802101 -0.021922 4278190080 269
0.74176103 0.75063002 -0.022484999 4278190080 269
0.739999 0.73971099 -0.021978 4278190080 269
0.74310303 0.73375303 -0.021865999 4278190080 269
0.75402302 0.73545498 -0.022373 4278190080 269
0.751333 0.723885 -0.021809001 4278190080 269
0.75142199 0.71513098 -0.021470999 4278190080 269
0.76161402 0.71597898 -0.021922 4278190080 269
0.76087302 0.70653498 -0.021527 4278190080 269
0.764458 0.70117801 -0.021470999 4278190080 269
0.770226 0.69781601 -0.021584 4278190080 269
0.77151799 0.69041198 -0.021358 4278190080 269
0.77873099 0.68831098 -0.021584 4278190080 269
0.782188 0.682863 -0.021527 4278190080 269
0.53395498 0.88981801 -0.030983999 4278190080 269
0.68942499 0.97777098 -0.041411001 4278190080 269
0.741247 1.037657 -0.046590999 4278190080 269
0.74467403 1.029048 -0.046263002 4278190080 269
0.70081401 0.95606399 -0.040688999 4278190080 269
0.64359301 0.86683899 -0.033737998 4278190080 269
0.64950001 0.863671 -0.033803999 4278190080 269
0.64934301 0.85252601 -0.033213001 4278190080 269
0.65273303 0.846156 -0.033016998 4278190080 269
0.65422601 0.83741802 -0.032623 4278190080 269
0.66182899 0.83651799 -0.032885998 4278190080 269
0.66258001 0.82699102 -0.032427002 4278190080 269
0.66701299 0.82213497 -0.032361001 4278190080 269
0.67141199 0.81725597 -0.032295 4278190080 269
0.67577499 0.81235403 -0.032230001 4278190080 269
0.68267602 0.81048101 -0.032427002 4278190080 269
0.68957901 0.80855501 -0.032623 4278190080 269
0.69518 0.80506301 -0.032689001 4278190080 269
0.70142102 0.80228502 -0.032820001 4278190080 269
0.70169902 0.79273701 -0.032361001 4278190080 269
0.703219 0.784702 -0.032033 4278190080 269
0.70399702 0.77593899 -0.031640001 4278190080 269
0.708745 0.77160501 -0.031640001 4278190080 269
0.70938802 0.76285797 -0.031246001 4278190080 269
0.71815997 0.76284897 -0.031640001 4278190080 269
0.72144997 0.756984 -0.031507999 4278190080 269
0.72954601 0.75613302 -0.031835999 4278190080 269
0.73696202 0.75449598 -0.032099001 4278190080 269
0.73877001 0.747123 -0.031835999 4278190080 269
0.74828398 0.74751103 -0.032295 4278190080 269
0.74788302 0.73800099 -0.031835999 4278190080 269
0.752397 0.73339802 -0.031835999 4278190080 269
0.75256902 0.72461599 -0.031443 4278190080 269
0.752662 0.71586001 -0.031049 4278190080 269
0.75267601 0.70713001 -0.030656001 4278190080 269
0.76065803 0.70589101 -0.030983999 4278190080 269
0.76056099 0.69716603 -0.03059 4278190080 269
0.76112503 0.68913901 -0.030262999 4278190080 269
0.76980299 0.68844497 -0.030656001 4278190080 269
0.76503599 0.67578399 -0.029868999 4278190080 269
0.77368098 0.67501199 -0.030262999 4278190080 269
0.73191398 1.0237091 -0.057041001 4278190080 269
0.68607301 0.94735599 -0.050384 4278190080 269
0.64345801 0.87723202 -0.04425 4278190080 269
0.64168501 0.86366701 -0.043352 4278190080 269
0.64817202 0.86130601 -0.043501999 4278190080 269
0.65162998 0.85493499 -0.043276999 4278190080 269
0.65625298 0.85013199 -0.043202002 4278190080 269
0.662687 0.84765899 -0.043352 4278190080 269
0.66663599 0.84201503 -0.043202002 4278190080 269
0.671166 0.83713102 -0.043127 4278190080 269
0.67566103 0.832223 -0.043053001 4278190080 269
0.67885298 0.82575202 -0.042828001 4278190080 269
0.68262899 0.82003999 -0.042679001 4278190080 269
0.685718 0.81355 -0.042454001 4278190080 269
0.69069701 0.80932701 -0.042454001 4278190080 269
0.68977702 0.79828799 -0.041781001 4278190080 269
0.70123398 0.80154002 -0.042529002 4278190080 269
0.69753599 0.787525 -0.041556999 4278190080 269
0.70435399 0.785456 -0.041781001 4278190080 269
0.70580602 0.77743 -0.041407 4278190080 269
0.71394002 0.77675301 -0.041781001 4278190080 269
0.718692 0.772358 -0.041781001 4278190080 269
0.722049 0.76648301 -0.041630998 4278190080 269
0.72673899 0.76203799 -0.041630998 4278190080 269
0.73486698 0.76114899 -0.042004999 4278190080 269
0.74161601 0.75876302 -0.042229999 4278190080 269
0.74415201 0.752074 -0.042004999 4278190080 269
0.74875301 0.74749303 -0.042004999 4278190080 269
0.75332499 0.74288499 -0.042004999 4278190080 269
0.75429499 0.73477298 -0.041630998 4278190080 269
0.75591302 0.72736698 -0.041331999 4278190080 269
0.76108497 0.72340202 -0.041407 4278190080 269
0.76623702 0.71939999 -0.041482002 4278190080 269
0.76917303 0.71332997 -0.041331999 4278190080 269
0.77500701 0.709943 -0.041482002 4278190080 269
0.78896803 0.71386403 -0.042454001 4278190080 269
0.78589302 0.702371 -0.041706 4278190080 269
0.77971399 0.68830502 -0.040658999 4278190080 269
0.64322102 0.86659098 -0.052563999 4278190080 269
0.64433903 0.85704798 -0.051982 4278190080 269
0.64958501 0.85307902 -0.051982 4278190080 269
0.655415 0.84986597 -0.052065 4278190080 269
0.66306901 0.84897202 -0.052397002 4278190080 269
0.66641301 0.84254199 -0.052147999 4278190080 269
0.66472399 0.82987499 -0.051233001 4278190080 269
0.67231202 0.828879 -0.051566001 4278190080 269
0.67738497 0.82473803 -0.051566001 4278190080 269
0.679887 0.81749898 -0.051233001 4278190080 269
0.67847699 0.80568397 -0.050402001 4278190080 269
0.686638 0.8053 -0.050817002 4278190080 269
0.68896401 0.79805303 -0.050485 4278190080 269
0.69253701 0.79230899 -0.050317999 4278190080 269
0.69408602 0.78430998 -0.049903002 4278190080 269
0.70021498 0.78152198 -0.050069001 4278190080 269
0.71436203 0.787552 -0.051233001 4278190080 269
0.71581298 0.77948201 -0.050817002 4278190080 269
0.71787101 0.77215302 -0.050485 4278190080 269
0.72464198 0.769912 -0.050733998 4278190080 269
0.727292 0.76328599 -0.050485 4278190080 269
0.73680103 0.76383299 -0.051066998 4278190080 269
0.73938698 0.75715703 -0.050817002 4278190080 269
0.73911899 0.74764103 -0.050235 4278190080 269
0.74721402 0.74661702 -0.050650999 4278190080 269
0.75178099 0.74201798 -0.050650999 4278190080 269
0.75489402 0.73599899 -0.050485 4278190080 269
0.76154703 0.73342901 -0.050733998 4278190080 269
0.76603299 0.728742 -0.050733998 4278190080 269
0.77339298 0.72676003 -0.051066998 4278190080 269
0.77491802 0.71928698 -0.050733998 4278190080 269
0.784455 0.71923703 -0.051316001 4278190080 269
0.783687 0.709723 -0.050733998 4278190080 269
0.79619098 0.71221602 -0.051649 4278190080 269
0.63572401 0.86727297 -0.062120002 4278190080 269
0.64222097 0.86495602 -0.062305 4278190080 269
0.657686 0.87453002 -0.063874997 4278190080 269
0.64796197 0.85067099 -0.061565999 4278190080 269
0.66107303 0.85693097 -0.062766999 4278190080 269
0.65957701 0.84422499 -0.061751001 4278190080 269
0.65609801 0.82922798 -0.060458001 4278190080 269
0.663041 0.82751799 -0.060734998 4278190080 269
0.671242 0.82730103 -0.061197001 4278190080 269
0.66619599 0.81085402 -0.059719 4278190080 269
0.67243201 0.80828297 -0.059903 4278190080 269
0.68058503 0.80795002 -0.060364999 4278190080 269
0.68488401 0.80300099 -0.060272999 4278190080 269
0.68459302 0.79275298 -0.059533998 4278190080 269
0.696652 0.796785 -0.060550001 4278190080 269
0.70152801 0.79249603 -0.060550001 4278190080 269
0.70571297 0.787435 -0.060458001 4278190080 269
0.70986199 0.78235197 -0.060364999 4278190080 269
0.71666902 0.780182 -0.060642 4278190080 269
0.71398598 0.76774698 -0.059625998 4278190080 269
0.72209501 0.76697803 -0.060088001 4278190080 269
0.73228198 0.76830101 -0.060826998 4278190080 269
0.730762 0.75734198 -0.059996001 4278190080 269
0.73400402 0.75141901 -0.059811 4278190080 269
0.74419999 0.75256699 -0.060550001 4278190080 269
0.745987 0.74517101 -0.060180001 4278190080 269
0.75196201 0.741979 -0.060364999 4278190080 269
0.75222301 0.73317897 -0.059811 4278190080 269
0.75455701 0.72647798 -0.059533998 4278190080 269
0.76116401 0.72389299 -0.059811 4278190080 269
0.76994503 0.72330099 -0.060364999 4278190080 269
0.77436799 0.71856302 -0.060364999 4278190080 269
0.78022999 0.71514398 -0.060550001 4278190080 269
0.78312802 0.70900601 -0.060364999 4278190080 269
0.78969002 0.70617998 -0.060642 4278190080 269
0.79624599 0.70329899 -0.060919002 4278190080 269
0.78554398 0.68530399 -0.059071999 4278190080 269
0.76635498 0.66031599 -0.056209002 4278190080 269
0.597776 0.94251603 -0.076375999 4278190080 269
0.63927501 0.883138 -0.073730998 4278190080 269
0.65704 0.896043 -0.075866997 4278190080 269
0.64472401 0.86804098 -0.072815001 4278190080 269
0.64465398 0.856915 -0.071898997 4278190080 269
0.65894699 0.86480999 -0.073425002 4278190080 269
0.65633702 0.85051399 -0.072103001 4278190080 269
0.65847898 0.84255302 -0.071594 4278190080 269
0.66116601 0.83537698 -0.071186997 4278190080 269
0.66752499 0.83285701 -0.071390003 4278190080 269
0.67074102 0.826428 -0.071084999 4278190080 269
0.66948098 0.81461298 -0.070068002 4278190080 269
0.67446703 0.81049001 -0.070068002 4278190080 269
0.68327397 0.81089997 -0.070678003 4278190080 269
0.68113202 0.79836899 -0.069559 4278190080 269
0.69187301 0.80094898 -0.070474997 4278190080 269
0.69677401 0.79668802 -0.070474997 4278190080 269
0.69901103 0.789419 -0.070068002 4278190080 269
0.70583397 0.78733701 -0.070372999 4278190080 269
0.704633 0.77636302 -0.069457002 4278190080 269
0.71544302 0.77861601 -0.070372999 4278190080 269
0.71410698 0.767658 -0.069457002 4278190080 269
0.718804 0.76326197 -0.069457002 4278190080 269
0.72759402 0.763156 -0.070068002 4278190080 269
0.72880697 0.755099 -0.069559 4278190080 269
0.73481798 0.75203598 -0.069761999 4278190080 269
0.74151701 0.74963403 -0.070068002 4278190080 269
0.74046999 0.73944801 -0.069254003 4278190080 269
0.74286801 0.732795 -0.068948001 4278190080 269
0.75447798 0.73516399 -0.069966003 4278190080 269
0.756823 0.72845203 -0.069660999 4278190080 269
0.75983697 0.72242397 -0.069457002 4278190080 269
0.75990301 0.71366298 -0.068847001 4278190080 269
0.76645601 0.711016 -0.069151998 4278190080 269
0.77153802 0.70697099 -0.069254003 4278190080 269
0.77955002 0.70556098 -0.069761999 4278190080 269
0.78386497 0.700764 -0.069761999 4278190080 269
0.783674 0.69199198 -0.069151998 4278190080 269
0.78790599 0.68717003 -0.069151998 4278190080 269
0.63138098 0.90692699 -0.085441001 4278190080 269
0.62603801 0.887613 -0.083333001 4278190080 269
0.61990499 0.86759198 -0.081114002 4278190080 269
0.62288302 0.86055398 -0.080669999 4278190080 269
0.62874001 0.857517 -0.080780998 4278190080 269
0.65237802 0.87836099 -0.084220998 4278190080 269
0.64280403 0.85449898 -0.081446998 4278190080 269
0.65526998 0.86001903 -0.082777999 4278190080 269
0.655065 0.84890503 -0.081780002 4278190080 269
0.66393697 0.84956503 -0.082446001 4278190080 269
0.66728503 0.84313899 -0.082112998 4278190080 269
0.67244601 0.83902901 -0.082112998 4278190080 269
0.67382002 0.83025998 -0.081446998 4278190080 269
0.67637497 0.82304102 -0.081003003 4278190080 269
0.67250401 0.80818701 -0.079449996 4278190080 269
0.68898797 0.81771702 -0.081446998 4278190080 269
0.68559998 0.80365098 -0.080004998 4278190080 269
0.68791699 0.79642302 -0.079561003 4278190080 269
0.69606501 0.79592502 -0.080115996 4278190080 269
0.69697899 0.78717798 -0.079449996 4278190080 269
0.701796 0.78288603 -0.079449996 4278190080 269
0.70992899 0.78224301 -0.080004998 4278190080 269
0.70933098 0.77202201 -0.079117 4278190080 269
0.71473199 0.76838201 -0.079227999 4278190080 269
0.72011602 0.764705 -0.079338998 4278190080 269
0.72548002 0.76099098 -0.079449996 4278190080 269
0.72322899 0.74937898 -0.078340001 4278190080 269
0.73059398 0.747769 -0.078783996 4278190080 269
0.737966 0.74609601 -0.079227999 4278190080 269
0.73689997 0.73593998 -0.078340001 4278190080 269
0.74211001 0.73210198 -0.078451 4278190080 269
0.74658799 0.72753501 -0.078451 4278190080 269
0.75103801 0.72294003 -0.078451 4278190080 269
0.75906402 0.72173899 -0.079006001 4278190080 269
0.76782799 0.721147 -0.079672001 4278190080 269
0.76640499 0.71101898 -0.078783996 4278190080 269
0.76488698 0.70093697 -0.077896997 4278190080 269
0.77728498 0.70355999 -0.079117 4278190080 269
0.77936298 0.69679201 -0.078783996 4278190080 269
0.78064197 0.68936801 -0.078340001 4278190080 269
0.64165801 0.87472302 -0.102127 4278190080 269
0.64878702 0.87315798 -0.102512 4278190080 269
0.64757502 0.86044198 -0.101101 4278190080 269
0.65043801 0.853297 -0.100587 4278190080 269
0.65081501 0.843009 -0.099560998 4278190080 269
0.65353298 0.83587402 -0.099048004 4278190080 269
0.65311098 0.82484901 -0.097893998 4278190080 269
0.66064 0.82392102 -0.098407 4278190080 269
0.66568297 0.81985199 -0.098407 4278190080 269
0.662516 0.80579102 -0.096739002 4278190080 269
0.66554499 0.79942399 -0.096354 4278190080 269
0.67554998 0.80139202 -0.097381003 4278190080 269
0.67273098 0.78817803 -0.095840998 4278190080 269
0.68533301 0.793042 -0.097381003 4278190080 269
0.68300498 0.78061002 -0.095969997 4278190080 269
0.69041198 0.77937502 -0.096483 4278190080 269
0.69650501 0.77660102 -0.096739002 4278190080 269
0.70725501 0.77892202 -0.097893998 4278190080 269
0.703969 0.76580399 -0.096354 4278190080 269
0.71270698 0.765827 -0.097124003 4278190080 269
0.72487199 0.769382 -0.098535001 4278190080 269
0.71999902 0.75487 -0.096739002 4278190080 269
0.72324002 0.74901098 -0.096483 4278190080 269
0.72297102 0.73959303 -0.095585003 4278190080 269
0.72819197 0.73584801 -0.095712997 4278190080 269
0.738307 0.73697299 -0.096739002 4278190080 269
0.73787397 0.72755301 -0.095840998 4278190080 269
0.74374402 0.72439599 -0.096097998 4278190080 269
0.75603402 0.72738498 -0.097508997 4278190080 269
0.75185901 0.71453202 -0.095969997 4278190080 269
0.76345801 0.71669501 -0.097251996 4278190080 269
0.77002198 0.71402001 -0.097636998 4278190080 269
0.77292699 0.70794201 -0.097381003 4278190080 269
0.77210897 0.69852698 -0.096483 4278190080 269
0.78007698 0.69708198 -0.097124003 4278190080 269
0.78434002 0.69228202 -0.097124003 4278190080 269
0.78782499 0.686804 -0.096996002 4278190080 269
0.63382 0.87563801 -0.122296 4278190080 269
0.64445001 0.87890798 -0.12362 4278190080 269
0.649831 0.874937 -0.12362 4278190080 269
0.65578198 0.871723 -0.123767 4278190080 269
0.65271801 0.85667503 -0.121707 4278190080 269
0.65009803 0.84248 -0.119795 4278190080 269
0.65830398 0.84236902 -0.12053 4278190080 269
0.66161698 0.835989 -0.120089 4278190080 269
0.66425699 0.82882798 -0.1195 4278190080 269
0.66558701 0.82013202 -0.118618 4278190080 269
0.67437798 0.82061398 -0.1195 4278190080 269
0.67876703 0.81570101 -0.119353 4278190080 269
0.67738003 0.80396199 -0.117882 4278190080 269
0.68230098 0.79979098 -0.117882 4278190080 269
0.68590099 0.79409301 -0.117588 4278190080 269
0.693367 0.79284602 -0.118176 4278190080 269
0.69625002 0.78635597 -0.117735 4278190080 269
0.70436603 0.78574902 -0.118471 4278190080 269
0.70917398 0.78141201 -0.118471 4278190080 269
0.714625 0.77777398 -0.118618 4278190080 269
0.71601301 0.76975602 -0.117882 4278190080 269
0.72479498 0.76966602 -0.118765 4278190080 269
0.726771 0.76234198 -0.118176 4278190080 269
0.73349798 0.76000202 -0.118618 4278190080 269
0.73814702 0.75548702 -0.118618 4278190080 269
0.741377 0.749538 -0.118323 4278190080 269
0.74736297 0.74637198 -0.118618 4278190080 269
0.75474697 0.74454898 -0.119206 4278190080 269
0.76001 0.74059302 -0.119353 4278190080 269
0.76097399 0.73248899 -0.118618 4278190080 269
0.76115 0.72372001 -0.117735 4278190080 269
0.76485503 0.71836001 -0.117588 4278190080 269
0.77287698 0.71701401 -0.118323 4278190080 269
0.77361298 0.70892 -0.117588 4278190080 269
0.77574599 0.70217001 -0.117146 4278190080 269
0.779302 0.696738 -0.116999 4278190080 269
0.78133702 0.68998098 -0.116558 4278190080 269
0.79003203 0.689071 -0.117441 4278190080 269
0.59760398 0.825688 -0.150619 4278190080 269
0.68544197 0.77416903 -0.153363 4278190080 269
0.68886602 0.76848602 -0.152997 4278190080 269
0.691585 0.76206201 -0.152448 4278190080 269
0.69824499 0.75997502 -0.152997 4278190080 269
0.703565 0.75639498 -0.15318 4278190080 269
0.70751798 0.75134897 -0.152997 4278190080 269
2.262358 -1.248547 0.029905001 4294901760 146
2.2145259 -1.2399189 0.030017 4294901760 146
2.2094841 -1.254966 0.03001 4294901760 146
2.1757531 -1.253515 0.030083001 4294901760 146
2.158525 -1.261288 0.03011 4294901760 146
2.1301019 -1.262267 0.030169001 4294901760 146
2.0854671 -1.253153 0.030274 4294901760 146
2.0896921 -1.273214 0.030239001 4294901760 146
2.0937481 -1.2933739 0.030205 4294901760 146
2.06459 -1.29292 0.030266 4294901760 146
2.082783 -1.3221869 0.030191001 4294901760 146
2.052772 -1.320865 0.030254001 4294901760 146
2.2156811 -1.235512 0.0088989995 4294901760 146
2.1828129 -1.234814 0.0092120003 4294901760 146
2.168256 -1.244206 0.0092989998 4294901760 146
2.145021 -1.248438 0.0094940001 4294901760 146
2.147656 -1.2676719 0.0093639996 4294901760 146
2.1209581 -1.269534 0.009602 4294901760 146
2.0806389 -1.26282 0.010013 4294901760 146
2.1035161 -1.294418 0.0096239997 4294901760 146
2.091291 -1.304656 0.0096779997 4294901760 146
2.0709131 -1.3275239 0.0097319996 4294901760 146
2.068599 -1.344018 0.009656 4294901760 146
2.2126811 -1.217435 -0.014199 4294901760 146
2.205169 -1.230989 -0.014199 4294901760 146
2.1819141 -1.23563 -0.013838 4294901760 146
2.169956 -1.246505 -0.013738 4294901760 146
2.151036 -1.2532541 -0.013477 4294901760 146
2.131254 -1.25931 -0.013196 4294901760 146
2.1149099 -1.267226 -0.012995 4294901760 146
2.1019671 -1.277064 -0.012875 4294901760 146
2.1043069 -1.296229 -0.013116 4294901760 146
2.109884 -1.317588 -0.013437 4294901760 146
2.0806389 -1.317142 -0.012935 4294901760 146
2.102813 -1.349319 -0.013658 4294901760 146
2.1020379 -1.367101 -0.013838 4294901760 146
2.1901109 -1.223906 -0.037813 4294901760 146
2.1816909 -1.236828 -0.037783999 4294901760 146
2.153266 -1.23823 -0.037071999 4294901760 146
2.1464911 -1.251923 -0.037101001 4294901760 146
2.120703 -1.2543809 -0.036478002 4294901760 146
2.116395 -1.2694269 -0.036596999 4294901760 146
2.038542 -1.23979 -0.034164 4294901760 146
2.142345 -1.321014 -0.038051002 4294901760 146
2.1367421 -1.3357249 -0.038139999 4294901760 146
2.144547 -1.358978 -0.038702998 4294901760 146
2.1227119 -1.363466 -0.038229 4294901760 146
2.1394351 -1.392828 -0.039119001 4294901760 146
2.2046759 -1.216688 -0.060823999 4294901760 146
2.1439941 -1.200397 -0.058460999 4294901760 146
2.1530941 -1.222912 -0.059197001 4294901760 146
2.1706541 -1.250574 -0.060320001 4294901760 146
2.130161 -1.244702 -0.058848001 4294901760 146
2.096699 -1.242457 -0.057686001 4294901760 146
2.1164391 -1.271778 -0.058926001 4294901760 146
2.1137149 -1.2878619 -0.059158001 4294901760 146
2.0972731 -1.295553 -0.058770999 4294901760 146
2.1138389 -1.323786 -0.059893999 4294901760 146
2.191324 -1.222446 -0.080972001 4294901760 146
2.1646531 -1.225051 -0.079939 4294901760 146
2.151897 -1.235328 -0.079658002 4294901760 146
2.160681 -1.2580529 -0.080549002 4294901760 146
2.1331339 -1.259612 -0.079470001 4294901760 146
2.148509 -1.2865241 -0.080737002 4294901760 146
2.1098299 -1.281031 -0.079047002 4294901760 146
2.068748 -1.273541 -0.077216998 4294901760 146
2.140568 -1.335896 -0.081629001 4294901760 146
2.140775 -1.3543431 -0.082098 4294901760 146
2.1181271 -1.358291 -0.081299998 4294901760 146
2.1172919 -1.376159 -0.081722997 4294901760 146
2.1687479 -1.211162 -0.103114 4294901760 146
2.1795189 -1.23478 -0.104297 4294901760 146
2.1407361 -1.230224 -0.102269 4294901760 146
2.152988 -1.254898 -0.103565 4294901760 146
2.146966 -1.269101 -0.103677 4294901760 146
2.1220109 -1.271986 -0.102551 4294901760 146
2.0953951 -1.273576 -0.101311 4294901760 146
2.0858409 -1.285362 -0.101198 4294901760 146
2.157516 -1.347852 -0.106495 4294901760 146
2.1179931 -1.3413039 -0.10441 4294901760 146
2.1223271 -1.3623641 -0.105255 4294901760 146
2.122297 -1.3808039 -0.105819 4294901760 146
2.209969 -1.2182831 -0.128628 4294901760 146
2.196357 -1.22841 -0.128169 4294901760 146
2.1740251 -1.23349 -0.127055 4294901760 146
2.1249051 -1.222911 -0.123907 4294901760 146
2.150969 -1.255548 -0.12646399 4294901760 146
2.122618 -1.256521 -0.124891 4294901760 146
2.1123011 -1.26798 -0.124694 4294901760 146
2.10022 -1.2783231 -0.124366 4294901760 146
2.09828 -1.294854 -0.124825 4294901760 146
2.1182101 -1.3251719 -0.12698901 4294901760 146
2.1218359 -1.345627 -0.12790699 4294901760 146
2.1152179 -1.359701 -0.128038 4294901760 146
2.267117 -1.251694 -0.156905 4294901760 146
2.1967649 -1.230473 -0.151519 4294901760 146
2.186573 -1.242451 -0.15129501 4294901760 146
2.12708 -1.225949 -0.146807 4294901760 146
2.1367321 -1.249048 -0.148303 4294901760 146
2.1316011 -1.263662 -0.148527 4294901760 146
2.1306429 -1.28083 -0.14912599 4294901760 146
2.0691111 -1.261163 -0.14441299 4294901760 146
2.1020429 -1.2990119 -0.148004 4294901760 146
2.156554 -1.351084 -0.153539 4294901760 146
2.115401 -1.34343 -0.150622 4294901760 146
2.109632 -1.358005 -0.150846 4294901760 146
2.1087749 -1.3758301 -0.151519 4294901760 146
2.2411571 -1.233281 -0.17596699 4294901760 146
2.203958 -1.230503 -0.17314 4294901760 146
2.1738169 -1.231241 -0.17097799 4294901760 146
2.1619 -1.242076 -0.170562 4294901760 146
2.14821 -1.251807 -0.16998 4294901760 146
2.1379139 -1.263445 -0.16973101 4294901760 146
2.1198621 -1.270396 -0.168733 4294901760 146
2.1111751 -1.2828619 -0.16865 4294901760 146
2.1049609 -1.296836 -0.168816 4294901760 146
2.1003461 -1.311838 -0.169148 4294901760 146
2.1158371 -1.339619 -0.171477 4294901760 146
2.1059 -1.3515 -0.17131101 4294901760 146
2.116785 -1.376887 -0.173223 4294901760 146
2.223901 -1.225134 -0.197905 4294901760 146
2.2050419 -1.232442 -0.196704 4294901760 146
2.177515 -1.234655 -0.19458 4294901760 146
2.1560869 -1.240052 -0.193102 4294901760 146
2.140697 -1.2487431 -0.19227 4294901760 146
2.126137 -1.2578 -0.191531 4294901760 146
2.114964 -1.268773 -0.19116201 4294901760 146
2.113945 -1.285866 -0.191901 4294901760 146
2.1034729 -1.297245 -0.191624 4294901760 146
2.099695 -1.312766 -0.192086 4294901760 146
2.100853 -1.3314871 -0.193102 4294901760 146
2.1026969 -1.350809 -0.19420999 4294901760 146
2.111059 -1.37455 -0.19605801 4294901760 146
2.1150529 -1.395702 -0.19744299 4294901760 146
2.247411 -1.2394429 -0.224729 4294901760 146
2.1989629 -1.2303751 -0.219947 4294901760 146
2.177531 -1.235986 -0.218319 4294901760 146
2.1500781 -1.237905 -0.215978 4294901760 146
2.1372881 -1.248063 -0.215368 4294901760 146
2.127022 -1.2596329 -0.21506301 4294901760 146
2.116694 -1.271124 -0.214757 4294901760 146
2.108855 -1.284088 -0.214757 4294901760 146
2.101783 -1.297526 -0.21485899 4294901760 146
2.095468 -1.311453 -0.21506301 4294901760 146
2.092422 -1.327484 -0.215673 4294901760 146
2.0917671 -1.345142 -0.216589 4294901760 146
2.100975 -1.36936 -0.21872599 4294901760 146
2.205687 -1.217247 -0.243321 4294901760 146
2.191241 -1.226871 -0.242433 4294901760 146
2.1741681 -1.2348911 -0.24121299 4294901760 146
2.1562181 -1.242251 -0.23988201 4294901760 146
2.1159551 -1.236394 -0.23566601 4294901760 146
2.1160221 -1.253916 -0.236664 4294901760 146
2.1099911 -1.2679009 -0.23688599 4294901760 146
2.113203 -1.28755 -0.23832799 4294901760 146
2.099345 -1.296834 -0.237552 4294901760 146
2.108191 -1.320246 -0.23977099 4294901760 146
2.105922 -1.336887 -0.240547 4294901760 146
2.096009 -1.348708 -0.240325 4294901760 146
2.0893581 -1.3626291 -0.240547 4294901760 146
-3.3853209 0.63030499 -0.157261 4278255360 131
-3.384331 0.651631 -0.15742999 4278255360 131
-3.42487 0.59674102 -0.191255 4278255360 131
-3.281707 0.59255499 -0.181943 4278255360 131
-3.335819 0.54149997 -0.216151 4278255360 131
-3.3058851 0.55747402 -0.214131 4278255360 131
-3.269006 0.57189697 -0.211588 4278255360 131
-3.3140211 0.511841 -0.24232601 4278255360 131
-3.3344331 0.53595501 -0.244322 4278255360 131
-3.3251841 0.55542099 -0.24382301 4278255360 131
-3.2785079 0.56833601 -0.240164 4278255360 131
-4.319819 0.45779899 0.025604 4294967040 578
-4.3258729 0.485302 0.025582001 4294967040 578
-4.345654 0.51454401 0.025526 4294967040 578
-4.3374529 0.54057997 0.025537999 4294967040 578
-4.3588419 0.57043201 0.025477 4294967040 578
-4.3810191 0.60070401 0.025413999 4294967040 578
-4.3950682 0.63013202 0.02537 4294967040 578
-4.402986 0.65886599 0.02534 4294967040 578
-4.3860159 0.68386501 0.025372 4294967040 578
-3.937572 0.40933299 -0.0064889998 4294967040 578
-4.3236208 0.47621399 -0.01072 4294967040 578
-4.349422 0.50607997 -0.011033 4294967040 578
-4.3502049 0.53324401 -0.011077 4294967040 578
-4.3359418 0.558523 -0.010958 4294967040 578
-4.3492799 0.58738899 -0.011142 4294967040 578
-4.39114 0.62049198 -0.011639 4294967040 578
-4.4030781 0.64975601 -0.011812 4294967040 578
-4.3950548 0.676153 -0.011769 4294967040 578
-4.395761 0.70389801 -0.011823 4294967040 578
-4.3785348 0.72872502 -0.011683 4294967040 578
-4.279984 0.47381899 -0.049943998 4294967040 578
-4.3048019 0.50332099 -0.050505999 4294967040 578
-4.33041 0.53326702 -0.051088002 4294967040 578
-4.341929 0.56175101 -0.051389001 4294967040 578
-4.3463259 0.58945698 -0.051550001 4294967040 578
-4.3752942 0.62074703 -0.052212 4294967040 578
-4.3733811 0.647874 -0.052251998 4294967040 578
-4.3811808 0.67652702 -0.052492999 4294967040 578
-4.3917542 0.70577502 -0.052793998 4294967040 578
-4.3942442 0.73386103 -0.052933998 4294967040 578
-4.3591189 0.75551897 -0.052312002 4294967040 578
-4.3163948 0.50710797 -0.09234 4294967040 578
-4.3251071 0.53505701 -0.092696004 4294967040 578
-4.3316541 0.56287402 -0.092992999 4294967040 578
-4.3360419 0.59052098 -0.093230002 4294967040 578
-4.345201 0.618949 -0.093616001 4294967040 578
-4.3462648 0.64633399 -0.093764 4294967040 578
-4.3659239 0.67666602 -0.094475999 4294967040 578
-4.3794522 0.70630801 -0.095009997 4294967040 578
-4.3868661 0.73514998 -0.095366001 4294967040 578
-4.3438659 0.75537199 -0.094209 4294967040 578
-4.2094259 0.49838799 -0.127528 4294967040 578
-4.2975121 0.53559399 -0.131092 4294967040 578
-4.3238678 0.56584901 -0.132254 4294967040 578
-4.3292241 0.59359199 -0.132603 4294967040 578
-4.3324242 0.62113798 -0.132874 4294967040 578
-4.3354492 0.64874703 -0.133145 4294967040 578
-4.3837128 0.683505 -0.135198 4294967040 578
-4.390286 0.712152 -0.13562401 4294967040 578
-4.376966 0.73758101 -0.135276 4294967040 578
-4.349719 0.76046097 -0.134385 4294967040 578
-4.1998091 0.51558501 -0.161883 4294967040 578
-4.3095078 0.55589098 -0.16723301 4294967040 578
-4.3178949 0.58392698 -0.167796 4294967040 578
-4.335001 0.61334503 -0.168782 4294967040 578
-4.3459792 0.64211899 -0.169486 4294967040 578
-4.3725629 0.673482 -0.170941 4294967040 578
-4.3920212 0.70408899 -0.172067 4294967040 578
-4.3984571 0.73282802 -0.172583 4294967040 578
-4.3850179 0.75827301 -0.172161 4294967040 578
-4.0755668 0.50262702 -0.194673 4294967040 578
-4.300139 0.55711299 -0.207633 4294967040 578
-4.3005981 0.58402503 -0.207858 4294967040 578
-4.3157139 0.613069 -0.208929 4294967040 578
-4.3454499 0.64451599 -0.210844 4294967040 578
-4.3887758 0.67848599 -0.213549 4294967040 578
-4.4003019 0.70793903 -0.21445 4294967040 578
-4.4007988 0.73574799 -0.21473201 4294967040 578
-4.3804622 0.76000702 -0.21383099 4294967040 578
-3.7320731 0.67117 -0.176925 4294967040 578
-3.989711 0.49496299 -0.22699399 4294967040 578
-4.2943249 0.559551 -0.247389 4294967040 578
-4.3036642 0.58764499 -0.24824101 4294967040 578
-4.3345499 0.61897999 -0.25053701 4294967040 578
-4.3533711 0.64894998 -0.25204501 4294967040 578
-4.3946629 0.68269902 -0.255061 4294967040 578
-4.3273482 0.69945699 -0.25086501 4294967040 578
-4.034647 0.67755502 -0.23164999 4294967040 578
-3.8007419 0.47426 -0.249962 4294967040 578
-3.7715969 0.58862197 -0.24899 4294967040 578
-3.4518671 0.088956997 0.027781 4278190335 544
-3.4002819 0.108496 0.027906001 4278190335 544
-3.3805671 0.128631 0.027952 4278190335 544
-3.3567359 0.14835 0.028008999 4278190335 544
-3.316813 0.16697299 0.028104 4278190335 544
-3.291764 0.18596099 0.028162999 4278190335 544
-3.30653 0.20716 0.028123001 4278190335 544
-3.2872391 0.22620399 0.028167 4278190335 544
-3.277812 0.24577001 0.028186999 4278190335 544
-3.2832191 0.26644599 0.028170001 4278190335 544
-3.2755461 0.28606299 0.028185001 4278190335 544
-3.30758 0.30932999 0.028100999 4278190335 544
-3.598161 0.35886499 0.027383 4278190335 544
-3.2689631 0.178472 0.00092399999 4278190335 544
-3.2578249 0.197923 0.0010319999 4278190335 544
-3.2565489 0.21790799 0.0010319999 4278190335 544
-3.2601371 0.238249 0.000978 4278190335 544
-3.254627 0.257934 0.001021 4278190335 544
-3.249994 0.27764401 0.001053 4278190335 544
-3.2561951 0.29830801 0.00096700003 4278190335 544
-3.251318 0.31799099 0.00099900004 4278190335 544
-3.545578 0.041025002 -0.00202 4278190335 544
-3.499269 0.061976001 -0.0015219999 4278190335 544
-3.4548371 0.082406998 -0.001046 4278190335 544
-3.406291 0.102177 -0.00052599999 4278190335 544
-3.3216591 0.120064 0.00038300001 4278190335 544
-3.303875 0.13972899 0.00056700001 4278190335 544
-3.279984 0.15889201 0.00081499998 4278190335 544
-3.4707229 0.063291997 -0.033186 4278190335 544
-3.4222929 0.083421998 -0.032221999 4278190335 544
-3.3717501 0.102898 -0.031219 4278190335 544
-3.3181009 0.121648 -0.030154999 4278190335 544
-3.290323 0.140853 -0.029612999 4278190335 544
-3.267427 0.15996601 -0.029172 4278190335 544
-3.247416 0.178968 -0.028790001 4278190335 544
-3.2392721 0.19846299 -0.028650001 4278190335 544
-3.2409861 0.218537 -0.02871 4278190335 544
-3.232604 0.23790599 -0.02857 4278190335 544
-3.2261 0.257339 -0.028469 4278190335 544
-3.2244599 0.27712899 -0.028469 4278190335 544
-3.232655 0.29782501 -0.02867 4278190335 544
-3.2297721 0.31755701 -0.028650001 4278190335 544
-3.236712 0.338303 -0.028829999 4278190335 544
-3.5762789 -0.00063000002 -0.035293002 4278190335 544
-3.5752161 0.021307999 -0.035273001 4278190335 544
-3.503037 0.042380001 -0.033828001 4278190335 544
-3.626338 -0.020973001 -0.070979998 4278190335 544
-3.599411 0.001267 -0.070179 4278190335 544
-3.496382 0.022676 -0.067124002 4278190335 544
-3.4581971 0.043646999 -0.065995999 4278190335 544
-3.4118929 0.063998997 -0.064631999 4278190335 544
-3.343487 0.083235003 -0.062614001 4278190335 544
-3.2959571 0.102288 -0.061220001 4278190335 544
-3.276289 0.121802 -0.060656 4278190335 544
-3.2595019 0.14120901 -0.060182001 4278190335 544
-3.2346139 0.160019 -0.059470002 4278190335 544
-3.2245891 0.179363 -0.059202999 4278190335 544
-3.2324071 0.199701 -0.059470002 4278190335 544
-3.2231419 0.218988 -0.059232 4278190335 544
-3.213763 0.238169 -0.058995001 4278190335 544
-3.1992891 0.256843 -0.058609001 4278190335 544
-3.2036281 0.27698499 -0.058786999 4278190335 544
-3.206845 0.29709899 -0.058936 4278190335 544
-3.2149079 0.317754 -0.059232 4278190335 544
-3.245703 0.34092301 -0.060210999 4278190335 544
-3.401504 0.378418 -0.064928003 4278190335 544
-3.550128 -0.039209001 -0.100839 4278190335 544
-3.584276 -0.017583 -0.102156 4278190335 544
-3.4883881 0.0042690001 -0.098436996 4278190335 544
-3.4593191 0.025452999 -0.097314 4278190335 544
-3.427125 0.046239 -0.096074 4278190335 544
-3.4008009 0.066749997 -0.095067002 4278190335 544
-3.323411 0.085615002 -0.092083998 4278190335 544
-3.2629001 0.104078 -0.089759998 4278190335 544
-3.242229 0.123332 -0.088986002 4278190335 544
-3.2364199 0.143002 -0.088792004 4278190335 544
-3.2195139 0.16204999 -0.088172004 4278190335 544
-3.2194569 0.181858 -0.088211 4278190335 544
-3.2053161 0.200793 -0.087706998 4278190335 544
-3.1920609 0.21963 -0.087242 4278190335 544
-3.182682 0.238612 -0.086932003 4278190335 544
-3.1821539 0.25821799 -0.086971 4278190335 544
-3.176528 0.27738899 -0.086815998 4278190335 544
-3.175761 0.29696801 -0.086855002 4278190335 544
-3.1838219 0.31744301 -0.087242 4278190335 544
-3.203675 0.339293 -0.088095002 4278190335 544
-3.2392659 0.36318499 -0.089566998 4278190335 544
-3.2246101 0.17662901 -0.11481 4278190335 544
-3.2005329 0.19502001 -0.11373 4278190335 544
-3.1863191 0.213789 -0.11312 4278190335 544
-3.175981 0.23268101 -0.112698 4278190335 544
-3.170511 0.251849 -0.11251 4278190335 544
-3.16592 0.27104399 -0.112369 4278190335 544
-3.1681759 0.29082799 -0.112557 4278190335 544
-3.1742849 0.31104001 -0.112932 4278190335 544
-3.2041099 0.33381501 -0.114434 4278190335 544
-3.2178881 0.35521799 -0.115185 4278190335 544
-3.251368 0.37911099 -0.116875 4278190335 544
-3.656672 -0.046829 -0.13489699 4278190335 544
-3.6349151 -0.024239 -0.133864 4278190335 544
-3.542098 -0.001864 -0.129499 4278190335 544
-3.4751179 0.019510999 -0.12635501 4278190335 544
-3.4369769 0.040397 -0.124572 4278190335 544
-3.3857291 0.060587 -0.122178 4278190335 544
-3.3074009 0.079507999 -0.118517 4278190335 544
-3.265914 0.098575003 -0.116593 4278190335 544
-3.2502739 0.118073 -0.115889 4278190335 544
-3.2395091 0.137592 -0.11542 4278190335 544
-3.2166531 0.156406 -0.114387 4278190335 544
-3.3530729 0.061744999 -0.15219 4278190335 544
-3.3236859 0.081610002 -0.150556 4278190335 544
-3.260252 0.100077 -0.14700601 4278190335 544
-3.2466061 0.119603 -0.146274 4278190335 544
-3.230849 0.13888 -0.145429 4278190335 544
-3.2079971 0.157626 -0.144189 4278190335 544
-3.2089629 0.177417 -0.144302 4278190335 544
-3.2068181 0.197042 -0.144245 4278190335 544
-3.184629 0.215303 -0.143062 4278190335 544
-3.1802609 0.23461901 -0.142893 4278190335 544
-3.1648281 0.253016 -0.142104 4278190335 544
-3.161227 0.272259 -0.141992 4278190335 544
-3.166456 0.292292 -0.142386 4278190335 544
-3.164603 0.31171599 -0.142386 4278190335 544
-3.1824901 0.33320501 -0.14351299 4278190335 544
-3.194279 0.35426599 -0.144302 4278190335 544
-3.2257609 0.37780499 -0.146217 4278190335 544
-3.683491 -0.067823999 -0.17084 4278190335 544
-3.657881 -0.044900998 -0.169375 4278190335 544
-3.6281359 -0.022268999 -0.167685 4278190335 544
-3.506398 3.0000001e-06 -0.16081101 4278190335 544
-3.4743841 0.021323999 -0.159008 4278190335 544
-3.4302609 0.042107001 -0.156528 4278190335 544
-3.6814489 -0.065181002 -0.20476399 4278190335 544
-3.6518459 -0.042247001 -0.202796 4278190335 544
-3.5392809 -0.019235 -0.19538601 4278190335 544
-3.4874451 0.002441 -0.191976 4278190335 544
-3.451442 0.023591001 -0.189615 4278190335 544
-3.407331 0.044195998 -0.18673 4278190335 544
-3.3611031 0.064221002 -0.183713 4278190335 544
-3.2848339 0.082923003 -0.178729 4278190335 544
-3.2553401 0.102167 -0.176828 4278190335 544
-3.2357061 0.121426 -0.17558201 4278190335 544
-3.22194 0.14071099 -0.174729 4278190335 544
-3.208061 0.159831 -0.173877 4278190335 544
-3.199049 0.179066 -0.173352 4278190335 544
-3.2148211 0.199745 -0.174467 4278190335 544
-3.1976061 0.21837699 -0.173418 4278190335 544
-3.1763051 0.23650999 -0.172106 4278190335 544
-3.159874 0.25479099 -0.171123 4278190335 544
-3.152287 0.27365601 -0.170729 4278190335 544
-3.143594 0.292346 -0.17027 4278190335 544
-3.153656 0.312812 -0.171057 4278190335 544
-3.1774781 0.334878 -0.17276201 4278190335 544
-3.2110641 0.35835499 -0.17512301 4278190335 544
-3.22367 0.37980399 -0.17610601 4278190335 544
-3.663023 -0.087342001 -0.203583 4278190335 544
-3.667099 -0.107362 -0.23784401 4278190335 544
-3.659714 -0.084675997 -0.23724601 4278190335 544
-3.6422169 -0.061918002 -0.235899 4278190335 544
-3.6156061 -0.039282002 -0.233879 4278190335 544
-3.4672329 0.0048460001 -0.222734 4278190335 544
-3.4432061 0.025934 -0.220938 4278190335 544
-3.3801651 0.046186998 -0.216226 4278190335 544
-3.295073 0.065227002 -0.209867 4278190335 544
-3.2517459 0.084321 -0.206651 4278190335 544
-3.2342241 0.103724 -0.20537899 4278190335 544
-3.2215691 0.123107 -0.20448101 4278190335 544
-3.220753 0.14287101 -0.20448101 4278190335 544
-3.2048769 0.161872 -0.20335899 4278190335 544
-3.2028279 0.18147799 -0.203284 4278190335 544
-3.203645 0.201252 -0.20343401 4278190335 544
-3.1864319 0.21980301 -0.202237 4278190335 544
-3.1512151 0.236801 -0.19969399 4278190335 544
-3.1477151 0.25597 -0.199544 4278190335 544
-3.137145 0.27449399 -0.198871 4278190335 544
-3.1383801 0.294018 -0.199095 4278190335 544
-3.1434619 0.31396499 -0.199619 4278190335 544
-3.131561 0.332192 -0.198871 4278190335 544
-3.158201 0.35463601 -0.20104 4278190335 544
-3.1896329 0.37800601 -0.203584 4278190335 544
-3.198977 0.176357 -0.22985201 4278190335 544
-3.2008181 0.196165 -0.230102 4278190335 544
-3.2114861 0.216602 -0.23109999 4278190335 544
-3.1713359 0.23346099 -0.22785699 4278190335 544
-3.148982 0.251257 -0.22611 4278190335 544
-3.1384449 0.26980799 -0.225362 4278190335 544
-3.13673 0.28906 -0.225362 4278190335 544
-3.128947 0.30771801 -0.22486299 4278190335 544
-3.1250179 0.326704 -0.22469699 4278190335 544
-3.119983 0.34554401 -0.224447 4278190335 544
-3.1445291 0.3678 -0.22669201 4278190335 544
-3.155071 0.388668 -0.22777399 4278190335 544
-3.481806 0.020768 -0.25305301 4278190335 544
-3.3999031 0.041163001 -0.246234 4278190335 544
-3.3258541 0.060697 -0.240081 4278190335 544
-3.2686329 0.079732999 -0.235341 4278190335 544
-3.25613 0.099426001 -0.23434301 4278190335 544
-3.2375319 0.11875 -0.23284601 4278190335 544
-3.218821 0.13785 -0.23134901 4278190335 544
-3.1930311 0.156386 -0.22927 4278190335 544
-3.1715779 0.235098 -0.25739199 4278190335 544
-3.147248 0.25272301 -0.25526699 4278190335 544
-3.1446459 0.27194399 -0.25517499 4278190335 544
-3.1310201 0.29013199 -0.25406599 4278190335 544
-3.132154 0.309632 -0.254343 4278190335 544
-3.1311851 0.328949 -0.25443599 4278190335 544
-3.1429629 0.349695 -0.25572899 4278190335 544
-3.153614 0.37048301 -0.25692999 4278190335 544
-3.1710451 0.39226899 -0.25877699 4278190335 544
1.736671 -3.8669341 0.025861001 4294902015 212
1.695948 -3.8390961 0.025962999 4294902015 212
1.664394 -3.831084 0.026012 4294902015 212
1.639678 -3.8384659 0.02602 4294902015 212
1.61145 -3.837389 0.026048999 4294902015 212
1.5878741 -3.8472049 0.026048999 4294902015 212
1.571 -3.8735571 0.026005 4294902015 212
1.554602 -3.901705 0.025955999 4294902015 212
1.523711 -3.893476 0.026002999 4294902015 212
1.750922 -3.877804 -0.0096920002 4294902015 212
1.713289 -3.8574071 -0.0093240002 4294902015 212
1.686785 -3.861433 -0.0092479996 4294902015 212
1.659901 -3.8643601 -0.0091610001 4294902015 212
1.636548 -3.8753941 -0.009172 4294902015 212
1.6073689 -3.8724339 -0.009021 4294902015 212
1.585467 -3.886853 -0.009075 4294902015 212
1.5656821 -3.9067171 -0.0091939997 4294902015 212
1.544613 -3.9236929 -0.0092799999 4294902015 212
1.742353 -3.864526 -0.048599001 4294902015 212
1.708473 -3.8522961 -0.048098002 4294902015 212
1.6816061 -3.8553751 -0.047936998 4294902015 212
1.6567349 -3.862864 -0.047876999 4294902015 212
1.629117 -3.863745 -0.047676001 4294902015 212
1.600402 -3.861661 -0.047414999 4294902015 212
1.578563 -3.8760381 -0.047516 4294902015 212
1.561065 -3.9014311 -0.047857001 4294902015 212
1.539292 -3.9165189 -0.047977 4294902015 212
1.7521091 -3.891906 -0.090025999 4294902015 212
1.707153 -3.855056 -0.088482998 4294902015 212
1.670298 -3.835216 -0.087503999 4294902015 212
1.647127 -3.8463111 -0.087534003 4294902015 212
1.621169 -3.8508179 -0.087356001 4294902015 212
1.593307 -3.850533 -0.087030001 4294902015 212
1.5692739 -3.8593099 -0.086999997 4294902015 212
1.554462 -3.891145 -0.087711997 4294902015 212
1.537858 -3.91922 -0.088304996 4294902015 212
1.738233 -3.870414 -0.127683 4294902015 212
1.7067831 -3.8636379 -0.126947 4294902015 212
1.670707 -3.845624 -0.125747 4294902015 212
1.639232 -3.8374231 -0.124972 4294902015 212
1.612949 -3.84096 -0.124701 4294902015 212
1.586683 -3.8443179 -0.12443 4294902015 212
1.564567 -3.8576851 -0.124584 4294902015 212
1.551218 -3.8932071 -0.125669 4294902015 212
1.541495 -3.9389451 -0.12718 4294902015 212
1.727039 -3.890182 -0.163056 4294902015 212
1.697538 -3.8878911 -0.16239899 4294902015 212
1.659063 -3.864275 -0.160662 4294902015 212
1.627937 -3.856899 -0.159771 4294902015 212
1.601943 -3.861279 -0.15948901 4294902015 212
1.580484 -3.876585 -0.159771 4294902015 212
1.563357 -3.9029 -0.160615 4294902015 212
1.542673 -3.920784 -0.161038 4294902015 212
1.522549 -3.940424 -0.16155399 4294902015 212
1.7131079 -3.864572 -0.201491 4294902015 212
1.680185 -3.853961 -0.200195 4294902015 212
1.650211 -3.8495159 -0.199294 4294902015 212
1.627723 -3.862329 -0.19946299 4294902015 212
1.595968 -3.852874 -0.19827899 4294902015 212
1.581333 -3.8847871 -0.199632 4294902015 212
1.565624 -3.9148109 -0.20087101 4294902015 212
1.54413 -3.9308479 -0.20126601 4294902015 212
1.512434 -3.9206879 -0.200082 4294902015 212
1.709327 -3.863625 -0.240438 4294902015 212
1.678822 -3.858485 -0.23932301 4294902015 212
1.6484441 -3.853117 -0.238208 4294902015 212
1.618968 -3.8493619 -0.237224 4294902015 212
1.595319 -3.8592229 -0.237224 4294902015 212
1.579869 -3.8892779 -0.238667 4294902015 212
1.5611531 -3.9118741 -0.239585 4294902015 212
1.544767 -3.9408889 -0.240962 4294902015 212
1.5219899 -3.9540191 -0.241225 4294902015 212
3.513061 2.5653441 0.025590001 4278255615 234
3.4970939 2.520941 0.025684999 4278255615 234
3.517386 2.502913 0.025669999 4278255615 234
3.5048499 2.4617469 0.025753001 4278255615 234
3.5092039 2.432791 0.025784999 4278255615 234
3.530669 2.415729 0.025766 4278255615 234
3.557858 2.402411 0.025729001 4278255615 234
3.5950041 2.395503 0.025663 4278255615 234
3.631362 2.3876801 0.025598999 4278255615 234
3.5302551 2.5888481 -0.011023 4278255615 234
3.520968 2.5489559 -0.010687 4278255615 234
3.521086 2.5162539 -0.010482 4278255615 234
3.51195 2.4773049 -0.010157 4278255615 234
3.510674 2.444279 -0.0099400003 4278255615 234
3.544558 2.4357209 -0.010189 4278255615 234
3.5594361 2.4139259 -0.010189 4278255615 234
3.58249 2.397604 -0.010298 4278255615 234
3.6146541 2.387152 -0.010525 4278255615 234
3.6434741 2.374212 -0.010709 4278255615 234
3.5295601 2.5853169 -0.051329002 4278255615 234
3.525913 2.5495501 -0.050847001 4278255615 234
3.5252161 2.5162489 -0.050446 4278255615 234
3.5340509 2.489964 -0.050285 4278255615 234
3.52546 2.4516771 -0.049702998 4278255615 234
3.5330181 2.424907 -0.049523 4278255615 234
3.5503139 2.404866 -0.049582999 4278255615 234
3.5783019 2.391927 -0.049904 4278255615 234
3.608767 2.3803861 -0.050285 4278255615 234
3.6316841 2.3636529 -0.050485998 4278255615 234
3.496269 2.557946 -0.091925003 4278255615 234
3.5127089 2.53703 -0.091954 4278255615 234
3.499722 2.495122 -0.090916 4278255615 234
3.5059741 2.467274 -0.09059 4278255615 234
3.5153 2.4417241 -0.090382002 4278255615 234
3.534338 2.4229341 -0.090530001 4278255615 234
3.5582459 2.4073629 -0.090856999 4278255615 234
3.5820949 2.3915889 -0.091182999 4278255615 234
3.593363 2.3673649 -0.091063999 4278255615 234
3.5734601 2.322938 -0.089847997 4278255615 234
3.5015459 2.5569401 -0.131286 4278255615 234
3.503387 2.525476 -0.13062701 4278255615 234
3.4968319 2.4882939 -0.129581 4278255615 234
3.5014031 2.459326 -0.129078 4278255615 234
3.5131409 2.435519 -0.128923 4278255615 234
3.528019 2.4139171 -0.128923 4278255615 234
3.549391 2.3966961 -0.129233 4278255615 234
3.5839889 2.3881669 -0.130163 4278255615 234
3.5960701 2.364485 -0.130046 4278255615 234
3.6130259 2.3440061 -0.130163 4278255615 234
3.500736 2.5333681 -0.166107 4278255615 234
3.5186529 2.5135829 -0.166247 4278255615 234
3.524215 2.4850359 -0.165684 4278255615 234
3.52792 2.455374 -0.16502699 4278255615 234
3.534687 2.4280241 -0.16455799 4278255615 234
3.555305 2.4102139 -0.164886 4278255615 234
3.5758381 2.3922429 -0.165215 4278255615 234
3.6087861 2.3823681 -0.166247 4278255615 234
3.6367271 2.368906 -0.166998 4278255615 234
3.4936831 2.558094 -0.207295 4278255615 234
3.499604 2.5295889 -0.206618 4278255615 234
3.504494 2.5005291 -0.20588601 4278255615 234
3.5132411 2.4743791 -0.20543499 4278255615 234
3.5234389 2.4493561 -0.205097 4278255615 234
3.5342851 2.424866 -0.204815 4278255615 234
3.5524039 2.4053741 -0.20504101 4278255615 234
3.584528 2.3951809 -0.20622399 4278255615 234
3.612494 2.3819361 -0.20712601 4278255615 234
3.632062 2.362993 -0.20746399 4278255615 234
3.5346529 2.5841241 -0.25053701 4278255615 234
3.5059381 2.530272 -0.24693 4278255615 234
3.4856369 2.4832399 -0.24404401 4278255615 234
3.5097871 2.4681189 -0.244766 4278255615 234
3.5215859 2.4442611 -0.244504 4278255615 234
3.5414569 2.4259901 -0.24489699 4278255615 234
3.5562761 2.4042139 -0.24489699 4278255615 234
3.5809219 2.388993 -0.245684 4278255615 234
3.620518 2.383435 -0.247651 4278255615 234
3.656832 2.3753059 -0.249356 4278255615 234
0.193997 4.383719 0.025497001 4294967295 309
0.21942601 4.3534842 0.025567999 4294967295 309
0.24250799 4.2881579 0.025723999 4294967295 309
0.26831299 4.278605 0.025744 4294967295 309
0.29187301 4.2379708 0.025838999 4294967295 309
0.31779599 4.2351041 0.025841 4294967295 309
0.34093601 4.1981888 0.025927 4294967295 309
0.36555499 4.1830678 0.025959 4294967295 309
0.394483 4.2155929 0.025873 4294967295 309
0.42352501 4.244935 0.025795 4294967295 309
0.451042 4.2561769 0.025761001 4294967295 309
0.482063 4.2970538 0.025653001 4294967295 309
0.509009 4.2989812 0.025641 4294967295 309
0.541942 4.3483691 0.025511 4294967295 309
0.53729498 4.1060061 0.0261 4294967295 309
0.572577 3.994179 0.026358999 4294967295 309
0.21250001 4.3926282 -0.011239 4294967295 309
0.23537999 4.3163562 -0.010427 4294967295 309
0.26065299 4.294868 -0.010211 4294967295 309
0.28686699 4.291193 -0.010189 4294967295 309
0.311086 4.2604299 -0.0098759998 4294967295 309
0.33556899 4.2375069 -0.0096479999 4294967295 309
0.361139 4.2303872 -0.0095939999 4294967295 309
0.38618001 4.218133 -0.0094860001 4294967295 309
0.41331601 4.228622 -0.0096270004 4294967295 309
0.44080201 4.2409258 -0.0097890003 4294967295 309
0.46976599 4.2649779 -0.010081 4294967295 309
0.50100398 4.3057189 -0.010557 4294967295 309
0.534702 4.3621159 -0.011207 4294967295 309
0.55801302 4.331975 -0.010914 4294967295 309
0.546763 4.0480251 -0.0078520002 4294967295 309
0.60948902 3.9611721 -0.0070190001 4294967295 309
0.18655699 4.3601308 -0.051107999 4294967295 309
0.212623 4.344923 -0.050827 4294967295 309
0.23774099 4.3155851 -0.050264999 4294967295 309
0.26336199 4.3000741 -0.049984001 4294967295 309
0.28786099 4.2704458 -0.049422 4294967295 309
0.31273901 4.2506509 -0.049061 4294967295 309
0.33675 4.2227402 -0.048539001 4294967295 309
0.361799 4.2106328 -0.048338 4294967295 309
0.389002 4.223268 -0.048638999 4294967295 309
0.41647199 4.236721 -0.048960999 4294967295 309
0.44266799 4.2360749 -0.049001001 4294967295 309
0.47425899 4.2839589 -0.050023999 4294967295 309
0.50552601 4.323669 -0.050887 4294967295 309
0.53961802 4.38201 -0.052131999 4294967295 309
0.555076 4.0926981 -0.046411999 4294967295 309
0.610946 3.9562991 -0.043862998 4294967295 309
0.18859001 4.3509932 -0.092606999 4294967295 309
0.214542 4.3347788 -0.092161998 4294967295 309
0.23957901 4.3054361 -0.091330998 4294967295 309
0.266054 4.304883 -0.091361001 4294967295 309
0.291513 4.2892079 -0.090945996 4294967295 309
0.31442299 4.2414851 -0.089580998 4294967295 309
0.33803999 4.2095852 -0.088691004 4294967295 309
0.35929599 4.1546521 -0.087118998 4294967295 309
0.38930401 4.201138 -0.088572003 4294967295 309
0.41901001 4.2384591 -0.089759 4294967295 309
0.44553199 4.240778 -0.089906998 4294967295 309
0.47563601 4.2747221 -0.091004997 4294967295 309
0.50792497 4.3233442 -0.092547998 4294967295 309
0.53726703 4.3429618 -0.093230002 4294967295 309
0.55435503 4.0706129 -0.085279003 4294967295 309
0.19274101 4.355474 -0.13221601 4294967295 309
0.217746 4.3202782 -0.130899 4294967295 309
0.24300499 4.2969131 -0.130046 4294967295 309
0.268801 4.286365 -0.12969799 4294967295 309
0.29358199 4.2627039 -0.12884501 4294967295 309
0.317332 4.2289362 -0.127606 4294967295 309
0.34084201 4.197031 -0.126444 4294967295 309
0.360921 4.130157 -0.123926 4294967295 309
0.39399999 4.2104402 -0.127141 4294967295 309
0.42310801 4.2407551 -0.128419 4294967295 309
0.44985899 4.2450352 -0.128691 4294967295 309
0.479022 4.269999 -0.129775 4294967295 309
0.51133299 4.3185778 -0.131789 4294967295 309
0.53707898 4.3094101 -0.131557 4294967295 309
0.55566698 4.0530248 -0.121795 4294967295 309
0.211069 4.347084 -0.16756099 4294967295 309
0.236053 4.3147869 -0.166107 4294967295 309
0.26179701 4.3012929 -0.165543 4294967295 309
0.28632 4.271698 -0.16422901 4294967295 309
0.31063399 4.243959 -0.163009 4294967295 309
0.33509201 4.2220569 -0.16207001 4294967295 309
0.358529 4.1910591 -0.16070899 4294967295 309
0.38232601 4.1678901 -0.159724 4294967295 309
0.41556701 4.2440052 -0.163431 4294967295 309
0.442013 4.2453489 -0.163619 4294967295 309
0.4686 4.2475209 -0.163854 4294967295 309
0.50054097 4.2951689 -0.166247 4294967295 309
0.529073 4.309864 -0.167092 4294967295 309
0.18825801 4.3819571 -0.21044999 4294967295 309
0.214017 4.3577828 -0.20915399 4294967295 309
0.23904601 4.3254838 -0.207407 4294967295 309
0.26478699 4.3109808 -0.20667499 4294967295 309
0.28921601 4.2793908 -0.20498399 4294967295 309
0.31290099 4.2426858 -0.203012 4294967295 309
0.336146 4.205853 -0.20104 4294967295 309
0.36066201 4.1887898 -0.200195 4294967295 309
0.38699901 4.1934571 -0.20059 4294967295 309
0.41555801 4.2198191 -0.202224 4294967295 309
0.44507799 4.2519441 -0.20419601 4294967295 309
0.47357899 4.2709651 -0.20543499 4294967295 309
0.50348997 4.2997112 -0.207238 4294967295 309
0.52729797 4.275732 -0.206055 4294967295 309
0.57503301 4.047832 -0.19365899 4294967295 309
0.59649199 4.021512 -0.19236299 4294967295 309
0.191576 4.3843179 -0.251192 4294967295 309
0.21732999 4.3601379 -0.24968401 4294967295 309
0.24067201 4.2979488 -0.245684 4294967295 309
0.266296 4.284441 -0.24489699 4294967295 309
0.28992501 4.2439008 -0.242339 4294967295 309
0.31492099 4.2281108 -0.241421 4294967295 309
0.34077799 4.2251039 -0.241356 4294967295 309
0.364104 4.19311 -0.239388 4294967295 309
0.38899401 4.1818562 -0.23879801 4294967295 309
0.42026499 4.2359891 -0.24253599 4294967295 309
0.44844601 4.2541699 -0.24391299 4294967295 309
0.47620201 4.2662129 -0.24489699 4294967295 309
0.50377297 4.2751031 -0.245684 4294967295 309
0.52888799 4.2630191 -0.245094 4294967295 309
0.57635999 4.0362301 -0.23073199 4294967295 309
-3.8857 1.422838 0.026108 4278190080 281
-3.8881381 1.450851 0.026078001 4278190080 281
-3.8754239 1.473259 0.026087999 4278190080 281
-3.868176 1.497733 0.026083 4278190080 281
-3.856123 1.5203381 0.02609 4278190080 281
-3.8615689 1.549933 0.026051 4278190080 281
-3.8630941 1.5781389 0.026022 4278190080 281
-3.8708811 1.609109 0.025976 4278190080 281
-3.862777 1.63361 0.025970999 4278190080 281
-3.9188139 1.685745 0.025795 4278190080 281
-3.8579979 1.430831 -0.0081770001 4278190080 281
-3.8613069 1.459069 -0.0083170002 4278190080 281
-3.8821471 1.494221 -0.0086639998 4278190080 281
-3.882216 1.521661 -0.0087719997 4278190080 281
-3.8728061 1.545453 -0.0087719997 4278190080 281
-3.874368 1.5737 -0.0089020003 4278190080 281
-3.898834 1.61157 -0.0093019996 4278190080 281
-3.9128399 1.6455359 -0.0095830001 4278190080 281
-3.8502619 1.647107 -0.0089670001 4278190080 281
-3.947552 1.466501 -0.048037 4278190080 281
-3.9375451 1.4903409 -0.048016999 4278190080 281
-3.912467 1.50836 -0.047676001 4278190080 281
-3.9031379 1.532338 -0.047676001 4278190080 281
-3.884378 1.552549 -0.047474999 4278190080 281
-3.890523 1.582757 -0.047816999 4278190080 281
-3.893671 1.611953 -0.048098002 4278190080 281
-3.85975 1.625725 -0.047575999 4278190080 281
-3.7743411 1.617095 -0.045929998 4278190080 281
-4.0325098 1.416656 -0.090204 4278190080 281
-4.006804 1.435303 -0.089670002 4278190080 281
-3.9969821 1.459519 -0.089639999 4278190080 281
-3.9776471 1.480181 -0.089313999 4278190080 281
-3.9497981 1.497471 -0.088721 4278190080 281
-3.925616 1.515916 -0.088246003 4278190080 281
-3.895777 1.531926 -0.087592997 4278190080 281
-3.8798079 1.5532 -0.087385997 4278190080 281
-3.851692 1.569432 -0.086792 4278190080 281
-3.851223 1.5968651 -0.087089002 4278190080 281
-3.8487189 1.623575 -0.087325998 4278190080 281
-3.825825 1.6416399 -0.086911 4278190080 281
-3.83217 1.672281 -0.087444998 4278190080 281
-3.810874 1.6908979 -0.087089002 4278190080 281
-3.9799161 1.347537 -0.126095 4278190080 281
-3.980072 1.3748699 -0.126444 4278190080 281
-3.977216 1.4012589 -0.12667599 4278190080 281
-3.964782 1.424284 -0.12652101 4278190080 281
-3.9681649 1.453054 -0.12702499 4278190080 281
-3.9498129 1.4738801 -0.126638 4278190080 281
-3.9024031 1.483521 -0.125049 4278190080 281
-3.900681 1.510326 -0.125359 4278190080 281
-3.860666 1.522131 -0.124081 4278190080 281
-3.8549621 1.54728 -0.124236 4278190080 281
-3.8370709 1.567502 -0.123887 4278190080 281
-3.8246131 1.589865 -0.123771 4278190080 281
-3.796381 1.605514 -0.122996 4278190080 281
-3.773608 1.623248 -0.122454 4278190080 281
-3.7590001 1.6443681 -0.12226 4278190080 281
-3.759795 1.672277 -0.122725 4278190080 281
-3.727613 1.685431 -0.121795 4278190080 281
-3.9961181 1.3448761 -0.16117901 4278190080 281
-3.984956 1.368398 -0.161038 4278190080 281
-3.971771 1.391173 -0.16080301 4278190080 281
-3.956574 1.413167 -0.160475 4278190080 281
-3.9318709 1.4316109 -0.159677 4278190080 281
-3.922076 1.455362 -0.15963 4278190080 281
-3.908401 1.477635 -0.15939499 4278190080 281
-3.892735 1.499077 -0.159067 4278190080 281
-3.8732331 1.518925 -0.15854999 4278190080 281
-3.8452849 1.5352581 -0.157612 4278190080 281
-3.822835 1.553561 -0.156955 4278190080 281
-3.803076 1.572791 -0.15643799 4278190080 281
-3.7979579 1.598033 -0.156673 4278190080 281
-3.7715499 1.614235 -0.155828 4278190080 281
-3.758826 1.636151 -0.155688 4278190080 281
-3.751457 1.6603971 -0.155828 4278190080 281
-3.7311771 1.678877 -0.155312 4278190080 281
-3.7171719 1.700079 -0.15512399 4278190080 281
-3.9712501 1.311868 -0.198956 4278190080 281
-3.985832 1.343865 -0.200308 4278190080 281
-3.989785 1.372517 -0.20104 4278190080 281
-3.9699831 1.393007 -0.20036399 4278190080 281
-3.9435 1.4109499 -0.199294 4278190080 281
-3.9244499 1.431358 -0.19867399 4278190080 281
-3.91185 1.45402 -0.198449 4278190080 281
-3.8860469 1.471632 -0.19743399 4278190080 281
-3.863903 1.490419 -0.19664501 4278190080 281
-3.845392 1.51045 -0.196082 4278190080 281
-3.8323431 1.532534 -0.195857 4278190080 281
-3.823792 1.556396 -0.195913 4278190080 281
-3.807714 1.577155 -0.195519 4278190080 281
-3.7823229 1.593899 -0.194561 4278190080 281
-3.733012 1.600165 -0.192138 4278190080 281
-3.726784 1.6246361 -0.19236299 4278190080 281
-3.7249601 1.651114 -0.19287001 4278190080 281
-3.7165799 1.674759 -0.192983 4278190080 281
-3.7044179 1.6967 -0.19287001 4278190080 281
-3.9342711 1.2760839 -0.23460101 4278190080 281
-3.967098 1.313691 -0.23742101 4278190080 281
-3.9665251 1.340565 -0.237946 4278190080 281
-3.9657719 1.367481 -0.23847 4278190080 281
-3.96013 1.392782 -0.238667 4278190080 281
-3.9355421 1.411327 -0.237552 4278190080 281
-3.9080651 1.4285949 -0.236241 4278190080 281
-3.89081 1.449412 -0.235651 4278190080 281
-3.881844 1.473259 -0.235651 4278190080 281
-3.8634241 1.493451 -0.23499499 4278190080 281
-3.8374751 1.510548 -0.233814 4278190080 281
-3.816093 1.52924 -0.232962 4278190080 281
-3.797399 1.548857 -0.232306 4278190080 281
-3.77953 1.5686851 -0.23171601 4278190080 281
-3.7459331 1.581753 -0.230011 4278190080 281
-3.7196541 1.597618 -0.22883099 4278190080 281
-3.7015519 1.616816 -0.22824 4278190080 281
-3.7015929 1.643954 -0.228962 4278190080 281
-3.6796141 1.661297 -0.228109 4278190080 281
-3.175472 -3.3267491 0.024981 4294901760 239
-3.1631589 -3.2734101 0.025095999 4294901760 239
-3.167098 -3.2375009 0.025152 4294901760 239
-3.187607 -3.2187181 0.025149999 4294901760 239
-3.1867609 -3.178623 0.025220999 4294901760 239
-3.1905301 -3.1435721 0.025273999 4294901760 239
-3.244163 -3.157407 0.025157001 4294901760 239
-3.268523 -3.142292 0.025140001 4294901760 239
-3.329807 -3.1621101 0.024998 4294901760 239
-3.1416399 -3.304764 -0.012992 4294901760 239
-3.1556201 -3.278939 -0.012895 4294901760 239
-3.1645169 -3.248054 -0.012721 4294901760 239
-3.170346 -3.214334 -0.012505 4294901760 239
-3.1787069 -3.183497 -0.012332 4294901760 239
-3.203156 -3.1688571 -0.012408 4294901760 239
-3.246135 -3.17221 -0.012765 4294901760 239
-3.275609 -3.161957 -0.012916 4294901760 239
-3.3166549 -3.162504 -0.013241 4294901760 239
-3.3956749 -3.198324 -0.014128 4294901760 239
-3.140965 -3.3003359 -0.054961 4294901760 239
-3.1445091 -3.263721 -0.054480001 4294901760 239
-3.163079 -3.242933 -0.054439999 4294901760 239
-3.1695721 -3.2099459 -0.054058 4294901760 239
-3.204757 -3.2059951 -0.054499999 4294901760 239
-3.2193911 -3.1813509 -0.054359 4294901760 239
-3.2460051 -3.1685209 -0.054559998 4294901760 239
-3.279779 -3.162425 -0.054961 4294901760 239
-3.299845 -3.142931 -0.054981999 4294901760 239
-3.175164 -3.332515 -0.099964 4294901760 239
-3.140034 -3.255419 -0.097590998 4294901760 239
-3.15995 -3.2360899 -0.097590998 4294901760 239
-3.155853 -3.1924729 -0.096582003 4294901760 239
-3.1824529 -3.180114 -0.096878998 4294901760 239
-3.2218261 -3.180187 -0.097709998 4294901760 239
-3.247004 -3.16594 -0.097947001 4294901760 239
-3.2750089 -3.1542771 -0.098302998 4294901760 239
-3.2696781 -3.1106989 -0.097294003 4294901760 239
-3.130007 -3.3196731 -0.14007901 4294901760 239
-3.155838 -3.3061869 -0.140389 4294901760 239
-3.1566191 -3.266644 -0.139304 4294901760 239
-3.1703129 -3.240787 -0.138956 4294901760 239
-3.1824019 -3.213464 -0.13853 4294901760 239
-3.196399 -3.1882329 -0.13822 4294901760 239
-3.218749 -3.171365 -0.138375 4294901760 239
-3.2481749 -3.16131 -0.138917 4294901760 239
-3.2747159 -3.1482439 -0.139304 4294901760 239
-3.292522 -3.1267159 -0.139227 4294901760 239
-3.1540711 -3.3166809 -0.178121 4294901760 239
-3.153583 -3.2756729 -0.176713 4294901760 239
-3.1764109 -3.259124 -0.176901 4294901760 239
-3.188633 -3.2317491 -0.176385 4294901760 239
-3.200639 -3.2043481 -0.175868 4294901760 239
-3.2266309 -3.1909709 -0.176291 4294901760 239
-3.2325759 -3.1578479 -0.17539901 4294901760 239
-3.2756081 -3.1608479 -0.176948 4294901760 239
-3.3065071 -3.1517191 -0.177699 4294901760 239
-3.1551919 -3.3551109 -0.222846 4294901760 239
-3.146807 -3.305316 -0.220479 4294901760 239
-3.1601 -3.2787559 -0.219916 4294901760 239
-3.1592431 -3.237865 -0.218225 4294901760 239
-3.1769459 -3.2162881 -0.21805599 4294901760 239
-3.2022679 -3.2023821 -0.21850701 4294901760 239
-3.235352 -3.1960061 -0.219578 4294901760 239
-3.2620471 -3.1830671 -0.22014099 4294901760 239
-3.289423 -3.170614 -0.220761 4294901760 239
-3.300139 -3.142108 -0.220085 4294901760 239
-2.1543751 -4.468811 0.024096999 4278255360 248
-2.1623981 -4.4159942 0.024204001 4278255360 248
-2.180099 -4.383842 0.024255 4278255360 248
-2.2042511 -4.365026 0.02427 4278255360 248
-2.2232339 -4.3362932 0.024312001 4278255360 248
-2.2350211 -4.294188 0.024390001 4278255360 248
-2.261327 -4.2803931 0.024390001 4278255360 248
-2.302202 -4.2937551 0.024313999 4278255360 248
-2.3328071 -4.2874532 0.024292 4278255360 248
-2.3677731 -4.288815 0.024248 4278255360 248
-2.1601429 -4.5045638 -0.01771 4278255360 248
-2.169795 -4.4543648 -0.017266 4278255360 248
-2.1930959 -4.4329 -0.017169001 4278255360 248
-2.196471 -4.3720002 -0.016595 4278255360 248
-2.2305231 -4.3726931 -0.016767999 4278255360 248
-2.2499571 -4.3447161 -0.016595 4278255360 248
-2.271457 -4.3210921 -0.016476 4278255360 248
-2.3087499 -4.3273659 -0.016725 4278255360 248
-2.3447781 -4.3307071 -0.016942 4278255360 248
-2.3761201 -4.3250031 -0.01705 4278255360 248
-2.147691 -4.4720178 -0.063089997 4278255360 248
-2.1742129 -4.4569588 -0.063050002 4278255360 248
-2.1833241 -4.4068022 -0.062227 4278255360 248
-2.193249 -4.3593831 -0.061464 4278255360 248
-2.220866 -4.3476238 -0.061503999 4278255360 248
-2.251183 -4.3410149 -0.061664999 4278255360 248
-2.282433 -4.335968 -0.061866 4278255360 248
-2.3137059 -4.3306999 -0.062066 4278255360 248
-2.34357 -4.3225751 -0.062206998 4278255360 248
-2.371495 -4.3107419 -0.062267002 4278255360 248
-2.1527669 -4.4760232 -0.110763 4278255360 248
-2.163516 -4.4286022 -0.109635 4278255360 248
-2.179985 -4.393754 -0.108923 4278255360 248
-2.194309 -4.3553019 -0.108093 4278255360 248
-2.2200811 -4.3399758 -0.108033 4278255360 248
-2.2429831 -4.3191762 -0.107796 4278255360 248
-2.276901 -4.319479 -0.108271 4278255360 248
-2.307606 -4.3133588 -0.108538 4278255360 248
-2.3383219 -4.307024 -0.108805 4278255360 248
-2.1449449 -4.4492588 -0.15468299 4278255360 248
-2.1598959 -4.4108882 -0.153598 4278255360 248
-2.1771281 -4.3778701 -0.15274601 4278255360 248
-2.2057509 -4.3679972 -0.15290099 4278255360 248
-2.2201979 -4.3303738 -0.15185501 4278255360 248
-2.2490349 -4.3211012 -0.15204901 4278255360 248
-2.280175 -4.3160539 -0.152436 4278255360 248
-2.3127561 -4.3134298 -0.15294001 4278255360 248
-2.3558991 -4.329875 -0.154295 4278255360 248
-2.1539199 -4.489563 -0.197035 4278255360 248
-2.158242 -4.428668 -0.194547 4278255360 248
-2.183604 -4.4117599 -0.19436 4278255360 248
-2.2097361 -4.3964939 -0.19426601 4278255360 248
-2.2312241 -4.3721738 -0.193703 4278255360 248
-2.2497411 -4.3424349 -0.192858 4278255360 248
-2.2735541 -4.323245 -0.19257601 4278255360 248
-2.321197 -4.3488722 -0.19468801 4278255360 248
-2.3559229 -4.3494802 -0.19548599 4278255360 248
-2.150672 -4.4762168 -0.243186 4278255360 248
-2.1653991 -4.4369149 -0.241552 4278255360 248
-2.1885929 -4.415494 -0.241045 4278255360 248
-2.2048731 -4.380578 -0.239693 4278255360 248
-2.2303469 -4.3642988 -0.23952299 4278255360 248
-2.2561641 -4.3487601 -0.239411 4278255360 248
-2.283736 -4.3366008 -0.23952299 4278255360 248
-2.3230071 -4.346282 -0.241045 4278255360 248
-2.362483 -4.3556428 -0.242566 4278255360 248
-0.90123802 -4.5006609 0.025002999 4294967040 287
-0.92944402 -4.4979849 0.024995999 4294967040 287
-0.95431399 -4.4794831 0.025028 4294967040 287
-0.97813499 -4.4569392 0.025069 4294967040 287
-1.00414 -4.4450011 0.025084 4294967040 287
-1.026639 -4.4183021 0.025134999 4294967040 287
-1.0562871 -4.4226179 0.025108 4294967040 287
-1.083642 -4.4170251 0.025106 4294967040 287
-1.113168 -4.4199891 0.025080999 4294967040 287
-1.14878 -4.4459929 0.024998 4294967040 287
-1.1801389 -4.4543262 0.024959 4294967040 287
-0.89045697 -4.4943919 -0.01323 4294967040 287
-0.92162001 -4.5064778 -0.013425 4294967040 287
-0.95523298 -4.5291138 -0.013739 4294967040 287
-0.976852 -4.4948292 -0.013425 4294967040 287
-1.001577 -4.4760652 -0.013284 4294967040 287
-1.025212 -4.453269 -0.0131 4294967040 287
-1.0550489 -4.4575982 -0.013219 4294967040 287
-1.083089 -4.4539561 -0.013252 4294967040 287
-1.112576 -4.4559579 -0.013349 4294967040 287
-1.142872 -4.4606719 -0.013479 4294967040 287
-1.173776 -4.4671149 -0.01363 4294967040 287
-1.2035021 -4.4685192 -0.013728 4294967040 287
-0.89733398 -4.51578 -0.055925 4294967040 287
-0.92683202 -4.5190039 -0.056104999 4294967040 287
-0.95433599 -4.5122542 -0.056085002 4294967040 287
-0.978387 -4.489706 -0.055744 4294967040 287
-1.003291 -4.471911 -0.055503 4294967040 287
-1.026216 -4.446187 -0.055101998 4294967040 287
-1.053939 -4.441752 -0.055142 4294967040 287
-1.084488 -4.448801 -0.055422999 4294967040 287
-1.113221 -4.4478831 -0.055544 4294967040 287
-1.1409889 -4.4429049 -0.055583999 4294967040 287
-1.179938 -4.4802952 -0.056506999 4294967040 287
-0.89985698 -4.515172 -0.099993996 4294967040 287
-0.92996103 -4.5213151 -0.10035 4294967040 287
-0.95664901 -4.5106339 -0.100201 4294967040 287
-0.97641098 -4.4685488 -0.099104002 4294967040 287
-1.001178 -4.4507709 -0.098747998 4294967040 287
-1.027792 -4.4416232 -0.098659001 4294967040 287
-1.058959 -4.4517641 -0.099163003 4294967040 287
-1.087679 -4.4510078 -0.099340998 4294967040 287
-1.114969 -4.4442511 -0.099340998 4294967040 287
-1.145956 -4.4518461 -0.099785998 4294967040 287
-1.178099 -4.4630928 -0.10035 4294967040 287
-0.90409601 -4.5149212 -0.141706 4294967040 287
-0.93319899 -4.516139 -0.141977 4294967040 287
-0.95672399 -4.4907818 -0.141202 4294967040 287
-0.98040199 -4.4672589 -0.140505 4294967040 287
-1.004048 -4.444591 -0.139847 4294967040 287
-1.030169 -4.4334798 -0.139653 4294967040 287
-1.058282 -4.430963 -0.139808 4294967040 287
-1.0890239 -4.438942 -0.140389 4294967040 287
-1.118438 -4.440897 -0.140738 4294967040 287
-1.150919 -4.454267 -0.141551 4294967040 287
-1.178997 -4.4500189 -0.14166699 4294967040 287
-0.90021199 -4.5395031 -0.18051501 4294967040 287
-0.92904902 -4.5387869 -0.180749 4294967040 287
-0.95564401 -4.5271368 -0.18046799 4294967040 287
-0.98128301 -4.511426 -0.179998 4294967040 287
-1.003275 -4.4799762 -0.17877799 4294967040 287
-1.02716 -4.4581599 -0.178027 4294967040 287
-1.052655 -4.4439979 -0.177652 4294967040 287
-1.0860389 -4.4626908 -0.178872 4294967040 287
-1.1114661 -4.4481902 -0.178497 4294967040 287
-1.147415 -4.4751539 -0.18013901 4294967040 287
-1.178406 -4.481555 -0.180796 4294967040 287
-1.2066621 -4.4771342 -0.18093701 4294967040 287
-0.86749101 -4.5059299 -0.22188801 4294967040 287
-0.90427297 -4.5465469 -0.224536 4294967040 287
-0.93496299 -4.554605 -0.225325 4294967040 287
-0.959791 -4.534132 -0.22448 4294967040 287
-0.98185199 -4.5018191 -0.222958 4294967040 287
-1.005738 -4.4791479 -0.222 4294967040 287
-1.02871 -4.4534369 -0.220874 4294967040 287
-1.05348 -4.4363561 -0.220254 4294967040 287
-1.084702 -4.4462981 -0.221212 4294967040 287
-1.1153589 -4.4531169 -0.222 4294967040 287
-1.152849 -4.485837 -0.22431099 4294967040 287
-1.182641 -4.4873681 -0.22481801 4294967040 287
5.184926 -0.229609 0.023537001 4278190335 249
5.1544571 -0.25995299 0.023607999 4278190335 249
5.03795 -0.28505901 0.023889 4278190335 249
5.007163 -0.31414601 0.02396 4278190335 249
5.0081339 -0.34507 0.023952 4278190335 249
5.0148969 -0.376468 0.02393 4278190335 249
4.8879051 -0.397089 0.024235999 4278190335 249
5.1666851 -0.249795 -0.019625001 4278190335 249
5.1331038 -0.27975601 -0.019278999 4278190335 249
5.0145111 -0.30418301 -0.018013 4278190335 249
5.0045681 -0.33441401 -0.017926 4278190335 249
5.0173821 -0.36620399 -0.018089 4278190335 249
5.010056 -0.39658999 -0.018034 4278190335 249
5.1607862 -0.25249401 -0.067224003 4278190335 249
5.1122189 -0.28157401 -0.066280998 4278190335 249
5.0445318 -0.308907 -0.064956002 4278190335 249
5.0235882 -0.33857799 -0.064575002 4278190335 249
5.0134401 -0.36880901 -0.064414002 4278190335 249
4.9891558 -0.39781699 -0.063973002 4278190335 249
4.9666991 -0.42671201 -0.063570999 4278190335 249
4.9908681 -0.45965299 -0.064112999 4278190335 249
5.0058641 -0.49202701 -0.064475 4278190335 249
5.033576 -0.52595299 -0.065096997 4278190335 249
5.1524148 -0.255063 -0.116459 4278190335 249
5.0948639 -0.28355899 -0.114797 4278190335 249
5.0471358 -0.31197599 -0.113433 4278190335 249
5.0182009 -0.34110701 -0.112632 4278190335 249
4.9861088 -0.36967301 -0.111742 4278190335 249
5.0315709 -0.40410399 -0.113166 4278190335 249
5.0867562 -0.43996799 -0.114886 4278190335 249
5.0620642 -0.46914101 -0.114234 4278190335 249
5.1036868 -0.257384 -0.16130701 4278190335 249
5.0860491 -0.28778899 -0.160687 4278190335 249
5.0462909 -0.316607 -0.159215 4278190335 249
5.0352821 -0.34694499 -0.158866 4278190335 249
5.0290718 -0.377534 -0.158711 4278190335 249
5.0117221 -0.40716901 -0.15813001 4278190335 249
5.0222688 -0.50123799 -0.158866 4278190335 249
5.0111499 -0.531201 -0.158556 4278190335 249
5.0058098 -0.56171501 -0.15847901 4278190335 249
5.092772 -0.27845901 -0.202714 4278190335 249
4.999238 -0.304138 -0.198396 4278190335 249
5.0092378 -0.33560601 -0.19895899 4278190335 249
5.040957 -0.368808 -0.200555 4278190335 249
5.0415859 -0.39996901 -0.20069499 4278190335 249
5.061192 -0.27965501 -0.248989 4278190335 249
5.0195189 -0.30825901 -0.246736 4278190335 249
5.0215182 -0.33932099 -0.246961 4278190335 249
5.0073929 -0.36924601 -0.24628501 4278190335 249
5.0358849 -0.402428 -0.24803101 4278190335 249
-0.50867599 0.66844702 0.041646 4294902015 74
-0.50396502 0.67075598 0.041639999 4294902015 74
-0.499239 0.681732 0.041678999 4294902015 74
-0.48545501 0.68917 0.041666001 4294902015 74
-0.47604999 0.70295799 0.041706 4294902015 74
-0.47561499 0.71168703 0.041751999 4294902015 74
-0.471789 0.71542698 0.041758999 4294902015 74
-0.46793601 0.71914601 0.041765999 4294902015 74
-0.44228101 0.717641 0.041666001 4294902015 74
-0.42289299 0.71532899 0.041586999 4294902015 74
-0.515589 0.678312 0.034136999 4294902015 74
-0.50365901 0.67976397 0.034150999 4294902015 74
-0.49118701 0.68021399 0.034169 4294902015 74
-0.48452699 0.68864602 0.034161001 4294902015 74
-0.48256999 0.694893 0.034150999 4294902015 74
-0.460978 0.71892297 0.034132 4294902015 74
-0.44348001 0.72047001 0.034150999 4294902015 74
-0.52365398 0.67963499 0.027067 4294902015 74
-0.48611501 0.66406298 0.027445 4294902015 74
-0.46994799 0.70343399 0.027197 4294902015 74
-0.46182701 0.70998597 0.027186001 4294902015 74
-0.44761899 0.71667099 0.027207 4294902015 74
-0.44268799 0.71855301 0.027217999 4294902015 74
-0.43827 0.72125602 0.027217999 4294902015 74
-0.53184903 0.67305499 0.019277001 4294902015 74
-0.53140098 0.68103403 0.019157 4294902015 74
-0.47200501 0.67032802 0.02004 4294902015 74
-0.47130799 0.678137 0.019919001 4294902015 74
-0.46713799 0.68101603 0.019919001 4294902015 74
-0.45985699 0.68835902 0.019879 4294902015 74
-0.45355701 0.69730198 0.019799 4294902015 74
-0.44981 0.70091301 0.019779 4294902015 74
-0.440115 0.70468497 0.019819001 4294902015 74
-0.42831799 0.704907 0.01994 4294902015 74
-0.419635 0.71011001 0.01994 4294902015 74
-0.53832102 0.67275 0.011077 4294902015 74
-0.52142 0.66826999 0.011492 4294902015 74
-0.51196998 0.67302698 0.011551 4294902015 74
-0.50483102 0.672158 0.0117 4294902015 74
-0.47948 0.67213601 0.012145 4294902015 74
-0.47233599 0.67961103 0.012085 4294902015 74
-0.46702701 0.680848 0.012145 4294902015 74
-0.448544 0.68958998 0.012234 4294902015 74
-0.44268501 0.68980497 0.012323 4294902015 74
-0.421473 0.69362599 0.01256 4294902015 74
-0.53083903 0.68088597 0.0033239999 4294902015 74
-0.493177 0.66558599 0.0046799998 4294902015 74
-0.43748799 0.691302 -0.001516 4294902015 74
-0.427398 0.69406801 -0.001375 4294902015 74
-0.40996999 0.69408202 -0.00095199997 4294902015 74
-0.396936 0.69126898 -0.00053000002 4294902015 74
-0.51578599 0.661277 -0.010259 4294902015 74
-0.48582 0.663899 -0.0093569998 4294902015 74
-0.466043 0.66211802 -0.0086249998 4294902015 74
-0.45901299 0.66943401 -0.0087369997 4294902015 74
-0.45825499 0.67719799 -0.009075 4294902015 74
-0.44462401 0.68384397 -0.008963 4294902015 74
-0.52456599 0.67279798 -0.018851999 4294902015 74
-0.51981997 0.67521399 -0.018786 4294902015 74
-0.50902802 0.66965002 -0.018065 4294902015 74
-0.50131702 0.66797101 -0.017672 4294902015 74
-0.49423999 0.66702503 -0.017344 4294902015 74
-0.46653399 0.68064803 -0.017015999 4294902015 74
-0.459555 0.67936403 -0.016688 4294902015 74
-0.45447499 0.68995303 -0.017081 4294902015 74
-0.448603 0.69021899 -0.016884999 4294902015 74
-0.391615 0.67258602 -0.013934 4294902015 74
-0.489535 0.64427501 -0.030028 4294902015 74
-0.446614 0.67831999 -0.030277999 4294902015 74
-0.436102 0.68039602 -0.029944999 4294902015 74
-0.39594001 0.68041801 -0.028199 4294902015 74
-0.49274299 0.64846998 -0.037919 4294902015 74
-0.492342 0.656259 -0.038472999 4294902015 74
-0.48889899 0.66006798 -0.038566001 4294902015 74
-0.48601499 0.664662 -0.03875 4294902015 74
-0.47088501 0.66084802 -0.037641998 4294902015 74
-0.465581 0.67066503 -0.038104001 4294902015 74
-0.452851 0.66973102 -0.037365001 4294902015 74
-0.454263 0.68077701 -0.038288999 4294902015 74
-0.49989501 0.64955401 -0.046053998 4294902015 74
-0.49487001 0.65961999 -0.046562999 4294902015 74
-0.487912 0.66724902 -0.046767 4294902015 74
-0.48322701 0.669424 -0.046665002 4294902015 74
-0.477956 0.67075503 -0.046461001 4294902015 74
-0.474976 0.67530298 -0.046665002 4294902015 74
-0.468555 0.67493498 -0.046257999 4294902015 74
-0.43896401 0.67563999 -0.044629999 4294902015 74
-0.426388 0.67424798 -0.043816 4294902015 74
-0.493314 0.65728998 -0.053821001 4294902015 74
-0.49636099 0.66989398 -0.055151999 4294902015 74
-0.478762 0.671628 -0.054154001 4294902015 74
-0.47520301 0.67536598 -0.054265 4294902015 74
-0.46631899 0.68032598 -0.054154001 4294902015 74
-0.50250202 0.66179198 -0.069288 4294902015 74
-0.49545601 0.660896 -0.068646997 4294902015 74
-0.487894 0.66772699 -0.068774998 4294902015 74
-0.47624099 0.66025501 -0.067106999 4294902015 74
-0.453262 0.65342999 -0.064669997 4294902015 74
-0.43675399 0.65506297 -0.063643999 4294902015 74
-0.48517299 0.67186701 -0.08478 4294902015 74
-0.52111 0.65170598 -0.116229 4294902015 74
-0.51892698 0.65720803 -0.116778 4294902015 74
-0.50764 0.65106899 -0.114583 4294902015 74
-0.51801002 0.67288202 -0.118973 4294902015 74
-0.501463 0.66817099 -0.116412 4294902015 74
-0.491487 0.671893 -0.115864 4294902015 74
-0.48333201 0.669312 -0.114583 4294902015 74
-0.46830299 0.66553801 -0.112388 4294902015 74
-2.0337391 -5.1575098 0.022671999 4278255615 261
-2.06721 -5.1495738 0.02266 4278255615 261
-2.095742 -5.1293879 0.022678999 4278255615 261
-2.1175749 -5.093349 0.022740999 4278255615 261
-2.1519051 -5.0876269 0.022721 4278255615 261
-2.183872 -5.0761652 0.022716001 4278255615 261
-2.219388 -5.0727458 0.022689 4278255615 261
-2.2618561 -5.0846138 0.022621 4278255615 261
-2.03773 -5.1996608 -0.024083 4278255615 261
-2.065521 -5.1768441 -0.023964001 4278255615 261
-2.088973 -5.1436892 -0.023726 4278255615 261
-2.112859 -5.1122909 -0.02351 4278255615 261
-2.141088 -5.091856 -0.023422999 4278255615 261
-2.17347 -5.0813808 -0.023456 4278255615 261
-2.206203 -5.0716171 -0.023499001 4278255615 261
-2.2445581 -5.0744462 -0.023693999 4278255615 261
-2.020746 -5.1474481 -0.074510001 4278255615 261
-2.049324 -5.1275239 -0.074349001 4278255615 261
-2.0830071 -5.12041 -0.074469 4278255615 261
-2.1090331 -5.0946002 -0.074188001 4278255615 261
-2.1398649 -5.0806422 -0.074167997 4278255615 261
-2.174149 -5.074769 -0.074329004 4278255615 261
-2.2116351 -5.0759978 -0.074649997 4278255615 261
-2.245168 -5.0678172 -0.074771002 4278255615 261
-2.0269251 -5.154336 -0.12773199 4278255615 261
-2.061857 -5.1501541 -0.12799899 4278255615 261
-2.0802159 -5.1050091 -0.12695999 4278255615 261
-2.110352 -5.0893779 -0.126871 4278255615 261
-2.1368771 -5.0652819 -0.126515 4278255615 261
-2.177772 -5.0750389 -0.127257 4278255615 261
-2.2240651 -5.0963931 -0.12838399 4278255615 261
-2.263808 -5.1018372 -0.129007 4278255615 261
-2.028914 -5.145278 -0.177615 4278255615 261
-2.0570951 -5.1243868 -0.177266 4278255615 261
-2.0843401 -5.1014929 -0.17684001 4278255615 261
-2.11637 -5.0904531 -0.176918 4278255615 261
-2.1522379 -5.0884151 -0.17738201 4278255615 261
-2.184999 -5.078784 -0.17753699 4278255615 261
-2.2181239 -5.069859 -0.17773101 4278255615 261
-2.25366 -5.066195 -0.178157 4278255615 261
-2.0263021 -5.1678228 -0.22387999 4278255615 261
-2.0561221 -5.1506538 -0.223645 4278255615 261
-2.076787 -5.1111021 -0.222284 4278255615 261
-2.1119239 -5.1074948 -0.222754 4278255615 261
-2.151742 -5.114697 -0.223786 4278255615 261
-2.1709061 -5.072928 -0.222331 4278255615 261
-2.2051799 -5.0668402 -0.222707 4278255615 261
-2.257241 -5.1007161 -0.22514699 4278255615 261
5.9163942 -2.084913 0.020891 4294967295 497
5.8780818 -2.112042 0.020957001 4294967295 497
5.8462329 -2.1411891 0.021005999 4294967295 497
5.830174 -2.175971 0.021012999 4294967295 497
5.809236 -2.208859 0.021033 4294967295 497
5.7974381 -2.2451849 0.021028001 4294967295 497
5.7900639 -2.2832839 0.021011 4294967295 497
5.7926478 -2.3254759 0.020966999 4294967295 497
5.8532491 -2.391623 0.020769 4294967295 497
6.047132 -2.5142851 0.020215999 4294967295 497
6.0085678 -2.5416 0.020276999 4294967295 497
5.9129481 -2.5440259 0.02049 4294967295 497
5.8834848 -2.574244 0.020527 4294967295 497
5.8356032 -2.596066 0.020612 4294967295 497
6.178668 -1.951879 -0.033767998 4294967295 497
6.259675 -2.0622711 -0.034968998 4294967295 497
6.1260681 -2.1019499 -0.033735 4294967295 497
5.9761968 -2.0916209 -0.032166 4294967295 497
5.9274621 -2.115484 -0.031755 4294967295 497
5.870203 -2.135751 -0.031246999 4294967295 497
5.845737 -2.1675601 -0.031117 4294967295 497
5.8239069 -2.2002089 -0.031019 4294967295 497
5.807498 -2.2348249 -0.030987 4294967295 497
5.8104348 -2.2769821 -0.031182 4294967295 497
5.8455811 -2.3322229 -0.031755 4294967295 497
5.8672938 -2.3827159 -0.032177001 4294967295 497
6.027235 -2.4908299 -0.034221999 4294967295 497
6.001698 -2.523504 -0.034102999 4294967295 497
6.145658 -2.112787 -0.093956999 4294967295 497
6.0004902 -2.1041441 -0.091147996 4294967295 497
5.9281549 -2.119719 -0.089883 4294967295 497
5.8774629 -2.142359 -0.089079998 4294967295 497
5.8323412 -2.1665461 -0.088398002 4294967295 497
5.8123922 -2.199815 -0.088257998 4294967295 497
5.805315 -2.2379551 -0.088398002 4294967295 497
5.804503 -2.2786479 -0.088679001 4294967295 497
5.8451891 -2.3361101 -0.089863002 4294967295 497
5.9094648 -2.40395 -0.091568999 4294967295 497
6.0775142 -2.5158739 -0.095542997 4294967295 497
5.972661 -2.5587709 -0.093937002 4294967295 497
5.9586811 -2.596169 -0.093976997 4294967295 497
6.2054329 -2.052665 -0.15733901 4294967295 497
6.1794629 -2.086225 -0.156923 4294967295 497
5.9695039 -2.0972829 -0.15113799 4294967295 497
5.9028869 -2.114655 -0.14944699 4294967295 497
5.859756 -2.1398611 -0.148498 4294967295 497
5.8343382 -2.171243 -0.148112 4294967295 497
5.8059521 -2.2013299 -0.14763799 4294967295 497
5.8091192 -2.243396 -0.14817201 4294967295 497
5.8184991 -2.2881441 -0.148913 4294967295 497
5.840539 -2.3382931 -0.15007 4294967295 497
5.89643 -2.402756 -0.152325 4294967295 497
5.973907 -2.4771819 -0.155292 4294967295 497
5.9687262 -2.518065 -0.155618 4294967295 497
5.9448962 -2.5510931 -0.155351 4294967295 497
6.1528621 -2.0837519 -0.21503399 4294967295 497
5.9897971 -2.0695601 -0.208875 4294967295 497
5.9609652 -2.100626 -0.208217 4294967295 497
5.8868408 -2.115191 -0.205699 4294967295 497
5.8653078 -2.1481781 -0.20535 4294967295 497
5.8454642 -2.18168 -0.205079 4294967295 497
5.81142 -2.2096901 -0.204227 4294967295 497
5.809865 -2.25 -0.204731 4294967295 497
5.8024569 -2.288173 -0.20500199 4294967295 497
5.7966528 -2.3270841 -0.20535 4294967295 497
5.9728069 -2.4404931 -0.21333 4294967295 497
5.9973931 -2.493597 -0.214996 4294967295 497
5.924325 -2.0746379 -0.25799999 4294967295 497
5.9048991 -2.1085989 -0.257671 4294967295 497
5.868382 -2.1362519 -0.25649801 4294967295 497
5.8326859 -2.1638839 -0.255371 4294967295 497
5.8155608 -2.19822 -0.25518399 4294967295 497
5.8019638 -2.2338619 -0.25518399 4294967295 497
5.798378 -2.2734301 -0.25569999 4294967295 497
5.8130798 -2.320441 -0.257155 4294967295 497
5.8450069 -2.37486 -0.25950101 4294967295 497
6.3041782 -0.81932199 -0.15202799 4278190080 337
6.287147 -0.85636902 -0.15167201 4278190080 337
6.3513041 -0.944637 -0.153927 4278190080 337
6.3157549 -0.97899503 -0.153037 4278190080 337
6.2260761 -0.58302498 -0.205621 4278190080 337
6.2386689 -0.73905802 -0.206745 4278190080 337
6.0823088 -0.75838703 -0.200818 4278190080 337
6.0854669 -0.796731 -0.20112801 4278190080 337
6.0576949 -0.83092999 -0.20023701 4278190080 337
6.076221 -0.87149203 -0.201167 4278190080 337
6.0480299 -0.90535301 -0.200276 4278190080 337
6.3668842 -1.033165 -0.21325301 4278190080 337
6.2578402 -0.57360703 -0.25832799 4278190080 337
6.2432671 -0.61092502 -0.25781199 4278190080 337
6.2056198 -0.645711 -0.25621599 4278190080 337
6.1449461 -0.677544 -0.25354099 4278190080 337
6.1049538 -0.71108001 -0.25185099 4278190080 337
6.074697 -0.74536699 -0.250631 4278190080 337
6.2511969 -0.84498698 -0.25945401 4278190080 337
6.2162218 -0.87913501 -0.25804701 4278190080 337
1.269258 -7.112638 0.018564999 4294901760 389
1.227795 -7.1331048 0.018533001 4294901760 389
1.182696 -7.1326122 0.018552 4294901760 389
1.136548 -7.1249208 0.018588999 4294901760 389
1.092658 -7.1307721 0.018592 4294901760 389
1.049029 -7.1383319 0.018588999 4294901760 389
1.287674 -7.126194 -0.042013001 4294901760 389
1.241174 -7.1181998 -0.041839998 4294901760 389
1.193826 -7.1039882 -0.041602001 4294901760 389
1.148617 -7.1013079 -0.041494001 4294901760 389
1.10825 -7.1289721 -0.041721001 4294901760 389
1.0653729 -7.141571 -0.041786 4294901760 389
1.021108 -7.1450038 -0.041754 4294901760 389
1.285632 -7.1397109 -0.10913 4294901760 389
1.237348 -7.1218538 -0.108608 4294901760 389
1.1896631 -7.1056471 -0.108127 4294901760 389
1.146041 -7.112813 -0.108127 4294901760 389
1.102988 -7.123662 -0.108207 4294901760 389
1.060286 -7.137219 -0.108348 4294901760 389
1.0198539 -7.167346 -0.108829 4294901760 389
1.278156 -7.1230421 -0.17813499 4294901760 389
1.2293119 -7.101202 -0.17724501 4294901760 389
1.1865391 -7.1135421 -0.177393 4294901760 389
1.141919 -7.1147671 -0.177215 4294901760 389
1.098851 -7.1255908 -0.177334 4294901760 389
1.055986 -7.1381321 -0.177512 4294901760 389
1.013289 -7.1523938 -0.17774899 4294901760 389
1.268307 -7.1073098 -0.24308001 4294901760 389
1.222302 -7.101171 -0.24253701 4294901760 389
1.1774 -7.1006508 -0.242228 4294901760 389
1.132237 -7.0978742 -0.24184 4294901760 389
1.090932 -7.119503 -0.242421 4294901760 389
1.050856 -7.1507788 -0.24338999 4294901760 389
1.005847 -7.1491771 -0.24308001 4294901760 389
6.5890908 -1.235934 0.019838 4278255360 120
6.5764751 -1.275388 0.019850001 4278255360 120
6.5851941 -1.319057 0.019808 4278255360 120
6.55935 -1.355793 0.019851999 4278255360 120
6.5717101 -1.218014 -0.035975002 4278255360 120
6.5660758 -1.25869 -0.035997 4278255360 120
6.5621529 -1.299732 -0.036040001 4278255360 120
6.5491562 -1.338971 -0.035985999 4278255360 120
6.546423 -1.217404 -0.097168997 4278255360 120
6.5437388 -1.2584929 -0.097268999 4278255360 120
6.5349131 -1.298426 -0.097249001 4278255360 120
6.5170288 -1.336491 -0.097048 4278255360 120
6.5244708 -1.217381 -0.160335 4278255360 120
6.5139341 -1.2568229 -0.160246 4278255360 120
6.5100212 -1.29755 -0.160365 4278255360 120
6.5078111 -1.338679 -0.16054299 4278255360 120
6.6250372 -1.200647 -0.224215 4278255360 120
6.5311208 -1.225052 -0.220806 4278255360 120
6.5146518 -1.2633899 -0.220458 4278255360 120
6.4920812 -1.3003941 -0.219877 4278255360 120
6.4839802 -1.340204 -0.219877 4278255360 120
2.7903659 6.3772569 0.01921 4294967040 223
2.8204989 6.3399162 0.019262999 4294967040 223
2.8498659 6.3015351 0.01932 4294967040 223
2.881794 6.269393 0.019359 4294967040 223
2.9337549 6.2805839 0.019281 4294967040 223
2.981672 6.2823391 0.019227 4294967040 223
2.8049941 6.3419962 -0.038690999 4294967040 223
2.839756 6.3155451 -0.038582999 4294967040 223
2.876791 6.294363 -0.038539998 4294967040 223
2.9191489 6.2847562 -0.038637001 4294967040 223
2.9670429 6.286622 -0.038874999 4294967040 223
2.7718649 6.3619828 -0.102808 4294967040 223
2.811254 6.3457699 -0.102828 4294967040 223
2.8402851 6.3065219 -0.102347 4294967040 223
2.8722701 6.2744298 -0.102025 4294967040 223
2.9191489 6.2748179 -0.102427 4294967040 223
2.971267 6.2857141 -0.103069 4294967040 223
2.7862439 6.3844342 -0.170095 4294967040 223
2.806309 6.3242769 -0.16870099 4294967040 223
2.8364301 6.2878051 -0.16807801 4294967040 223
2.873708 6.2675571 -0.167989 4294967040 223
2.9197099 6.2661152 -0.168523 4294967040 223
2.9658029 6.2643428 -0.169057 4294967040 223
2.771847 6.3349481 -0.23126499 4294967040 223
2.8106661 6.317821 -0.23126499 4294967040 223
2.8456709 6.2922621 -0.23091599 4294967040 223
2.8829739 6.2719588 -0.2308 4294967040 223
2.9197121 6.2505298 -0.230645 4294967040 223
2.9648659 6.2469411 -0.23126499 4294967040 223
-9.5180988 -2.30827 0.012287 4278190335 344
-9.5204029 -2.2470701 0.012317 4278190335 344
-9.5281639 -2.187269 0.012331 4278190335 344
-9.5345736 -2.1272409 0.012348 4278190335 344
-9.5728569 -2.0742011 0.012285 4278190335 344
-9.6362925 -2.026119 0.012158 4278190335 344
-9.5537319 -2.2775061 -0.069931 4278190335 344
-9.5383043 -2.2120631 -0.069606997 4278190335 344
-9.5370665 -2.1501949 -0.069444001 4278190335 344
-9.563755 -2.0946331 -0.069596 4278190335 344
-9.6360893 -2.0486009 -0.070256002 4278190335 344
-9.5391846 -2.2676971 -0.160329 4278190335 344
-9.5363598 -2.2052929 -0.159987 4278190335 344
-9.5614176 -2.149369 -0.160228 4278190335 344
-9.6017752 -2.096633 -0.16079 4278190335 344
-9.6291304 -2.0407879 -0.161091 4278190335 344
-9.5446692 -2.324605 -0.25491101 4278190335 344
-9.5529165 -2.2646129 -0.254733 4278190335 344
-9.5471535 -2.2014639 -0.25413999 4278190335 344
-9.5780373 -2.1467769 -0.25467399 4278190335 344
-9.5998192 -2.08988 -0.25494099 4278190335 344
-9.6300659 -2.034656 -0.25547501 4278190335 344
-5.6533952 -8.0037117 0.012275 4294902015 317
-5.7594352 -8.048564 0.012036 4294902015 317
-5.7558832 -7.9402099 0.012256 4294902015 317
-5.8027191 -7.9023252 0.012263 4294902015 317
-5.8707948 -7.8930478 0.012182 4294902015 317
-5.9359651 -7.87924 0.012114 4294902015 317
-5.7236862 -8.0365515 -0.070418 4294902015 317
-5.7535849 -7.9745178 -0.070060998 4294902015 317
-5.7953281 -7.9293761 -0.069931 4294902015 317
-5.843277 -7.8928628 -0.069920003 4294902015 317
-5.9023938 -7.8712621 -0.070115 4294902015 317
-5.9826312 -7.8771052 -0.070689 4294902015 317
-5.729073 -8.0334082 -0.16157299 4294902015 317
-5.7683039 -7.9843259 -0.16123199 4294902015 317
-5.7876639 -7.9084411 -0.160228 4294902015 317
-5.8331041 -7.868763 -0.160128 4294902015 317
-5.923296 -7.8887911 -0.161533 4294902015 317
-5.9842982 -7.86901 -0.161954 4294902015 317
-5.7173681 -8.1111069 -0.25787801 4294902015 317
-5.735661 -8.0319481 -0.25627601 4294902015 317
-5.7707739 -7.9771671 -0.255564 4294902015 317
-5.8054318 -7.9222579 -0.254852 4294902015 317
-5.8765731 -7.916986 -0.255979 4294902015 317
-5.9316468 -7.8895669 -0.25630501 4294902015 317
-5.9799452 -7.8530231 -0.25630501 4294902015 317
-2.2948301 -8.4488888 0.014826 4278255615 361
-2.3447521 -8.4279051 0.014843 4278255615 361
-2.451077 -8.4090567 0.014816 4278255615 361
-2.5206349 -8.4542313 0.014662 4278255615 361
-2.5995879 -8.5275612 0.014435 4278255615 361
-2.3299301 -8.4470701 -0.058472 4278255615 361
-2.3784561 -8.4210672 -0.058341999 4278255615 361
-2.4311919 -8.4101572 -0.058385 4278255615 361
-2.48757 -8.4113827 -0.058568999 4278255615 361
-2.2822061 -8.4556618 -0.13931499 4278255615 361
-2.3327141 -8.4366808 -0.13921501 4278255615 361
-2.383347 -8.4183607 -0.139135 4278255615 361
-2.4394081 -8.4189434 -0.139456 4278255615 361
-2.498122 -8.4277821 -0.13995799 4278255615 361
-2.2934451 -8.4763393 -0.223969 4278255615 361
-2.3366001 -8.4303207 -0.22299001 4278255615 361
-2.386646 -8.4100561 -0.222812 4278255615 361
-2.44155 -8.4067717 -0.223168 4278255615 361
-2.4999199 -8.414628 -0.22387999 4278255615 361
6.576901 -5.689002 0.01497 4294967295 402
6.5574679 -5.8144011 0.014804 4294967295 402
6.61691 -5.940042 0.014491 4294967295 402
6.5677581 -5.9690962 0.014533 4294967295 402
6.5368948 -6.0146999 0.014513 4294967295 402
6.5305958 -6.0833268 0.014411 4294967295 402
6.6901331 -5.5499468 -0.057714 4294967295 402
6.6513591 -5.5870342 -0.05765 4294967295 402
6.6260929 -5.6355138 -0.057778999 4294967295 402
6.5891161 -5.674108 -0.057746999 4294967295 402
6.5571918 -5.7170591 -0.05779 4294967295 402
6.4237761 -5.670507 -0.056373 4294967295 402
6.6610212 -5.9530001 -0.060322002 4294967295 402
6.6354918 -6.0038209 -0.060485002 4294967295 402
6.5874672 -6.0342932 -0.060322002 4294967295 402
6.5503168 -6.0745988 -0.060322002 4294967295 402
6.5070891 -6.109201 -0.060236 4294967295 402
6.5549178 -5.7935052 -0.13911501 4294967295 402
6.687634 -5.9842839 -0.14365099 4294967295 402
6.6589398 -6.0325899 -0.14387099 4294967295 402
6.5886421 -6.0429249 -0.142968 4294967295 402
6.5558348 -6.0873199 -0.143089 4294967295 402
6.6612759 -5.8948979 -0.22735099 4294967295 402
6.6979361 -6.001029 -0.230258 4294967295 402
6.6476622 -6.0299249 -0.229724 4294967295 402
6.5869789 -6.048965 -0.22877499 4294967295 402
6.541687 -6.0817819 -0.228449 4294967295 402
6.4620318 -6.0820708 -0.22672801 4294967295 402
8.0054922 4.9855552 0.013174 4278190080 341
7.9728751 4.897614 0.013355 4278190080 341
7.9831042 4.8366852 0.013411 4278190080 341
8.0220737 4.793252 0.013385 4278190080 341
8.0280704 4.7302341 0.01345 4278190080 341
8.0699139 4.6884198 0.013414 4278190080 341
8.1262989 4.6547179 0.013336 4278190080 341
7.9734101 4.9224501 -0.065050997 4278190080 341
7.9983401 4.8703122 -0.064985998 4278190080 341
8.0169296 4.8144498 -0.064845003 4278190080 341
8.0058832 4.7412171 -0.064337 4278190080 341
8.0823135 4.7197418 -0.064932004 4278190080 341
8.1527147 4.6940141 -0.065451004 4278190080 341
8.0035133 5.0021472 -0.152963 4278190080 341
7.9761829 4.917264 -0.15159801 4278190080 341
7.988266 4.8573222 -0.151177 4278190080 341
8.0153465 4.806673 -0.151117 4278190080 341
8.0558767 4.7640181 -0.15137701 4278190080 341
8.1298676 4.7406878 -0.152421 4278190080 341
8.192606 4.7101512 -0.15320399 4278190080 341
8.0166035 5.0033441 -0.243816 4278190080 341
7.9756508 4.9100451 -0.24132399 4278190080 341
7.9885402 4.8506398 -0.24073 4278190080 341
8.0190096 4.8020449 -0.24076 4278190080 341
8.0577917 4.7583418 -0.24108601 4278190080 341
8.13521 4.7369761 -0.24274801 4278190080 341
8.1979303 4.706378 -0.24390499 4278190080 341
4.3321428 8.5770226 0.012739 4294901760 160
4.3819499 8.5449409 0.012754 4294901760 160
4.434299 8.5178928 0.012754 4294901760 160
4.4967599 8.5099735 0.0127 4294901760 160
4.311841 8.5844107 -0.067605004 4294901760 160
4.3685212 8.5658092 -0.067702003 4294901760 160
4.4164009 8.5299625 -0.067593999 4294901760 160
4.4728422 8.5106707 -0.067690998 4294901760 160
4.312109 8.5715227 -0.156114 4294901760 160
4.3541632 8.5244246 -0.155652 4294901760 160
4.4054651 8.4957724 -0.15561201 4294901760 160
4.4635649 8.4800835 -0.155873 4294901760 160
4.3133078 8.5605173 -0.24785 4294901760 160
4.3634772 8.5294409 -0.247702 4294901760 160
4.4184952 8.5078287 -0.24788 4294901760 160
4.4771409 8.4929361 -0.24829499 4294901760 160
1.3434629 8.9719687 0.014052 4278255360 206
1.39926 8.9684963 0.014039 4278255360 206
1.453943 8.9577665 0.014044 4278255360 206
1.511873 8.9664268 0.014 4278255360 206
1.569103 8.9697866 0.013968 4278255360 206
1.331318 9.027853 -0.062399998 4278255360 206
1.436318 8.9752893 -0.062010001 4278255360 206
1.491854 8.9692669 -0.062043 4278255360 206
1.5494111 8.9747248 -0.062205002 4278255360 206
1.595998 8.9178019 -0.061686002 4278255360 206
1.336177 9.0217505 -0.14658099 4278255360 206
1.439334 8.9582787 -0.14563701 4278255360 206
1.495756 8.9581537 -0.145818 4278255360 206
1.550864 8.9497929 -0.14583801 4278255360 206
1.334577 8.9722891 -0.232572 4278255360 206
1.386542 8.9441757 -0.231979 4278255360 206
1.4423521 8.9414206 -0.23215701 4278255360 206
1.498675 8.9412746 -0.23242401 4278255360 206
1.555566 8.9437265 -0.23277999 4278255360 206
-10.865422 -1.93849 0.0092500001 4294967040 200
-10.880069 -1.872293 0.0092430003 4294967040 200
-10.862742 -1.800759 0.0093139997 4294967040 200
-10.846924 -1.729822 0.0093799997 4294967040 200
-10.884078 -1.898277 -0.083208002 4294967040 200
-10.882701 -1.829302 -0.083067998 4294967040 200
-10.865095 -1.757859 -0.082754001 4294967040 200
-10.858879 -1.6885459 -0.082570001 4294967040 200
-10.899465 -1.893824 -0.18557701 4294967040 200
-10.908908 -1.82658 -0.185537 4294967040 200
-10.907078 -1.757542 -0.185276 4294967040 200
-10.261961 -4.0873032 0.0092280004 4278190335 198
-10.284053 -4.0231671 0.0092359995 4278190335 198
-10.274939 -3.947083 0.009323 4278190335 198
-10.332649 -3.896663 0.0092359995 4278190335 198
-10.292979 -4.1265931 -0.083651997 4278190335 198
-10.207393 -4.0197492 -0.082364 4278190335 198
-10.238393 -3.9595671 -0.082439996 4278190335 198
-10.317649 -3.9176171 -0.083077997 4278190335 198
-10.276472 -4.1123919 -0.185697 4278190335 198
-10.262432 -4.0338969 -0.184854 4278190335 198
-10.238489 -3.9521289 -0.18381 4278190335 198
-10.307422 -3.90624 -0.184774 4278190335 198
-7.7855482 -6.8650908 0.010856 4294902015 303
-7.74683 -6.7469239 0.011117 4294902015 303
-7.7668538 -6.681005 0.011185 4294902015 303
-7.8153238 -6.639698 0.011161 4294902015 303
-7.8635778 -6.5980449 0.011137 4294902015 303
-7.990159 -6.6211271 0.010863 4294902015 303
-7.7681112 -6.796185 -0.075342 4294902015 303
-7.7733512 -6.7170081 -0.074822001 4294902015 303
-7.817461 -6.671782 -0.074864998 4294902015 303
-7.7932682 -6.5689049 -0.073945999 4294902015 303
-7.9379368 -6.6079769 -0.075416997 4294902015 303
-8.0130901 -6.5877261 -0.075903997 4294902015 303
-7.7032571 -6.8146582 -0.169962 4294902015 303
-7.7358909 -6.7593689 -0.16972101 4294902015 303
-7.7757068 -6.7104688 -0.169681 4294902015 303
-7.8136921 -6.660038 -0.16960099 4294902015 303
-7.8811789 -6.6345048 -0.170303 4294902015 303
-7.9647908 -6.6218171 -0.171427 4294902015 303
-4.1890359 -9.2616978 0.011381 4278255615 143
-4.2599902 -9.2667112 0.011298 4278255615 143
-4.3349719 -9.2793541 0.011193 4278255615 143
-4.1733508 -9.2824106 -0.073783003 4278255615 143
-4.2360458 -9.2693605 -0.073935002 4278255615 143
-4.3071599 -9.2740316 -0.074303001 4278255615 143
-4.3452101 -9.2076378 -0.073826998 4278255615 143
-4.1753178 -9.2711353 -0.167614 4278255615 143
-4.2308779 -9.2426138 -0.16755401 4278255615 143
-4.301425 -9.2463951 -0.168216 4278255615 143
-4.374742 -9.2550802 -0.168999 4278255615 143
-3.4885769 -11.196074 0.0075639999 4294967295 396
-3.5411291 -11.123957 0.0076939999 4294967295 396
-3.6117909 -11.109627 0.0076740002 4294967295 396
-3.6827259 -11.095798 0.0076520001 4294967295 396
-3.764859 -11.114665 0.0075449999 4294967295 396
-3.5238631 -11.157073 -0.090264 4294967295 396
-3.5864229 -11.11716 -0.090057999 4294967295 396
-3.656446 -11.100643 -0.090122998 4294967295 396
-3.7397821 -11.123494 -0.090641998 4294967295 396
-3.528966 -11.148439 -0.198241 4294967295 396
-3.5914609 -11.108501 -0.197859 4294967295 396
-3.6661351 -11.106193 -0.19828101 4294967295 396
-3.745703 -11.117599 -0.199003 4294967295 396
9.3130131 -12.757313 -0.0023759999 4278190080 1733
9.2883444 -12.888858 -0.002601 4278190080 1733
9.2647285 -13.023836 -0.0028349999 4278190080 1733
9.2076254 -13.113175 -0.002933 4278190080 1733
9.11446 -13.151342 -0.002879 4278190080 1733
9.6314011 -12.475912 -0.134207 4278190080 1733
9.6001358 -12.594416 -0.13501801 4278190080 1733
9.5503387 -12.689835 -0.135516 4278190080 1733
9.4377031 -12.701644 -0.13488901 4278190080 1733
9.3448029 -12.739158 -0.134618 4278190080 1733
9.3104506 -12.856996 -0.13542999 4278190080 1733
9.2494125 -12.939098 -0.135765 4278190080 1733
9.1784954 -13.007863 -0.13592701 4278190080 1733
9.115653 -13.088552 -0.136252 4278190080 1733
9.051033 -13.16731 -0.136555 4278190080 1733
8.9543505 -13.19943 -0.136252 4278190080 1733
8.8481569 -13.216733 -0.135765 4278190080 1733
8.7246189 -13.38463 -0.136544 4278190080 1733
8.6201496 -13.403431 -0.13610099 4278190080 1733
