# .PCD v0.7 - Point Cloud Data file format
VERSION 0.7
FIELDS x y z rgba label
SIZE 4 4 4 4 4
TYPE F F F U U
COUNT 1 1 1 1 1
WIDTH 2159
HEIGHT 1
VIEWPOINT 0 0 0 1 0 0 0
POINTS 2159
DATA ascii
1.0126662 -0.018560156 -0.01820961 4278190080 1386
0.98354721 -0.054988828 -0.11694097 4278190080 1386
0.98749423 -0.055555284 -0.15417466 4278190080 1386
0.94486272 -0.053653196 -0.18344438 4278190080 1386
0.99960959 -0.021388831 -0.017975923 4278190080 1386
0.98634779 -0.058181472 -0.11729462 4278190080 1386
0.95575649 -0.056711778 -0.14924599 4278190080 1386
0.94763362 -0.056727733 -0.18401527 4278190080 1386
1.0195302 -0.024944602 -0.018335443 4278190080 1386
1.0114532 -0.027852181 -0.018191636 4278190080 1386
0.94236976 -0.062217858 -0.18306379 4278190080 1386
1.0193579 -0.03119985 -0.018335443 4278190080 1386
1.0130104 -0.031359509 -0.055243783 4278190080 1386
1.0262523 -0.034562625 -0.018461274 4278190080 1386
1.0149052 -0.034535147 -0.055352636 4278190080 1386
1.0171489 -0.037380483 -0.01829949 4278190080 1386
1.0127988 -0.037574634 -0.055243783 4278190080 1386
1.0126787 -0.040681679 -0.055243783 4278190080 1386
1.0095564 -0.04365892 -0.0550805 4278190080 1386
1.0257825 -0.044719368 -0.093442194 4278190080 1386
1.0094178 -0.046755988 -0.0550805 4278190080 1386
1.0246458 -0.047819789 -0.093351565 4278190080 1386
0.99080789 -0.046413898 -0.12706462 4278190080 1386
0.94804686 -0.044908274 -0.15695395 4278190080 1386
1.0234995 -0.050913651 -0.093260929 4278190080 1386
0.98471689 -0.049156714 -0.12630223 4278190080 1386
1.0094156 -0.053318046 -0.09199208 4278190080 1386
0.98951405 -0.052440017 -0.12693755 4278190080 1386
0.96253133 -0.05151546 -0.15940124 4278190080 1386
1.0042754 -0.056136727 -0.091538906 4278190080 1386
0.97647411 -0.054753654 -0.12528571 4278190080 1386
1.0173688 -0.022290666 -0.028069016 4278190080 1386
0.98422277 -0.058217727 -0.12630223 4278190080 1386
0.9484092 -0.056597658 -0.15711708 4278190080 1386
0.93708122 -0.056249917 -0.1909945 4278190080 1386
1.005304 -0.025112256 -0.027738145 4278190080 1386
0.98403955 -0.061237004 -0.12630223 4278190080 1386
1.0252067 -0.028756931 -0.028289597 4278190080 1386
0.93867397 -0.062128112 -0.19139323 4278190080 1386
1.0311085 -0.032088649 -0.028455036 4278190080 1386
1.0060294 -0.034397922 -0.027765719 4278190080 1386
1.0013552 -0.034588058 -0.06409096 4278190080 1386
1.0019233 -0.037335321 -0.027655426 4278190080 1386
1.0122142 -0.03807262 -0.064793155 4278190080 1386
1.0127909 -0.04085217 -0.027958727 4278190080 1386
1.0071068 -0.040975019 -0.064473972 4278190080 1386
1.0060863 -0.041109387 -0.10121459 4278190080 1386
1.0019914 -0.043846443 -0.064154796 4278190080 1386
1.0149018 -0.044588868 -0.10211471 4278190080 1386
0.99587095 -0.046640188 -0.063771784 4278190080 1386
1.0177418 -0.047842499 -0.10241476 4278190080 1386
0.98659891 -0.046723671 -0.1358256 4278190080 1386
1.0036778 -0.050267875 -0.10101455 4278190080 1386
0.99855095 -0.053082787 -0.10051448 4278190080 1386
0.98134732 -0.05251177 -0.13514444 4278190080 1386
0.94328392 -0.050475005 -0.16537465 4278190080 1386
0.96832335 -0.054794643 -0.13337339 4278190080 1386
0.94509149 -0.053480022 -0.16571954 4278190080 1386
1.0000621 -0.022773715 -0.036854945 4278190080 1386
0.99386251 -0.059299268 -0.13691548 4278190080 1386
0.94492298 -0.05637927 -0.16571954 4278190080 1386
1.0069804 -0.026022466 -0.037112668 4278190080 1386
1.0068958 -0.029111715 -0.037112668 4278190080 1386
0.9845832 -0.064810745 -0.13568938 4278190080 1386
1.0197864 -0.032615978 -0.037591305 4278190080 1386
1.0047792 -0.032136004 -0.0738241 4278190080 1386
1.0066983 -0.035289362 -0.037112668 4278190080 1386
1.0016857 -0.035113655 -0.07360439 4278190080 1386
1.0305516 -0.03929146 -0.037996307 4278190080 1386
1.0015733 -0.038186617 -0.07360439 4278190080 1386
1.0244353 -0.042206142 -0.037775397 4278190080 1386
1.0074303 -0.041505545 -0.074043818 4278190080 1386
1.0173126 -0.045039471 -0.037517671 4278190080 1386
1.0043092 -0.044463772 -0.0738241 4278190080 1386
0.99500489 -0.044225845 -0.10960613 4278190080 1386
0.99819094 -0.047261737 -0.07338468 4278190080 1386
0.9859286 -0.046853609 -0.10862164 4278190080 1386
0.979289 -0.046538085 -0.14459719 4278190080 1386
1.0010294 -0.050474588 -0.07360439 4278190080 1386
0.99769288 -0.050480932 -0.10993429 4278190080 1386
0.9840818 -0.049792241 -0.14532673 4278190080 1386
0.98562253 -0.05290227 -0.10862164 4278190080 1386
0.98194861 -0.052705079 -0.14503491 4278190080 1386
0.94849855 -0.050743662 -0.17587374 4278190080 1386
1.0003417 -0.056770671 -0.11026245 4278190080 1386
0.98474544 -0.055885568 -0.14547265 4278190080 1386
0.96876889 -0.057961125 -0.14313808 4278190080 1386
0.95307714 -0.056855354 -0.17678407 4278190080 1386
0.97451055 -0.061305672 -0.14401354 4278190080 1386
0.9528982 -0.059779089 -0.17678407 4278190080 1386
0.98221511 -0.064816274 -0.14518082 4278190080 1386
0.93310392 0.37580019 -0.11941653 4278190080 1386
0.92523503 0.3660492 -0.11811981 4278190080 1386
0.93190068 0.36538377 -0.11882711 4278190080 1386
0.91728187 0.35640907 -0.11682308 4278190080 1386
0.92756206 0.3600308 -0.15509878 4278190080 1386
0.91744429 0.35323641 -0.1167052 4278190080 1386
0.89903986 0.34298691 -0.11422963 4278190080 1386
0.88801241 0.33566263 -0.11269714 4278190080 1386
0.8964777 0.33572274 -0.11364022 4278190080 1386
0.88286614 0.32806641 -0.077103131 4278190080 1386
0.88106251 0.32432339 -0.076858357 4278190080 1386
0.87745196 0.32212514 -0.14570351 4278190080 1386
0.89048064 0.32469159 -0.077592671 4278190080 1386
0.87936467 0.31976929 -0.14585753 4278190080 1386
0.8887381 0.32132128 -0.04258351 4278190080 1386
0.88491082 0.3195883 -0.077021539 4278190080 1386
0.87904435 0.3169494 -0.11092889 4278190080 1386
0.87290472 0.31439143 -0.14462538 4278190080 1386
0.91239321 0.3645907 -0.053556528 4278190080 1386
0.87837958 0.31418657 -0.076368816 4278190080 1386
0.88094777 0.314585 -0.11104677 4278190080 1386
0.87107325 0.31071603 -0.14416331 4278190080 1386
0.89865369 0.35590705 -0.052685693 4278190080 1386
0.89548159 0.3542892 -0.087641709 4278190080 1386
0.87348288 0.30890104 -0.10998581 4278190080 1386
0.86922741 0.30705482 -0.14370124 4278190080 1386
0.90903622 0.35679659 -0.053229965 4278190080 1386
0.88029087 0.30879101 -0.076368816 4278190080 1386
0.89007413 0.34899545 -0.087007284 4278190080 1386
0.87161481 0.30523518 -0.10963216 4278190080 1386
0.87203074 0.30503914 -0.14400929 4278190080 1386
0.87348539 0.302885 -0.10975005 4278190080 1386
0.86829424 0.30074543 -0.14323919 4278190080 1386
0.87925559 0.30289683 -0.0079533691 4278190080 1386
0.88290507 0.3399491 -0.086100958 4278190080 1386
0.87347132 0.29988131 -0.10963216 4278190080 1386
0.8849811 0.34057108 -0.12147377 4278190080 1386
0.87014741 0.29840064 -0.1433932 4278190080 1386
0.87734139 0.29922947 -0.007927713 4278190080 1386
0.87929153 0.33546382 -0.085647792 4278190080 1386
0.86404496 0.29368484 -0.10833544 4278190080 1386
0.88787538 0.33856121 -0.12172791 4278190080 1386
0.87854373 0.29827085 -0.14462538 4278190080 1386
0.86376315 0.29274842 -0.17678405 4278190080 1386
0.87825531 0.29653645 -0.007927713 4278190080 1386
0.87362486 0.29446352 -0.075471319 4278190080 1386
0.88217962 0.33346888 -0.085829057 4278190080 1386
0.86400074 0.2907159 -0.10821755 4278190080 1386
0.88612628 0.33478397 -0.1213467 4278190080 1386
0.87675685 0.29415655 -0.17925788 4278190080 1386
0.87157375 0.29130474 -0.0078592962 4278190080 1386
0.87551051 0.29245064 -0.041593194 4278190080 1386
0.88879436 0.33285648 -0.086372852 4278190080 1386
0.86677283 0.2886914 -0.10845332 4278190080 1386
0.88622028 0.33171609 -0.12121964 4278190080 1386
0.85410607 0.28414136 -0.14031281 4278190080 1386
0.88166308 0.32948413 -0.15564871 4278190080 1386
0.87579185 0.2908465 -0.17887731 4278190080 1386
0.87436211 0.28925756 -0.0078764008 4278190080 1386
0.88047439 0.326664 -0.085466526 4278190080 1386
0.87048382 0.28696355 -0.10880697 4278190080 1386
0.88816375 0.32934052 -0.1213467 4278190080 1386
0.85591227 0.2818287 -0.14046682 4278190080 1386
0.87294942 0.28693205 -0.17811613 4278190080 1386
0.87239444 0.28564024 -0.0078507448 4278190080 1386
0.87250865 0.2851719 -0.075144961 4278190080 1386
0.87773347 0.32258707 -0.085103996 4278190080 1386
0.89196324 0.32764015 -0.12172791 4278190080 1386
0.86710674 0.28256902 -0.14216104 4278190080 1386
0.8808893 0.32304904 -0.15515924 4278190080 1386
0.87136418 0.28234595 -0.007833641 4278190080 1386
0.89043695 0.32486275 -0.017041177 4278190080 1386
0.86390918 0.27976373 -0.040917981 4278190080 1386
0.87778318 0.319552 -0.08501336 4278190080 1386
0.88643938 0.32252806 -0.12083845 4278190080 1386
0.87353045 0.31731334 -0.15369086 4278190080 1386
0.86651301 0.27783939 -0.0077823284 4278190080 1386
0.85810411 0.27497801 -0.040602881 4278190080 1386
0.88097209 0.31800288 -0.051052868 4278190080 1386
0.87501204 0.31550631 -0.084650829 4278190080 1386
0.89209044 0.32148841 -0.12147377 4278190080 1386
0.8481155 0.27063504 -0.13877258 4278190080 1386
0.87728488 0.31563392 -0.15418032 4278190080 1386
0.8652637 0.27560797 -0.17602289 4278190080 1386
0.8511579 0.27003896 -0.0076369448 4278190080 1386
0.86275268 0.27355179 -0.040782936 4278190080 1386
0.88288385 0.31563476 -0.051107299 4278190080 1386
0.90280169 0.3602213 -0.062175892 4278190080 1386
0.88347888 0.31549972 -0.08537589 4278190080 1386
0.88840169 0.31708288 -0.12083845 4278190080 1386
0.86213291 0.27219656 -0.14092888 4278190080 1386
0.86988485 0.30996057 -0.15271194 4278190080 1386
0.86048716 0.27118158 -0.1748811 4278190080 1386
0.85786879 0.26910958 -0.040512852 4278190080 1386
0.88102424 0.31192484 -0.050944015 4278190080 1386
0.86452949 0.27086759 -0.074165866 4278190080 1386
0.86472583 0.3058148 -0.08347261 4278190080 1386
0.89386803 0.35330126 -0.096613921 4278190080 1386
0.88843513 0.31402528 -0.12071139 4278190080 1386
0.87083167 0.30729035 -0.15271194 4278190080 1386
0.86131513 0.26854035 -0.1748811 4278190080 1386
0.85010344 0.26381162 -0.040107723 4278190080 1386
0.87632334 0.30723825 -0.050617453 4278190080 1386
0.89942002 0.35249019 -0.06179288 4278190080 1386
0.87505913 0.30645207 -0.084378935 4278190080 1386
0.90513867 0.35454911 -0.097714081 4278190080 1386
0.85245854 0.26340115 -0.13908063 4278190080 1386
0.87363309 0.30526811 -0.15303823 4278190080 1386
0.85663879 0.26296124 -0.040377811 4278190080 1386
0.87160206 0.30258346 -0.050290886 4278190080 1386
0.90343946 0.35069036 -0.097414032 4278190080 1386
0.880036 0.30499515 -0.11931368 4278190080 1386
0.87176841 0.30161864 -0.15254879 4278190080 1386
0.85919058 0.26210457 -0.17411992 4278190080 1386
0.88113886 0.30321231 -0.016753562 4278190080 1386
0.85648566 0.26004165 -0.040332794 4278190080 1386
0.87535918 0.30088171 -0.05045417 4278190080 1386
0.90529144 0.34839854 -0.062048223 4278190080 1386
0.86412454 0.26203153 -0.073921092 4278190080 1386
0.86938763 0.2984899 -0.083653875 4278190080 1386
0.89893919 0.34577379 -0.096813947 4278190080 1386
0.87158555 0.29907447 -0.11804302 4278190080 1386
0.89146692 0.34254241 -0.13132988 4278190080 1386
0.83987164 0.25387713 -0.13677032 4278190080 1386
0.8624227 0.29542568 -0.15075409 4278190080 1386
0.87922567 0.29954028 -0.016699633 4278190080 1386
0.85345227 0.25626361 -0.040152736 4278190080 1386
0.87344223 0.29722971 -0.050290886 4278190080 1386
0.90449107 0.34490836 -0.06192055 4278190080 1386
0.87595671 0.29774424 -0.08419767 4278190080 1386
0.8925578 0.34017941 -0.096013837 4278190080 1386
0.85619402 0.25627252 -0.10609563 4278190080 1386
0.87343818 0.29671812 -0.1181701 4278190080 1386
0.89806867 0.34192079 -0.13214728 4278190080 1386
0.84443325 0.25243121 -0.1373864 4278190080 1386
0.87079966 0.2953133 -0.15205932 4278190080 1386
0.85294408 0.28892601 -0.18321913 4278190080 1386
0.85502565 0.25404137 -0.0076283924 4278190080 1386
0.87540346 0.2952438 -0.016609753 4278190080 1386
0.8724575 0.29391107 -0.050182033 4278190080 1386
0.85138303 0.25247401 -0.072697237 4278190080 1386
0.90104389 0.34025148 -0.096813947 4278190080 1386
0.85507184 0.2530809 -0.10585988 4278190080 1386
0.87246406 0.29340473 -0.11791596 4278190080 1386
0.89169812 0.33636674 -0.13105741 4278190080 1386
0.85373157 0.25236014 -0.13877258 4278190080 1386
0.8754428 0.29389632 -0.15271194 4278190080 1386
0.88107604 0.33235988 -0.16485731 4278190080 1386
0.84273452 0.24862972 -0.17031403 4278190080 1386
0.84620684 0.24859841 -0.0075428723 4278190080 1386
0.87146062 0.29060128 -0.050073177 4278190080 1386
0.84928441 0.24901955 -0.072452471 4278190080 1386
0.88344544 0.33051267 -0.094813667 4278190080 1386
0.84917283 0.24850406 -0.10503468 4278190080 1386
0.86865455 0.28916025 -0.11728064 4278190080 1386
0.89458179 0.33432308 -0.13132988 4278190080 1386
0.87353152 0.29027575 -0.15222247 4278190080 1386
0.88485968 0.3306897 -0.16537465 4278190080 1386
0.85563082 0.28399569 -0.1834185 4278190080 1386
0.84504497 0.2454433 -0.0075257686 4278190080 1386
0.87340117 0.28861204 -0.016537849 4278190080 1386
0.87234807 0.28792632 -0.050073177 4278190080 1386
0.84142911 0.24391539 -0.071718156 4278190080 1386
0.87203932 0.28748688 -0.083563246 4278190080 1386
0.88258934 0.32710919 -0.094613634 4278190080 1386
0.85279298 0.2467256 -0.10538834 4278190080 1386
0.87330586 0.28773546 -0.1177889 4278190080 1386
0.89931953 0.3329528 -0.13187481 4278190080 1386
0.88032758 0.32592148 -0.16433997 4278190080 1386
0.83575463 0.24100597 -0.16860136 4278190080 1386
0.86860079 0.2853452 -0.18601029 4278190080 1386
0.84963858 0.24395344 -0.0075599765 4278190080 1386
0.87238193 0.28530952 -0.016501898 4278190080 1386
0.85077131 0.24411798 -0.039882652 4278190080 1386
0.86278659 0.28183806 -0.049474478 4278190080 1386
0.89179391 0.32758898 -0.060771506 4278190080 1386
0.87331444 0.32062781 -0.093513474 4278190080 1386
0.84877217 0.24274287 -0.10479891 4278190080 1386
0.86381125 0.28167233 -0.11639119 4278190080 1386
0.8910358 0.32678109 -0.13051248 4278190080 1386
0.87060547 0.28338355 -0.15140671 4278190080 1386
0.88317293 0.32389745 -0.16468486 4278190080 1386
0.85735726 0.27874029 -0.1834185 4278190080 1386
0.84557313 0.23998056 -0.0075172167 4278190080 1386
0.86944813 0.28140026 -0.016429994 4278190080 1386
0.86364716 0.27918974 -0.049474478 4278190080 1386
0.89091915 0.32416898 -0.060643837 4278190080 1386
0.84962243 0.24064916 -0.072289288 4278190080 1386
0.87522906 0.31828707 -0.09361349 4278190080 1386
0.84951288 0.24013773 -0.10479891 4278190080 1386
0.86467135 0.27902088 -0.11639119 4278190080 1386
0.88644725 0.32201636 -0.12969506 4278190080 1386
0.84893274 0.27345145 -0.14749102 4278190080 1386
0.87397844 0.31748685 -0.16278797 4278190080 1386
0.83721769 0.23587334 -0.16860136 4278190080 1386
0.86287266 0.27760926 -0.18441536 4278190080 1386
0.86268973 0.27629182 -0.016286187 4278190080 1386
0.88763833 0.32024503 -0.026028637 4278190080 1386
0.87876552 0.31669724 -0.05975014 4278190080 1386
0.88369036 0.31829783 -0.094413608 4278190080 1386
0.90758485 0.3646369 -0.10763715 4278190080 1386
0.84737641 0.23672876 -0.10444526 4278190080 1386
0.85890901 0.2742548 -0.11550173 4278190080 1386
0.85728776 0.27324256 -0.14879625 4278190080 1386
0.88236314 0.31747186 -0.16416752 4278190080 1386
0.85811776 0.27317715 -0.18321913 4278190080 1386
0.86067402 0.27273774 -0.01623226 4278190080 1386
0.86915189 0.27509046 -0.049692187 4278190080 1386
0.87597346 0.31265786 -0.059494797 4278190080 1386
0.84051657 0.2325085 -0.071391791 4278190080 1386
0.87154275 0.31090492 -0.093013406 4278190080 1386
0.9114697 0.36295396 -0.10796531 4278190080 1386
0.85001314 0.23465644 -0.10468103 4278190080 1386
0.83156115 0.22925018 -0.13446 4278190080 1386
0.86848706 0.30947319 -0.16140841 4278190080 1386
0.84432852 0.23229435 -0.16974314 4278190080 1386
0.86175579 0.27142638 -0.18381725 4278190080 1386
0.85864455 0.2691986 -0.016178332 4278190080 1386
0.85855705 0.26884207 -0.049039058 4278190080 1386
0.88257402 0.31196442 -0.059877809 4278190080 1386
0.85083997 0.23255649 -0.072207697 4278190080 1386
0.87249249 0.30822963 -0.093013406 4278190080 1386
0.90980512 0.35906121 -0.10763715 4278190080 1386
0.84785497 0.23126358 -0.10432738 4278190080 1386
0.8643626 0.27016309 -0.11601 4278190080 1386
0.83416724 0.22721726 -0.13476805 4278190080 1386
0.86365736 0.26944637 -0.14961201 4278190080 1386
0.87965006 0.31041288 -0.1633053 4278190080 1386
0.84219521 0.22893035 -0.16917226 4278190080 1386
0.86445552 0.2693643 -0.18421598 4278190080 1386
0.84362811 0.22828005 -0.007474456 4278190080 1386
0.87787539 0.30727708 -0.059494797 4278190080 1386
0.90551949 0.35434514 -0.071407244 4278190080 1386
0.86404222 0.30226588 -0.092013255 4278190080 1386
0.93034238 0.36387154 -0.10993429 4278190080 1386
0.85143697 0.22943644 -0.10468103 4278190080 1386
0.8964594 0.35061938 -0.1419708 4278190080 1386
0.83486038 0.224657 -0.13476805 4278190080 1386
0.87966841 0.30738777 -0.16313286 4278190080 1386
0.8428936 0.22634546 -0.16917226 4278190080 1386
0.86246854 0.265845 -0.18361787 4278190080 1386
0.84353882 0.22532301 -0.039342482 4278190080 1386
0.8778711 0.30425557 -0.059430961 4278190080 1386
0.91497099 0.35481063 -0.072066389 4278190080 1386
0.8790682 0.30449864 -0.093513474 4278190080 1386
0.85021764 0.22631231 -0.10444526 4278190080 1386
0.85367316 0.26108319 -0.11435815 4278190080 1386
0.89753085 0.34786743 -0.1419708 4278190080 1386
0.83363587 0.22158697 -0.13446 4278190080 1386
0.85491461 0.26097342 -0.14781731 4278190080 1386
0.87874562 0.30404338 -0.16278797 4278190080 1386
0.84643072 0.22451352 -0.16974314 4278190080 1386
0.85953081 0.26205462 -0.18282041 4278190080 1386
0.8712489 0.29896957 -0.058920275 4278190080 1386
0.8510167 0.22420788 -0.072044514 4278190080 1386
0.85976839 0.26022935 -0.081750594 4278190080 1386
0.86682183 0.29728132 -0.092113271 4278190080 1386
0.9177109 0.35245425 -0.10818409 4278190080 1386
0.84898716 0.22319785 -0.1042095 4278190080 1386
0.85541952 0.25875008 -0.11448521 4278190080 1386
0.90136451 0.34617627 -0.14240852 4278190080 1386
0.85382223 0.25777906 -0.14749102 4278190080 1386
0.88060611 0.30166522 -0.16296043 4278190080 1386
0.84200537 0.21938728 -0.03920744 4278190080 1386
0.85796553 0.25713933 -0.048821349 4278190080 1386
0.87783152 0.29822129 -0.059303287 4278190080 1386
0.8947618 0.34067297 -0.07030867 4278190080 1386
0.84880692 0.22084308 -0.07179974 4278190080 1386
0.85770053 0.25673366 -0.081478693 4278190080 1386
0.87809354 0.29813936 -0.093213432 4278190080 1386
0.91414285 0.34786946 -0.10763715 4278190080 1386
0.84293979 0.21884537 -0.1033843 4278190080 1386
0.85240817 0.25498742 -0.11397696 4278190080 1386
0.90149766 0.34305742 -0.14226261 4278190080 1386
0.84515548 0.25233582 -0.14585948 4278190080 1386
0.8768633 0.29738033 -0.1620982 4278190080 1386
0.85138184 0.21904323 -0.039612569 4278190080 1386
0.86739159 0.29170939 -0.058537263 4278190080 1386
0.90046841 0.3396863 -0.070674859 4278190080 1386
0.90683502 0.3419072 -0.10665266 4278190080 1386
0.84456915 0.21650483 -0.10350218 4278190080 1386
0.85128415 0.25180838 -0.11372283 4278190080 1386
0.87717801 0.29448947 -0.12724285 4278190080 1386
0.89514041 0.33749795 -0.14109534 4278190080 1386
0.82989681 0.21243487 -0.13353589 4278190080 1386
0.83646339 0.2469482 -0.14422794 4278190080 1386
0.87683773 0.29437524 -0.16192575 4278190080 1386
0.87531507 0.29172748 -0.025449609 4278190080 1386
0.8394627 0.21323292 -0.039027382 4278190080 1386
0.8635481 0.28747085 -0.058218084 4278190080 1386
0.84821385 0.21514066 -0.071636558 4278190080 1386
0.8497017 0.24866889 -0.080572367 4278190080 1386
0.86857706 0.28897661 -0.092013255 4278190080 1386
0.90136158 0.33668873 -0.10588696 4278190080 1386
0.84041601 0.21269453 -0.10291277 4278190080 1386
0.8406285 0.2458543 -0.11219805 4278190080 1386
0.8667959 0.28804797 -0.12560804 4278190080 1386
0.8980251 0.33544245 -0.14138715 4278190080 1386
0.83725023 0.21158238 -0.13461402 4278190080 1386
0.83911121 0.24493368 -0.14455424 4278190080 1386
0.86861151 0.28653544 -0.025229027 4278190080 1386
0.88008928 0.32584414 -0.068917148 4278190080 1386
0.84113538 0.21060081 -0.070983835 4278190080 1386
0.86002707 0.24882871 -0.081478693 4278190080 1386
0.87229478 0.28724411 -0.092313297 4278190080 1386
0.88747472 0.32840243 -0.10413676 4278190080 1386
0.83335727 0.20818971 -0.1019697 4278190080 1386
0.83947313 0.24272312 -0.11194392 4278190080 1386
0.86391121 0.2841492 -0.12506311 4278190080 1386
0.89348316 0.3306258 -0.14051169 4278190080 1386
0.83981287 0.20949103 -0.13492207 4278190080 1386
0.84933794 0.2450936 -0.14618579 4278190080 1386
0.8666358 0.28293851 -0.025146311 4278190080 1386
0.8553012 0.21167803 -0.039702594 4278190080 1386
0.85337704 0.24439217 -0.048385929 4278190080 1386
0.872886 0.28464195 -0.058728769 4278190080 1386
0.88483012 0.32451615 -0.069210097 4278190080 1386
0.84080994 0.20778014 -0.070902243 4278190080 1386
0.8550415 0.24454594 -0.080934897 4278190080 1386
0.87033385 0.28364167 -0.092013255 4278190080 1386
0.8922112 0.32704654 -0.10457431 4278190080 1386
0.83926016 0.23987393 -0.11181686 4278190080 1386
0.86572087 0.28180405 -0.12519933 4278190080 1386
0.88984901 0.32618067 -0.13978215 4278190080 1386
0.82893854 0.20407911 -0.13307382 4278190080 1386
0.85103458 0.24275734 -0.14634894 4278190080 1386
0.84088606 0.20655358 -0.16784018 4278190080 1386
0.85195714 0.24269894 -0.18022862 4278190080 1386
0.84722191 0.27561885 -0.19018511 4278190080 1386
0.86559731 0.27966374 -0.025091164 4278190080 1386
0.83944881 0.20502365 -0.038937353 4278190080 1386
0.84355432 0.23878132 -0.047787227 4278190080 1386
0.870906 0.2810432 -0.058537263 4278190080 1386
0.84241176 0.20543574 -0.070983835 4278190080 1386
0.84332943 0.23839973 -0.079756677 4278190080 1386
0.88667017 0.32193312 -0.1038086 4278190080 1386
0.84233797 0.20495053 -0.10291277 4278190080 1386
0.83712846 0.23648901 -0.11143567 4278190080 1386
0.8562088 0.27580547 -0.12370076 4278190080 1386
0.89642489 0.32547489 -0.1406576 4278190080 1386
0.84012234 0.20410083 -0.13476805 4278190080 1386
0.83468294 0.23532631 -0.14341217 4278190080 1386
0.86538291 0.27876067 -0.15916663 4278190080 1386
0.88722485 0.32230979 -0.17478137 4278190080 1386
0.83674532 0.2028165 -0.16688871 4278190080 1386
0.84986794 0.23928727 -0.17963052 4278190080 1386
0.85271811 0.27451679 -0.19122894 4278190080 1386
0.8437764 0.20349538 -0.0074231443 4278190080 1386
0.86359483 0.2760936 -0.025008447 4278190080 1386
0.88953 0.32006145 -0.034829948 4278190080 1386
0.84784329 0.20431963 -0.039297465 4278190080 1386
0.83947492 0.23484716 -0.047515091 4278190080 1386
0.86130673 0.27503073 -0.057835069 4278190080 1386
0.85079008 0.20471556 -0.071636558 4278190080 1386
0.85077095 0.23768708 -0.080391102 4278190080 1386
0.87081724 0.31315675 -0.10183962 4278190080 1386
0.84779078 0.20352432 -0.10350218 4278190080 1386
0.83785009 0.23391964 -0.11143567 4278190080 1386
0.85610706 0.27287653 -0.12356453 4278190080 1386
0.88904083 0.3197102 -0.13934441 4278190080 1386
0.82825345 0.19852836 -0.13276578 4278190080 1386
0.83159935 0.2317052 -0.14275956 4278190080 1386
0.85684907 0.27311301 -0.15744218 4278190080 1386
0.84118283 0.20116179 -0.16764989 4278190080 1386
0.84776592 0.23589075 -0.17903242 4278190080 1386
0.86007905 0.27397722 -0.1926903 4278190080 1386
0.86157858 0.27253839 -0.024925729 4278190080 1386
0.84846616 0.20171751 -0.039297465 4278190080 1386
0.84789085 0.23439907 -0.04795051 4278190080 1386
0.84850502 0.20141385 -0.071391791 4278190080 1386
0.84189641 0.2324256 -0.079484776 4278190080 1386
0.86436826 0.27292305 -0.091113128 4278190080 1386
0.87645578 0.31215113 -0.10238656 4278190080 1386
0.83760762 0.23108426 -0.1113086 4278190080 1386
0.85221618 0.26875895 -0.12288336 4278190080 1386
0.88722163 0.31598538 -0.13890667 4278190080 1386
0.86425877 0.27255675 -0.1586493 4278190080 1386
0.89011204 0.31718987 -0.17496343 4278190080 1386
0.82937449 0.19564988 -0.16517606 4278190080 1386
0.84092671 0.23121043 -0.17743747 4278190080 1386
0.85438645 0.26927942 -0.19122894 4278190080 1386
0.85382468 0.26720682 -0.024677575 4278190080 1386
0.84908104 0.1991135 -0.039297465 4278190080 1386
0.84764278 0.23153356 -0.047896083 4278190080 1386
0.86488312 0.27033615 -0.057962742 4278190080 1386
0.85105979 0.19926415 -0.071554966 4278190080 1386
0.840684 0.22931746 -0.07930351 4278190080 1386
0.86235231 0.26937988 -0.090813085 4278190080 1386
0.88022155 0.31045258 -0.10271472 4278190080 1386
0.83258468 0.19447868 -0.10149816 4278190080 1386
0.8411836 0.229296 -0.1116898 4278190080 1386
0.85209095 0.26584804 -0.12274712 4278190080 1386
0.83522952 0.19478902 -0.13368991 4278190080 1386
0.83110142 0.22608028 -0.14243324 4278190080 1386
0.85662812 0.26726362 -0.15709729 4278190080 1386
0.86233646 0.30431378 -0.16931945 4278190080 1386
0.83092701 0.19332694 -0.16536635 4278190080 1386
0.85800946 0.26753026 -0.19185524 4278190080 1386
0.85941499 0.2660642 -0.024815438 4278190080 1386
0.84384811 0.19515707 -0.039027382 4278190080 1386
0.84160084 0.22711089 -0.047515091 4278190080 1386
0.86380154 0.26709184 -0.057835069 4278190080 1386
0.84778261 0.19575527 -0.071228608 4278190080 1386
0.85099936 0.22932847 -0.080209836 4278190080 1386
0.88023144 0.30742291 -0.10260534 4278190080 1386
0.83704817 0.19281507 -0.1019697 4278190080 1386
0.83422089 0.22465083 -0.11067328 4278190080 1386
0.84627628 0.26118752 -0.12179348 4278190080 1386
0.88260597 0.30825222 -0.1378853 4278190080 1386
0.82908267 0.19067547 -0.13261177 4278190080 1386
0.85179675 0.26289132 -0.15606262 4278190080 1386
0.88275909 0.30847856 -0.17314279 4278190080 1386
0.83534366 0.19165494 -0.16612753 4278190080 1386
0.84854645 0.26172599 -0.18955882 4278190080 1386
0.83957297 0.19145672 -0.038802311 4278190080 1386
0.84036404 0.22401345 -0.047406238 4278190080 1386
0.86557126 0.26473236 -0.057898909 4278190080 1386
0.84546387 0.19248964 -0.070983835 4278190080 1386
0.84977418 0.2262042 -0.080028571 4278190080 1386
0.86989748 0.30082259 -0.10129269 4278190080 1386
0.83586472 0.2223454 -0.11080034 4278190080 1386
0.85370612 0.26061472 -0.12274712 4278190080 1386
0.88354754 0.30554298 -0.1378853 4278190080 1386
0.8554256 0.2611396 -0.15657996 4278190080 1386
0.88370132 0.30576885 -0.17314279 4278190080 1386
0.82826751 0.18735844 -0.16460519 4278190080 1386
0.84491354 0.22396311 -0.17783619 4278190080 1386
0.85495782 0.26083371 -0.19081141 4278190080 1386
0.84777415 0.19074808 -0.0074316962 4278190080 1386
0.85050762 0.25759855 -0.024512138 4278190080 1386
0.8381505 0.22067149 -0.047242954 4278190080 1386
0.85205114 0.25774136 -0.056941371 4278190080 1386
0.84702289 0.19011316 -0.071065426 4278190080 1386
0.84950101 0.22334285 -0.079937935 4278190080 1386
0.87833953 0.3007282 -0.10216779 4278190080 1386
0.83821553 0.1876754 -0.1019697 4278190080 1386
0.83558363 0.21952792 -0.11067328 4278190080 1386
0.84691459 0.25570363 -0.12165724 4278190080 1386
0.87980098 0.30122855 -0.13715576 4278190080 1386
0.83602262 0.186878 -0.13353589 4278190080 1386
0.82932955 0.21742067 -0.14178063 4278190080 1386
0.8505649 0.25680575 -0.15554529 4278190080 1386
0.88184464 0.30210024 -0.1725966 4278190080 1386
0.83171296 0.18545745 -0.16517606 4278190080 1386
0.83878124 0.18586934 -0.038712282 4278190080 1386
0.85052156 0.18815948 -0.071310192 4278190080 1386
0.86984414 0.29484114 -0.10107391 4278190080 1386
0.83878732 0.18510291 -0.1019697 4278190080 1386
0.84199941 0.25140351 -0.12083983 4278190080 1386
0.87884706 0.29789278 -0.13686393 4278190080 1386
0.84141666 0.18537515 -0.13430598 4278190080 1386
0.82999271 0.2148753 -0.14178063 4278190080 1386
0.85134876 0.25419503 -0.15554529 4278190080 1386
0.83515459 0.18353708 -0.16574694 4278190080 1386
0.85091937 0.25390509 -0.18955882 4278190080 1386
0.84432447 0.21676604 -0.047515091 4278190080 1386
0.84308994 0.24939452 -0.05623918 4278190080 1386
0.84914726 0.18512464 -0.071147017 4278190080 1386
0.85278481 0.21862082 -0.080119208 4278190080 1386
0.8549329 0.25273556 -0.089612909 4278190080 1386
0.871687 0.29248732 -0.1011833 4278190080 1386
0.84226227 0.18316172 -0.10232335 4278190080 1386
0.8369149 0.21439673 -0.11067328 4278190080 1386
0.83896625 0.24769706 -0.1202949 4278190080 1386
0.85349548 0.28638333 -0.13277844 4278190080 1386
0.83908468 0.18216398 -0.13384393 4278190080 1386
0.82969218 0.21208358 -0.14161748 4278190080 1386
0.85495865 0.25241867 -0.15606262 4278190080 1386
0.83283526 0.18035066 -0.16517606 4278190080 1386
0.84362853 0.18167421 -0.007380384 4278190080 1386
0.84602827 0.21475329 -0.015692981 4278190080 1386
0.871512 0.28962573 -0.033835858 4278190080 1386
0.8389293 0.18050903 -0.038667265 4278190080 1386
0.84595346 0.21442001 -0.047569517 4278190080 1386
0.86013424 0.25156924 -0.057324387 4278190080 1386
0.84873676 0.18230931 -0.071065426 4278190080 1386
0.84765881 0.2145374 -0.079575405 4278190080 1386
0.85952443 0.25122803 -0.090012968 4278190080 1386
0.8744669 0.29043826 -0.10140207 4278190080 1386
0.83408135 0.17870449 -0.10126239 4278190080 1386
0.83372223 0.21085531 -0.11016502 4278190080 1386
0.83591831 0.24401158 -0.11974996 4278190080 1386
0.86845315 0.28844091 -0.1349671 4278190080 1386
0.84060585 0.17979552 -0.13399795 4278190080 1386
0.82938236 0.20929572 -0.14145432 4278190080 1386
0.85383797 0.24924248 -0.15571773 4278190080 1386
0.87618977 0.29118031 -0.17095803 4278190080 1386
0.82666385 0.17636089 -0.163844 4278190080 1386
0.84474766 0.21285956 -0.17723811 4278190080 1386
0.85527778 0.2495008 -0.19018511 4278190080 1386
0.8480947 0.17991519 -0.0074145924 4278190080 1386
0.8414337 0.17834868 -0.038757298 4278190080 1386
0.84273273 0.21085422 -0.047351811 4278190080 1386
0.84441674 0.17867297 -0.070657477 4278190080 1386
0.84541452 0.21121165 -0.07930351 4278190080 1386
0.85455585 0.24693261 -0.089412883 4278190080 1386
0.83725232 0.20901723 -0.11054622 4278190080 1386
0.84608102 0.24416375 -0.15416573 4278190080 1386
0.86867249 0.28572574 -0.16931945 4278190080 1386
0.83680844 0.17584275 -0.16574694 4278190080 1386
0.84159291 0.20932081 -0.17644063 4278190080 1386
0.85040116 0.24524969 -0.18893252 4278190080 1386
0.87042201 0.28334484 -0.033725403 4278190080 1386
0.85016137 0.20994347 -0.0477328 4278190080 1386
0.84822822 0.24244715 -0.05643069 4278190080 1386
0.8459366 0.17628482 -0.070739061 4278190080 1386
0.85186005 0.21004748 -0.079847306 4278190080 1386
0.85530943 0.24430971 -0.089412883 4278190080 1386
0.86867064 0.28260705 -0.10052697 4278190080 1386
0.83788961 0.2064476 -0.11054622 4278190080 1386
0.83739978 0.23887789 -0.11974996 4278190080 1386
0.86079895 0.28004614 -0.13350798 4278190080 1386
0.82718128 0.17162332 -0.13168764 4278190080 1386
0.84777331 0.24183707 -0.15433817 4278190080 1386
0.86860991 0.28275496 -0.16913737 4278190080 1386
0.83556938 0.20510264 -0.17504504 4278190080 1386
0.85114956 0.24263954 -0.18893252 4278190080 1386
0.86177528 0.27760893 -0.033357222 4278190080 1386
0.85229748 0.17519379 -0.03920744 4278190080 1386
0.85274178 0.20780705 -0.047841657 4278190080 1386
0.84320575 0.23821577 -0.056047671 4278190080 1386
0.86953688 0.28010923 -0.06708619 4278190080 1386
0.84354448 0.17308769 -0.070494287 4278190080 1386
0.84669459 0.20602031 -0.07930351 4278190080 1386
0.85318226 0.24087347 -0.089112841 4278190080 1386
0.84639233 0.17321026 -0.10255912 4278190080 1386
0.83659142 0.20340733 -0.11029208 4278190080 1386
0.83812875 0.23630767 -0.11974996 4278190080 1386
0.8531788 0.27467534 -0.13219479 4278190080 1386
0.84222507 0.17205118 -0.13399795 4278190080 1386
0.82935596 0.20118825 -0.14112802 4278190080 1386
0.84851128 0.239235 -0.15433817 4278190080 1386
0.82344216 0.16776507 -0.16289252 4278190080 1386
0.84095663 0.20369159 -0.17604189 4278190080 1386
0.86167079 0.27466026 -0.033320405 4278190080 1386
0.84010214 0.17000236 -0.038622253 4278190080 1386
0.84366679 0.20285553 -0.047297381 4278190080 1386
0.85450584 0.23857981 -0.056749865 4278190080 1386
0.84602541 0.17089359 -0.070657477 4278190080 1386
0.85022771 0.20411916 -0.079575405 4278190080 1386
0.85583401 0.23878962 -0.089312874 4278190080 1386
0.84107888 0.1694361 -0.10185181 4278190080 1386
0.8333534 0.19991422 -0.10978383 4278190080 1386
0.86061585 0.27415854 -0.13321617 4278190080 1386
0.8463946 0.23583749 -0.15382084 4278190080 1386
0.83839142 0.16813353 -0.16574694 4278190080 1386
0.83014053 0.19837752 -0.17364947 4278190080 1386
0.84414327 0.23505141 -0.18705364 4278190080 1386
0.86060333 0.27141428 -0.033246767 4278190080 1386
0.83964002 0.16722903 -0.03857724 4278190080 1386
0.84719986 0.20095761 -0.047460664 4278190080 1386
0.85138571 0.23489542 -0.056494523 4278190080 1386
0.84165806 0.16732553 -0.07024952 4278190080 1386
0.85368496 0.23536946 -0.089012824 4278190080 1386
0.8349281 0.19758502 -0.1099109 4278190080 1386
0.83574235 0.23010862 -0.11920503 4278190080 1386
0.852961 0.2688404 -0.13190298 4278190080 1386
0.83153498 0.19632234 -0.14129117 4278190080 1386
0.84331554 0.23219377 -0.15313107 4278190080 1386
0.85054493 0.26824209 -0.16513199 4278190080 1386
0.83890331 0.16556057 -0.16574694 4278190080 1386
0.83169901 0.19605458 -0.17384885 4278190080 1386
0.84486037 0.23246051 -0.18705364 4278190080 1386
0.86143196 0.26877269 -0.033246767 4278190080 1386
0.8401491 0.16465226 -0.03857724 4278190080 1386
0.84392333 0.1974476 -0.047242954 4278190080 1386
0.84825104 0.23123243 -0.05623918 4278190080 1386
0.86541373 0.27001503 -0.066573523 4278190080 1386
0.84021115 0.16435988 -0.070086338 4278190080 1386
0.85152304 0.23196472 -0.088712782 4278190080 1386
0.83917874 0.16370177 -0.10149816 4278190080 1386
0.83842808 0.19569893 -0.11029208 4278190080 1386
0.83548838 0.22728346 -0.11906879 4278190080 1386
0.85944849 0.26798925 -0.13277844 4278190080 1386
0.82534564 0.16070424 -0.13107155 4278190080 1386
0.8449744 0.22986399 -0.1533035 4278190080 1386
0.85793447 0.26768148 -0.16640642 4278190080 1386
0.83458865 0.16205046 -0.16479547 4278190080 1386
0.82943314 0.19283631 -0.17325073 4278190080 1386
0.83990735 0.22832814 -0.18580104 4278190080 1386
0.84063667 0.22670314 -0.024015829 4278190080 1386
0.85079396 0.26259199 -0.032804951 4278190080 1386
0.84163123 0.16226305 -0.038622253 4278190080 1386
0.83771449 0.19328612 -0.046861965 4278190080 1386
0.84895647 0.22862895 -0.05623918 4278190080 1386
0.84266889 0.16215806 -0.07024952 4278190080 1386
0.85109991 0.19606167 -0.079484776 4278190080 1386
0.85030907 0.22883406 -0.088512756 4278190080 1386
0.84455317 0.16206212 -0.10208758 4278190080 1386
0.84482419 0.19446072 -0.11105447 4278190080 1386
0.83905196 0.2254905 -0.1194775 4278190080 1386
0.84892249 0.26185212 -0.13102752 4278190080 1386
0.8297165 0.15891483 -0.13168764 4278190080 1386
0.82695448 0.18989161 -0.14031224 4278190080 1386
0.83616292 0.22471409 -0.15157907 4278190080 1386
0.86250991 0.26620805 -0.16713467 4278190080 1386
0.82811058 0.1898528 -0.17285201 4278190080 1386
0.84627086 0.22727217 -0.18705364 4278190080 1386
0.844226 0.22489497 -0.024098547 4278190080 1386
0.86019754 0.26260662 -0.033136312 4278190080 1386
0.84212506 0.1596802 -0.038622253 4278190080 1386
0.83635622 0.19027212 -0.046753109 4278190080 1386
0.8506183 0.22627985 -0.056303017 4278190080 1386
0.86133111 0.26295269 -0.066134095 4278190080 1386
0.85072625 0.19322903 -0.079394147 4278190080 1386
0.85100716 0.22622427 -0.088512756 4278190080 1386
0.83919156 0.15836543 -0.10138027 4278190080 1386
0.8309074 0.188575 -0.1091485 4278190080 1386
0.83303726 0.22113602 -0.11852386 4278190080 1386
0.85066807 0.2595351 -0.13117343 4278190080 1386
0.8381179 0.18975003 -0.14210694 4278190080 1386
0.83208817 0.22088407 -0.15071683 4278190080 1386
0.85203731 0.26011541 -0.16494991 4278190080 1386
0.83442402 0.18860757 -0.17404822 4278190080 1386
0.84696412 0.22467478 -0.18705364 4278190080 1386
0.84587878 0.22255823 -0.02412612 4278190080 1386
0.8514325 0.25707784 -0.03276813 4278190080 1386
0.84653926 0.15782823 -0.038802311 4278190080 1386
0.84083331 0.1885794 -0.046970818 4278190080 1386
0.84744769 0.22265476 -0.056047671 4278190080 1386
0.8621338 0.26030892 -0.066134095 4278190080 1386
0.85034329 0.19040054 -0.07930351 4278190080 1386
0.8420735 0.22108567 -0.087512612 4278190080 1386
0.84064984 0.15597124 -0.10149816 4278190080 1386
0.84503353 0.18905675 -0.1109274 4278190080 1386
0.83083689 0.21782552 -0.11811515 4278190080 1386
0.85051322 0.25663829 -0.13102752 4278190080 1386
0.83067596 0.1538208 -0.13168764 4278190080 1386
0.82810402 0.18481393 -0.14031224 4278190080 1386
0.83466756 0.21882984 -0.15106173 4278190080 1386
0.85000741 0.25664753 -0.16440372 4278190080 1386
0.82925993 0.18476804 -0.17285201 4278190080 1386
0.84481138 0.22133172 -0.18642734 4278190080 1386
0.8417201 0.21870513 -0.023988256 4278190080 1386
0.84742945 0.25303489 -0.032584041 4278190080 1386
0.84603685 0.15505026 -0.038757298 4278190080 1386
0.8519907 0.22105631 -0.056303017 4278190080 1386
0.85910583 0.25652134 -0.065841146 4278190080 1386
0.84118444 0.1538575 -0.070004746 4278190080 1386
0.8489784 0.18736158 -0.079122245 4278190080 1386
0.83889526 0.21750231 -0.087112553 4278190080 1386
0.84112442 0.15339142 -0.10149816 4278190080 1386
0.84560961 0.18646334 -0.1109274 4278190080 1386
0.8372556 0.21676531 -0.11893255 4278190080 1386
0.84181666 0.25119892 -0.12956841 4278190080 1386
0.82725555 0.15056388 -0.13107155 4278190080 1386
0.84215707 0.1852397 -0.14259639 4278190080 1386
0.82865989 0.2145399 -0.1498546 4278190080 1386
0.85644382 0.25572652 -0.1654961 4278190080 1386
0.83365136 0.18306375 -0.17364947 4278190080 1386
0.84359282 0.21824893 -0.18600981 4278190080 1386
0.84529185 0.21686698 -0.024070974 4278190080 1386
0.84916019 0.25071681 -0.032620858 4278190080 1386
0.84945804 0.15298513 -0.038892336 4278190080 1386
0.84197456 0.18341659 -0.046970818 4278190080 1386
0.85169816 0.21819372 -0.05623918 4278190080 1386
0.84468353 0.18369789 -0.078669086 4278190080 1386
0.8482337 0.21714844 -0.08801268 4278190080 1386
0.85516775 0.25232828 -0.098120451 4278190080 1386
0.84550089 0.1515108 -0.1019697 4278190080 1386
0.83599705 0.21370493 -0.11866009 4278190080 1386
0.83783901 0.24721521 -0.12883885 4278190080 1386
0.82965893 0.14837308 -0.1313796 4278190080 1386
0.83982885 0.18202817 -0.14210694 4278190080 1386
0.83122289 0.21248452 -0.1501995 4278190080 1386
0.847794 0.2503134 -0.16367547 4278190080 1386
0.82846254 0.17926183 -0.17245328 4278190080 1386
0.86451334 0.15311535 -0.0075086639 4278190080 1386
0.84886032 0.21500899 -0.024153693 4278190080 1386
0.8499254 0.24811043 -0.032620858 4278190080 1386
0.84992343 0.1503783 -0.038892336 4278190080 1386
0.84058076 0.18041351 -0.046861965 4278190080 1386
0.85236353 0.21557973 -0.05623918 4278190080 1386
0.85109007 0.24845043 -0.065108761 4278190080 1386
0.84719074 0.18152289 -0.078850351 4278190080 1386
0.84696656 0.21405746 -0.087812647 4278190080 1386
0.84302777 0.14839965 -0.10161605 4278190080 1386
0.84576786 0.18106362 -0.11080034 4278190080 1386
0.83568823 0.21089672 -0.11852386 4278190080 1386
0.84144264 0.24547479 -0.12927659 4278190080 1386
0.84038335 0.17945075 -0.14210694 4278190080 1386
0.82900566 0.20921028 -0.14968216 4278190080 1386
0.85422128 0.24936448 -0.16476785 4278190080 1386
0.82775998 0.14496741 -0.16289252 4278190080 1386
0.83922642 0.21163383 -0.18475722 4278190080 1386
0.86005318 0.14960548 -0.0074659041 4278190080 1386
0.84218061 0.178363 -0.015477271 4278190080 1386
0.84369737 0.21094888 -0.023988256 4278190080 1386
0.84492177 0.24383919 -0.032399952 4278190080 1386
0.85136503 0.1479411 -0.038937353 4278190080 1386
0.85302091 0.2129637 -0.05623918 4278190080 1386
0.85280651 0.24611469 -0.065182 4278190080 1386
0.84354687 0.14627922 -0.070086338 4278190080 1386
0.84871811 0.17912854 -0.07894098 4278190080 1386
0.84955013 0.21193968 -0.08801268 4278190080 1386
0.8454361 0.14615089 -0.10185181 4278190080 1386
0.83729261 0.20857133 -0.11866009 4278190080 1386
0.83996445 0.17666858 -0.1419438 4278190080 1386
0.83155525 0.20714214 -0.15002705 4278190080 1386
0.85025865 0.24537937 -0.16385753 4278190080 1386
0.83242387 0.17477918 -0.17305137 4278190080 1386
0.83987176 0.20905812 -0.18475722 4278190080 1386
0.84142905 0.20764099 -0.023905538 4278190080 1386
0.85083008 0.14516044 -0.038892336 4278190080 1386
0.84558213 0.17606659 -0.047079675 4278190080 1386
0.85076332 0.20962939 -0.056047671 4278190080 1386
0.85547566 0.24404433 -0.065328471 4278190080 1386
0.84633851 0.17591587 -0.078669086 4278190080 1386
0.85116249 0.20957018 -0.088112697 4278190080 1386
0.84589177 0.175669 -0.11067328 4278190080 1386
0.83696651 0.20576505 -0.11852386 4278190080 1386
0.84293306 0.24030717 -0.12927659 4278190080 1386
0.82890934 0.17168953 -0.13998595 4278190080 1386
0.83409989 0.2050603 -0.15037194 4278190080 1386
0.85100746 0.24276966 -0.16385753 4278190080 1386
0.82282567 0.13890512 -0.16175075 4278190080 1386
0.83967358 0.17361343 -0.17444696 4278190080 1386
0.83671027 0.2055472 -0.18392216 4278190080 1386
0.85306537 0.14300291 -0.0073974882 4278190080 1386
0.84255475 0.23756549 -0.032252677 4278190080 1386
0.85324204 0.14287943 -0.038982369 4278190080 1386
0.8451401 0.173271 -0.047025245 4278190080 1386
0.85140246 0.2070183 -0.056047671 4278190080 1386
0.85526049 0.24114797 -0.06525524 4278190080 1386
0.84639466 0.1414291 -0.07024952 4278190080 1386
0.84687424 0.17331851 -0.078669086 4278190080 1386
0.84890085 0.20625313 -0.087812647 4278190080 1386
0.84729654 0.1411238 -0.1019697 4278190080 1386
0.83470559 0.20249563 -0.11811515 4278190080 1386
0.83795303 0.23611012 -0.12840113 4278190080 1386
0.83472508 0.20250036 -0.15037194 4278190080 1386
0.84701633 0.23882346 -0.16294721 4278190080 1386
0.83487034 0.13830546 -0.16403429 4278190080 1386
0.8363865 0.20274885 -0.18371339 4278190080 1386
0.85152668 0.14006048 -0.007380384 4278190080 1386
0.85170478 0.13993712 -0.038892336 4278190080 1386
0.83979505 0.16949208 -0.046698682 4278190080 1386
0.85009271 0.20393965 -0.055920001 4278190080 1386
0.85503554 0.23825523 -0.065182 4278190080 1386
0.84056813 0.16934276 -0.078034654 4278190080 1386
0.84952962 0.20364776 -0.087812647 4278190080 1386
0.84674543 0.13836351 -0.10185181 4278190080 1386
0.84598136 0.17027968 -0.11054622 4278190080 1386
0.83339602 0.19947264 -0.11784269 4278190080 1386
0.84343863 0.23486513 -0.12913068 4278190080 1386
0.82994723 0.1666002 -0.13998595 4278190080 1386
0.83246851 0.19925064 -0.1498546 4278190080 1386
0.84300905 0.23490404 -0.1620369 4278190080 1386
0.83687973 0.16768792 -0.17364947 4278190080 1386
0.83415115 0.19949946 -0.1830871 4278190080 1386
0.85114384 0.13716452 -0.038847324 4278190080 1386
0.84100306 0.19903235 -0.055281647 4278190080 1386
0.84303737 0.1671505 -0.078215919 4278190080 1386
0.8462773 0.20012458 -0.087412588 4278190080 1386
0.84716594 0.13576508 -0.10185181 4278190080 1386
0.84455377 0.16729796 -0.11029208 4278190080 1386
0.84268147 0.19896369 -0.11906879 4278190080 1386
0.83652443 0.2301767 -0.12796339 4278190080 1386
0.83819759 0.16558281 -0.14129117 4278190080 1386
0.83019996 0.19601668 -0.14933728 4278190080 1386
0.85036176 0.23414382 -0.16331133 4278190080 1386
0.82406926 0.13132615 -0.16175075 4278190080 1386
0.8385666 0.19783762 -0.18392216 4278190080 1386
0.83074313 0.22889791 -0.19277088 4278190080 1386
0.8505739 0.13439669 -0.038802311 4278190080 1386
0.84081924 0.164336 -0.046698682 4278190080 1386
0.84646893 0.19758549 -0.055600826 4278190080 1386
0.85744369 0.23326614 -0.06525524 4278190080 1386
0.84159136 0.16418193 -0.078034654 4278190080 1386
0.84785628 0.19775331 -0.087512612 4278190080 1386
0.84659749 0.13301125 -0.10173393 4278190080 1386
0.8421424 0.16413686 -0.1099109 4278190080 1386
0.84039342 0.19570339 -0.11866009 4278190080 1386
0.84104526 0.22864734 -0.12854704 4278190080 1386
0.83095384 0.1615046 -0.13998595 4278190080 1386
0.83655345 0.19480918 -0.15037194 4278190080 1386
0.83969051 0.22843641 -0.16112657 4278190080 1386
0.82737821 0.12925191 -0.16232164 4278190080 1386
0.8276751 0.2253228 -0.19189765 4278190080 1386
0.84900779 0.13148077 -0.038712282 4278190080 1386
0.84033889 0.16156711 -0.046644256 4278190080 1386
0.84318101 0.19409217 -0.055345483 4278190080 1386
0.83622283 0.16047306 -0.077490859 4278190080 1386
0.84361064 0.19403604 -0.087012537 4278190080 1386
0.85092741 0.13101776 -0.10220546 4278190080 1386
0.83679706 0.16043183 -0.1091485 4278190080 1386
0.83809322 0.19245899 -0.11825138 4278190080 1386
0.84078735 0.22580937 -0.12840113 4278190080 1386
0.83822876 0.16025135 -0.14112802 4278190080 1386
0.84290737 0.1935645 -0.1514066 4278190080 1386
0.84418577 0.22688004 -0.16185483 4278190080 1386
0.84232718 0.12894119 -0.16517606 4278190080 1386
0.83976477 0.19268855 -0.18392216 4278190080 1386
0.8523702 0.12932499 -0.038847324 4278190080 1386
0.83984953 0.1588027 -0.046589829 4278190080 1386
0.84182608 0.19106266 -0.055217814 4278190080 1386
0.8337754 0.15735276 -0.077218965 4278190080 1386
0.84808332 0.19232717 -0.087412588 4278190080 1386
0.84150618 0.1269255 -0.10102662 4278190080 1386
0.84313369 0.15896648 -0.1099109 4278190080 1386
0.84157836 0.19054314 -0.11866009 4278190080 1386
0.84530109 0.22424348 -0.12898478 4278190080 1386
0.83343899 0.12541118 -0.1313796 4278190080 1386
0.82524389 0.18684483 -0.14813015 4278190080 1386
0.84107631 0.22327986 -0.16112657 4278190080 1386
0.83887452 0.1574055 -0.17364947 4278190080 1386
0.82904208 0.22024004 -0.19189765 4278190080 1386
0.84131444 0.15640783 -0.046644256 4278190080 1386
0.83559108 0.1869538 -0.054770961 4278190080 1386
0.84589684 0.12538736 -0.070004746 4278190080 1386
0.84012926 0.15588413 -0.07776276 4278190080 1386
0.84381431 0.188639 -0.08691252 4278190080 1386
0.84582108 0.12492356 -0.10149816 4278190080 1386
0.83483988 0.15475197 -0.10876732 4278190080 1386
0.84699345 0.1890393 -0.11934126 4278190080 1386
0.83577478 0.12314168 -0.13168764 4278190080 1386
0.83143491 0.15367055 -0.1398228 4278190080 1386
0.84119517 0.1877452 -0.15088928 4278190080 1386
0.84556198 0.22169594 -0.16185483 4278190080 1386
0.83065778 0.21794319 -0.19211595 4278190080 1386
0.84455967 0.21866618 -0.032142222 4278190080 1386
0.84820479 0.12337355 -0.038622253 4278190080 1386
0.84375483 0.15418497 -0.046753109 4278190080 1386
0.84200799 0.18567879 -0.055153973 4278190080 1386
0.85348338 0.22097662 -0.064742573 4278190080 1386
0.8521955 0.12365027 -0.070494287 4278190080 1386
0.84147406 0.18540706 -0.086612478 4278190080 1386
0.85164696 0.22034256 -0.096807808 4278190080 1386
0.84620041 0.12232804 -0.10149816 4278190080 1386
0.83921397 0.15290116 -0.10927556 4278190080 1386
0.84273171 0.18537572 -0.11866009 4278190080 1386
0.84378779 0.21830919 -0.12854704 4278190080 1386
0.83093178 0.1509427 -0.13965964 4278190080 1386
0.84176719 0.18516356 -0.15088928 4278190080 1386
0.8405267 0.217622 -0.16076244 4278190080 1386
0.83604592 0.21661757 -0.19320752 4278190080 1386
0.84522653 0.21607408 -0.032142222 4278190080 1386
0.84857929 0.12077072 -0.038622253 4278190080 1386
0.84913784 0.15247804 -0.047025245 4278190080 1386
0.85222477 0.2178631 -0.064596094 4278190080 1386
0.84961057 0.12061493 -0.07024952 4278190080 1386
0.83518833 0.14967223 -0.077218965 4278190080 1386
0.84301126 0.18303569 -0.086712494 4278190080 1386
0.84846663 0.21674462 -0.096370257 4278190080 1386
0.84362197 0.11931416 -0.10114451 4278190080 1386
0.83772641 0.14997616 -0.10902144 4278190080 1386
0.84732914 0.21645404 -0.12898478 4278190080 1386
0.84214312 0.21528582 -0.16094451 4278190080 1386
0.83739346 0.1491625 -0.17305137 4278190080 1386
0.82725227 0.21163294 -0.19102438 4278190080 1386
0.84782338 0.21396902 -0.03221586 4278190080 1386
0.84665167 0.14935182 -0.046861965 4278190080 1386
0.83630055 0.17904638 -0.054707125 4278190080 1386
0.85192215 0.21500345 -0.064522855 4278190080 1386
0.85096383 0.11814485 -0.070331112 4278190080 1386
0.83967692 0.17961597 -0.086312436 4278190080 1386
0.84103304 0.11631727 -0.10079085 4278190080 1386
0.84795159 0.14912337 -0.11029208 4278190080 1386
0.84675974 0.180822 -0.11906879 4278190080 1386
0.84127438 0.21216004 -0.12796339 4278190080 1386
0.84666079 0.11679444 -0.13322785 4278190080 1386
0.83087045 0.14567097 -0.13949648 4278190080 1386
0.84192413 0.17978936 -0.15071683 4278190080 1386
0.85901111 0.14912497 -0.015675006 4278190080 1386
0.84697795 0.17892535 -0.023877965 4278190080 1386
0.85138488 0.21209161 -0.032326315 4278190080 1386
0.8530091 0.14777629 -0.047188528 4278190080 1386
0.84563428 0.17833315 -0.055281647 4278190080 1386
0.8477391 0.2111834 -0.064156666 4278190080 1386
0.85033464 0.11539955 -0.07024952 4278190080 1386
0.83903491 0.14505374 -0.077490859 4278190080 1386
0.83632958 0.17621846 -0.085912377 4278190080 1386
0.84785146 0.21105424 -0.096151486 4278190080 1386
0.84532225 0.11426858 -0.10126239 4278190080 1386
0.84254056 0.14550836 -0.1095297 4278190080 1386
0.84634107 0.1780194 -0.11893255 4278190080 1386
0.84480131 0.21029496 -0.12840113 4278190080 1386
0.83131349 0.14312121 -0.13949648 4278190080 1386
0.84153992 0.20963909 -0.16058038 4278190080 1386
0.84163892 0.11302287 -0.16460519 4278190080 1386
0.8228538 0.20513666 -0.18971449 4278190080 1386
0.85157955 0.14514491 -0.015531198 4278190080 1386
0.85009074 0.20900142 -0.032252677 4278190080 1386
0.8534584 0.1451586 -0.047188528 4278190080 1386
0.83738339 0.17391157 -0.054707125 4278190080 1386
0.85562479 0.11344521 -0.070657477 4278190080 1386
0.84438521 0.14331214 -0.077944018 4278190080 1386
0.83978897 0.17425828 -0.086212419 4278190080 1386
0.84946024 0.20868921 -0.096260868 4278190080 1386
0.84862226 0.11206464 -0.10161605 4278190080 1386
0.84494311 0.17502016 -0.11866009 4278190080 1386
0.84544253 0.20770216 -0.12840113 4278190080 1386
0.82980305 0.14024128 -0.13917017 4278190080 1386
0.84122431 0.20682155 -0.16039832 4278190080 1386
0.82423669 0.13900462 -0.17006086 4278190080 1386
0.83674592 0.20587538 -0.19277088 4278190080 1386
0.8490625 0.14203672 -0.015477271 4278190080 1386
0.84781444 0.20568557 -0.032142222 4278190080 1386
0.84996021 0.14188193 -0.046970818 4278190080 1386
0.84377939 0.17254129 -0.055090141 4278190080 1386
0.85095733 0.20644805 -0.064303137 4278190080 1386
0.85498041 0.11069169 -0.070575885 4278190080 1386
0.83892685 0.13973917 -0.07740023 4278190080 1386
0.83739507 0.17108352 -0.085912377 4278190080 1386
0.84526646 0.2049112 -0.095713936 4278190080 1386
0.85684109 0.11047646 -0.10255912 4278190080 1386
0.84222996 0.2041751 -0.12781748 4278190080 1386
0.82633621 0.13704912 -0.13851756 4278190080 1386
0.83389169 0.17006455 -0.14899237 4278190080 1386
0.84472156 0.20493522 -0.16094451 4278190080 1386
0.84523785 0.10823061 -0.16517606 4278190080 1386
0.8265928 0.13679522 -0.17045958 4278190080 1386
0.82314873 0.19985361 -0.18949619 4278190080 1386
0.85640067 0.14056475 -0.015603102 4278190080 1386
0.84564918 0.17052957 -0.023795247 4278190080 1386
0.85135716 0.20378144 -0.032252677 4278190080 1386
0.85531843 0.14008053 -0.047242954 4278190080 1386
0.83745641 0.16857328 -0.054643292 4278190080 1386
0.85255665 0.20406856 -0.064376377 4278190080 1386
0.85136074 0.10756839 -0.07024952 4278190080 1386
0.8511458 0.13909209 -0.078487821 4278190080 1386
0.83498973 0.16792512 -0.085612334 4278190080 1386
0.85717601 0.10784718 -0.10255912 4278190080 1386
0.84580195 0.13806726 -0.10978383 4278190080 1386
0.84477669 0.20205045 -0.12810931 4278190080 1386
0.83551693 0.13593926 -0.13998595 4278190080 1386
0.84116983 0.16886252 -0.1501995 4278190080 1386
0.84056497 0.20119822 -0.16003419 4278190080 1386
0.83799338 0.20073733 -0.19277088 4278190080 1386
0.84991801 0.13682431 -0.015477271 4278190080 1386
0.84224635 0.16715598 -0.023684956 4278190080 1386
0.84614289 0.19979069 -0.032031771 4278190080 1386
0.85475826 0.13729744 -0.047188528 4278190080 1386
0.84775901 0.16794249 -0.055281647 4278190080 1386
0.85123742 0.20099361 -0.064229898 4278190080 1386
0.85366511 0.10519974 -0.070412703 4278190080 1386
0.84566844 0.13553457 -0.077944018 4278190080 1386
0.83550096 0.16536261 -0.085612334 4278190080 1386
0.84360242 0.16666007 -0.11825138 4278190080 1386
0.84442973 0.1992306 -0.12796339 4278190080 1386
0.84071761 0.16609015 -0.15002705 4278190080 1386
0.8411783 0.19861846 -0.16003419 4278190080 1386
0.84588605 0.10304229 -0.16517606 4278190080 1386
0.83860528 0.19816546 -0.19277088 4278190080 1386
0.84480524 0.19674049 -0.031958133 4278190080 1386
0.85221636 0.13420843 -0.047025245 4278190080 1386
0.84239304 0.16419525 -0.054898631 4278190080 1386
0.84990746 0.1979287 -0.064083427 4278190080 1386
0.86091071 0.10341229 -0.070983835 4278190080 1386
0.85099941 0.13371237 -0.078397185 4278190080 1386
0.83893424 0.1633691 -0.085912377 4278190080 1386
0.83259457 0.19374365 -0.094073117 4278190080 1386
0.84957296 0.13333629 -0.11016502 4278190080 1386
0.83827496 0.16293703 -0.11743398 4278190080 1386
0.83925569 0.19529368 -0.12708794 4278190080 1386
0.84510803 0.1321822 -0.14145432 4278190080 1386
0.83891064 0.19536774 -0.15948799 4278190080 1386
0.84227449 0.16179635 -0.023657383 4278190080 1386
0.83858711 0.19258204 -0.031700406 4278190080 1386
0.84966367 0.13113631 -0.046861965 4278190080 1386
0.84289283 0.16161007 -0.054898631 4278190080 1386
0.84856659 0.19487384 -0.063936949 4278190080 1386
0.85231471 0.099728115 -0.07024952 4278190080 1386
0.85534275 0.13170715 -0.078759715 4278190080 1386
0.83943146 0.16079451 -0.085912377 4278190080 1386
0.8448109 0.19385612 -0.095385768 4278190080 1386
0.84899765 0.13057843 -0.11003796 4278190080 1386
0.83974391 0.1605505 -0.11757021 4278190080 1386
0.8398509 0.19271795 -0.12708794 4278190080 1386
0.83965832 0.12869202 -0.14047541 4278190080 1386
0.83011091 0.15870877 -0.14795771 4278190080 1386
0.84142274 0.19323325 -0.15985212 4278190080 1386
0.83314788 0.191486 -0.19124269 4278190080 1386
0.84209794 0.19067043 -0.031810861 4278190080 1386
0.84808737 0.12823039 -0.046753109 4278190080 1386
0.84240401 0.15883844 -0.054834794 4278190080 1386
0.85207856 0.19293028 -0.064156666 4278190080 1386
0.85459721 0.097338364 -0.070412703 4278190080 1386
0.85180384 0.12848821 -0.078397185 4278190080 1386
0.83503193 0.15729748 -0.085412309 4278190080 1386
0.84637111 0.19148269 -0.095495157 4278190080 1386
0.85037506 0.1281209 -0.11016502 4278190080 1386
0.83925891 0.15779039 -0.11743398 4278190080 1386
0.84526277 0.19123194 -0.12781748 4278190080 1386
0.82834119 0.12435766 -0.13851756 4278190080 1386
0.83640224 0.15725331 -0.14899237 4278190080 1386
0.84619987 0.15717284 -0.023740103 4278190080 1386
0.84877485 0.15734464 -0.055217814 4278190080 1386
0.84585291 0.18879443 -0.063643992 4278190080 1386
0.85885423 0.095155045 -0.070739061 4278190080 1386
0.85711998 0.1266019 -0.078850351 4278190080 1386
0.84138066 0.15582202 -0.086012393 4278190080 1386
0.83434242 0.18607244 -0.094073117 4278190080 1386
0.8438952 0.12449802 -0.10927556 4278190080 1386
0.83681649 0.15467465 -0.11702527 4278190080 1386
0.84336048 0.12396798 -0.14096487 4278190080 1386
0.83299583 0.18592474 -0.15803148 4278190080 1386
0.84422803 0.18571453 -0.031847678 4278190080 1386
0.85121715 0.15509768 -0.055345483 4278190080 1386
0.84837621 0.18662706 -0.06379047 4278190080 1386
0.85914212 0.092519671 -0.070739061 4278190080 1386
0.85848999 0.1241142 -0.07894098 4278190080 1386
0.8428337 0.15341817 -0.08611241 4278190080 1386
0.84329146 0.12176666 -0.1091485 4278190080 1386
0.83728713 0.15210661 -0.11702527 4278190080 1386
0.84448773 0.18561713 -0.12752566 4278190080 1386
0.84666651 0.12180147 -0.14145432 4278190080 1386
0.83836395 0.18442455 -0.15894181 4278190080 1386
0.84874195 0.15195781 -0.055153973 4278190080 1386
0.84212202 0.18254444 -0.063277803 4278190080 1386
0.85644811 0.089572407 -0.070494287 4278190080 1386
0.85689455 0.12120086 -0.078759715 4278190080 1386
0.83938265 0.15013093 -0.085712351 4278190080 1386
0.84518325 0.18305358 -0.095166996 4278190080 1386
0.85250038 0.12042757 -0.11029208 4278190080 1386
0.84652722 0.15110387 -0.11825138 4278190080 1386
0.84408635 0.182816 -0.12737976 4278190080 1386
0.84801316 0.11934084 -0.14161748 4278190080 1386
0.85411853 0.1502175 -0.055473153 4278190080 1386
0.84267807 0.17995998 -0.063277803 4278190080 1386
0.87159252 0.088453896 -0.071718156 4278190080 1386
0.8552894 0.11829849 -0.07857845 4278190080 1386
0.84277916 0.14807156 -0.086012393 4278190080 1386
0.84282452 0.17983745 -0.094838835 4278190080 1386
0.84446573 0.11620065 -0.14096487 4278190080 1386
0.838269 0.14697753 -0.14899237 4278190080 1386
0.82794058 0.17681269 -0.15675704 4278190080 1386
0.8480649 0.14677684 -0.023740103 4278190080 1386
0.84198987 0.17711377 -0.031700406 4278190080 1386
0.85752559 0.14810593 -0.055664659 4278190080 1386
0.85005796 0.17881091 -0.06379047 4278190080 1386
0.87185979 0.085779473 -0.071718156 4278190080 1386
0.86058283 0.11634102 -0.079031616 4278190080 1386
0.83832699 0.14463942 -0.085512318 4278190080 1386
0.83850855 0.17622866 -0.094291896 4278190080 1386
0.8386516 0.14439398 -0.11702527 4278190080 1386
0.83406246 0.1121629 -0.13917017 4278190080 1386
0.84356964 0.14524074 -0.1498546 4278190080 1386
0.83329028 0.1752838 -0.15766735 4278190080 1386
0.84937906 0.17594868 -0.031958133 4278190080 1386
0.84474307 0.17498833 -0.063351043 4278190080 1386
0.87211889 0.083104238 -0.071718156 4278190080 1386
0.83974785 0.14223294 -0.085612334 4278190080 1386
0.83807188 0.17345385 -0.094182514 4278190080 1386
0.86641467 0.080184214 -0.03920744 4278190080 1386
0.84660512 0.14087576 -0.054898631 4278190080 1386
0.84234434 0.17179796 -0.063131332 4278190080 1386
0.86839986 0.080062225 -0.071391791 4278190080 1386
0.84116173 0.13981912 -0.085712351 4278190080 1386
0.84931391 0.17306504 -0.095385768 4278190080 1386
0.85736018 0.078591712 -0.10220546 4278190080 1386
0.85391402 0.10995702 -0.11029208 4278190080 1386
0.84238869 0.17165388 -0.12679611 4278190080 1386
0.84452087 0.10829798 -0.14080171 4278190080 1386
0.8276059 0.16879204 -0.1563929 4278190080 1386
0.84162474 0.16896339 -0.031626768 4278190080 1386
0.85688257 0.13988563 -0.055536989 4278190080 1386
0.84775645 0.17019439 -0.063497521 4278190080 1386
0.85865289 0.10804252 -0.078759715 4278190080 1386
0.84256876 0.13739794 -0.08581236 4278190080 1386
0.84691709 0.16987212 -0.095057607 4278190080 1386
0.85292327 0.16851114 -0.032031771 4278190080 1386
0.86987615 0.075124346 -0.039342482 4278190080 1386
0.85533684 0.13694057 -0.055409316 4278190080 1386
0.84533942 0.1670128 -0.063277803 4278190080 1386
0.86095726 0.1056503 -0.07894098 4278190080 1386
0.84200382 0.13465521 -0.085712351 4278190080 1386
0.840608 0.16592559 -0.094291896 4278190080 1386
0.85260361 0.10447415 -0.11003796 4278190080 1386
0.83469093 0.16475764 -0.12548292 4278190080 1386
0.84334308 0.13456748 -0.14950971 4278190080 1386
0.84755039 0.1647495 -0.031810861 4278190080 1386
0.84195048 0.1321494 -0.054515619 4278190080 1386
0.84682685 0.16460887 -0.063351043 4278190080 1386
0.8800258 0.072972268 -0.072289288 4278190080 1386
0.85929966 0.10277189 -0.078759715 4278190080 1386
0.84437895 0.13237956 -0.085912377 4278190080 1386
0.84013736 0.16315636 -0.094182514 4278190080 1386
0.84664053 0.13243134 -0.11784269 4278190080 1386
0.83713484 0.16257328 -0.12577474 4278190080 1386
0.85099649 0.1627115 -0.031921316 4278190080 1386
0.84536868 0.16163546 -0.063204564 4278190080 1386
0.86257851 0.1004808 -0.079031616 4278190080 1386
0.84969831 0.13054387 -0.086412452 4278190080 1386
0.84453934 0.1613241 -0.094620064 4278190080 1386
0.8551991 0.099469893 -0.11029208 4278190080 1386
0.85095972 0.13043365 -0.11838762 4278190080 1386
0.83762968 0.16000421 -0.12577474 4278190080 1386
0.84756327 0.15936127 -0.031774044 4278190080 1386
0.84570599 0.12742688 -0.054707125 4278190080 1386
0.84880102 0.15959401 -0.063424282 4278190080 1386
0.85397679 0.096824221 -0.078215919 4278190080 1386
0.85107875 0.12808451 -0.086512469 4278190080 1386
0.84112263 0.15799831 -0.094182514 4278190080 1386
0.84903085 0.15694189 -0.031810861 4278190080 1386
0.8532095 0.15771431 -0.063717239 4278190080 1386
0.8641687 0.095295385 -0.079122245 4278190080 1386
0.85245204 0.12561789 -0.086612478 4278190080 1386
0.84355831 0.15577805 -0.094401285 4278190080 1386
0.86072296 0.094763368 -0.1109274 4278190080 1386
0.84248704 0.15558022 -0.12635839 4278190080 1386
0.84459221 0.1534432 -0.031626768 4278190080 1386
0.8478018 0.15402631 -0.063277803 4278190080 1386
0.88582593 0.062518336 -0.072697237 4278190080 1386
0.8634668 0.092537582 -0.079031616 4278190080 1386
0.85775739 0.12371218 -0.087112553 4278190080 1386
0.84501028 0.15336682 -0.094510667 4278190080 1386
0.84198701 0.15281811 -0.12621248 4278190080 1386
0.84702653 0.15120254 -0.031700406 4278190080 1386
0.86103344 0.089909539 -0.047188528 4278190080 1386
0.84684294 0.11963781 -0.054707125 4278190080 1386
0.85023397 0.15177509 -0.063424282 4278190080 1386
0.85879391 0.089372657 -0.07857845 4278190080 1386
0.85911816 0.12121905 -0.087212563 4278190080 1386
0.84351975 0.15042463 -0.094291896 4278190080 1386
0.84342581 0.1504079 -0.12635839 4278190080 1386
0.83924294 0.14981309 -0.15784942 4278190080 1386
0.84945506 0.14894837 -0.031774044 4278190080 1386
0.84918314 0.1173123 -0.054834794 4278190080 1386
0.84774858 0.14864916 -0.063204564 4278190080 1386
0.87194508 0.088038057 -0.079756677 4278190080 1386
0.84887272 0.14869356 -0.094838835 4278190080 1386
0.84680665 0.14833166 -0.12679611 4278190080 1386
0.84399903 0.14532414 -0.031553134 4278190080 1386
0.86156893 0.084624648 -0.047188528 4278190080 1386
0.85606349 0.14740147 -0.06379047 4278190080 1386
0.88735861 0.054423776 -0.072778828 4278190080 1386
0.8722111 0.085362554 -0.079756677 4278190080 1386
0.85030448 0.14625706 -0.094948217 4278190080 1386
0.87720907 0.05334026 -0.10432738 4278190080 1386
0.835558 0.14372058 -0.1250452 4278190080 1386
0.84541529 0.113699 -0.14933728 4278190080 1386
0.87474686 0.083210237 -0.047896083 4278190080 1386
0.84372789 0.14261359 -0.062838376 4278190080 1386
0.88055658 0.051295415 -0.072207697 4278190080 1386
0.8468287 0.1429857 -0.094510667 4278190080 1386
0.88034272 0.050820459 -0.10468103 4278190080 1386
0.84087247 0.14197999 -0.12577474 4278190080 1386
0.85751671 0.080665193 -0.14243324 4278190080 1386
0.84586066 0.14030625 -0.031589951 4278190080 1386
0.90069735 0.050011851 -0.040647898 4278190080 1386
0.87102079 0.080160126 -0.047678374 4278190080 1386
0.85793567 0.14230917 -0.06386371 4278190080 1386
0.88170499 0.048648573 -0.072289288 4278190080 1386
0.8472634 0.14038698 -0.094510667 4278190080 1386
0.82959217 0.13745897 -0.12402382 4278190080 1386
0.84101814 0.139503 -0.15784942 4278190080 1386
0.84628713 0.13771053 -0.031589951 4278190080 1386
0.8682788 0.077222131 -0.047515091 4278190080 1386
0.84360272 0.13727371 -0.062765136 4278190080 1386
0.84769011 0.13778697 -0.094510667 4278190080 1386
0.83293945 0.13538933 -0.12446155 4278190080 1386
0.89200729 0.044040971 -0.040242769 4278190080 1386
0.8432008 0.13440332 -0.093963735 4278190080 1386
0.888708 0.043100674 -0.1056241 4278190080 1386
0.84185833 0.13433999 -0.15784942 4278190080 1386
0.89612991 0.041488931 -0.040422827 4278190080 1386
0.84639978 0.13240315 -0.062911615 4278190080 1386
0.84753752 0.13242958 -0.094401285 4278190080 1386
0.84450632 0.13195595 -0.12606657 4278190080 1386
0.91022569 0.039343402 -0.041053023 4278190080 1386
0.85249776 0.099165127 -0.054898631 4278190080 1386
0.84597474 0.12952788 -0.094182514 4278190080 1386
0.90435302 0.036310218 -0.040782936 4278190080 1386
0.84341913 0.12648958 -0.093854345 4278190080 1386
0.91044998 0.033757623 -0.041053023 4278190080 1386
0.85606611 0.094260104 -0.055090141 4278190080 1386
0.84758252 0.12460748 -0.062911615 4278190080 1386
0.84577012 0.12419023 -0.094073117 4278190080 1386
0.91653973 0.031167954 -0.04132311 4278190080 1386
0.85932815 0.091951832 -0.055281647 4278190080 1386
0.85598612 0.12300876 -0.095166996 4278190080 1386
0.91363549 0.028263235 -0.041188065 4278190080 1386
0.8737219 0.058827143 -0.0477328 4278190080 1386
0.86258405 0.08962442 -0.055473153 4278190080 1386
0.85129392 0.11982148 -0.063131332 4278190080 1386
0.86695641 0.089925773 -0.087612621 4278190080 1386
0.85340649 0.11996694 -0.094838835 4278190080 1386
0.92360324 0.025896883 -0.0079020569 4278190080 1386
0.92370391 0.025738362 -0.04163821 4278190080 1386
0.89681697 0.057618804 -0.048984632 4278190080 1386
0.86881256 0.087578163 -0.055856168 4278190080 1386
0.8506695 0.11707322 -0.063058093 4278190080 1386
0.84786206 0.11653607 -0.094182514 4278190080 1386
0.87638336 0.022889117 -0.16993344 4278190080 1386
0.85174727 0.11456004 -0.031663585 4278190080 1386
0.89100957 0.054501358 -0.048658065 4278190080 1386
0.87106359 0.085106358 -0.055983838 4278190080 1386
0.8539899 0.11486167 -0.063277803 4278190080 1386
0.91068065 0.022261525 -0.074573822 4278190080 1386
0.86947244 0.084797695 -0.087812647 4278190080 1386
0.92384446 0.020070137 -0.04163821 4278190080 1386
0.8831979 0.051304277 -0.048222646 4278190080 1386
0.87330765 0.082621567 -0.056111511 4278190080 1386
0.85433829 0.11224113 -0.063277803 4278190080 1386
0.87270027 0.082410425 -0.088112697 4278190080 1386
0.94179863 0.017734034 -0.0080559924 4278190080 1386
0.88150746 0.08066947 -0.056622192 4278190080 1386
0.85467863 0.10961952 -0.063277803 4278190080 1386
0.93884915 0.014797279 -0.0080303373 4278190080 1386
0.93194109 0.014525706 -0.041998323 4278190080 1386
0.88175082 0.077964664 -0.056622192 4278190080 1386
0.85501087 0.10699689 -0.063277803 4278190080 1386
0.9418897 0.011954933 -0.0080559924 4278190080 1386
0.85236526 0.10401085 -0.063058093 4278190080 1386
0.94992131 0.0091421865 -0.0081244092 4278190080 1386
0.94200206 0.0089015458 -0.042448465 4278190080 1386
0.90969527 0.041649599 -0.049637761 4278190080 1386
0.87922883 0.07230749 -0.05643069 4278190080 1386
0.85168993 0.10127757 -0.062984854 4278190080 1386
0.93794554 0.0061491588 -0.0080217849 4278190080 1386
0.94801879 0.0060497313 -0.042718552 4278190080 1386
0.87745678 0.069452226 -0.056303017 4278190080 1386
0.93086904 0.0056153443 -0.076205634 4278190080 1386
0.92151546 0.0050763995 -0.10939639 4278190080 1386
0.86355704 0.035674769 -0.17584252 4278190080 1386
0.94103998 0.0031180519 -0.042403452 4278190080 1386
0.88264114 0.067138359 -0.056622192 4278190080 1386
0.85923266 0.09683159 -0.063497521 4278190080 1386
0.91954064 0.0022443584 -0.10916062 4278190080 1386
0.94496542 0.00039685701 -0.0080816494 4278190080 1386
0.95003599 0.00023317392 -0.042808581 4278190080 1386
0.8808524 0.064284861 -0.056494523 4278190080 1386
0.85655153 0.093869112 -0.063277803 4278190080 1386
0.91992271 -9.5330601e-05 -0.075308137 4278190080 1386
0.90564084 -0.00056804309 -0.10751025 4278190080 1386
0.93205059 -0.0026307427 -0.041998323 4278190080 1386
0.91911954 0.030783921 -0.050127607 4278190080 1386
0.88303649 0.06172131 -0.056622192 4278190080 1386
0.86179405 0.091768824 -0.063643992 4278190080 1386
0.90464181 -0.003342838 -0.10739236 4278190080 1386
0.93903095 -0.0055314125 -0.042313423 4278190080 1386
0.87824303 0.058679253 -0.056303017 4278190080 1386
0.86901575 0.089842364 -0.064156666 4278190080 1386
0.92987126 -0.0058020554 -0.076124042 4278190080 1386
0.91450137 0.02533219 -0.016447971 4278190080 1386
0.88484776 0.056704428 -0.024456993 4278190080 1386
0.89534986 0.057063632 -0.057388224 4278190080 1386
0.87226433 0.087474391 -0.064376377 4278190080 1386
0.88900858 0.054232955 -0.024567284 4278190080 1386
0.92435503 0.022444459 -0.050399743 4278190080 1386
0.91963762 0.0198282 -0.016537849 4278190080 1386
0.88817286 0.051447455 -0.024539711 4278190080 1386
0.87675631 0.082494326 -0.064669326 4278190080 1386
0.93868786 0.017357925 -0.016879393 4278190080 1386
0.9013021 0.049434014 -0.024898157 4278190080 1386
0.92674005 0.014292967 -0.016663682 4278190080 1386
0.873353 0.076617286 -0.096479639 4278190080 1386
0.93277812 0.011523808 -0.016771536 4278190080 1386
0.89459938 0.043562464 -0.024705147 4278190080 1386
0.93180925 0.0086527476 -0.016753562 4278190080 1386
0.95182782 0.0059182895 -0.017113078 4278190080 1386
0.93958902 0.0055142008 -0.051216152 4278190080 1386
0.94084334 0.0029634535 -0.016915344 4278190080 1386
0.91154867 0.0020756994 -0.11677238 4278190080 1386
0.90865785 0.0015933427 -0.15026464 4278190080 1386
0.94984657 7.7709141e-05 -0.017077127 4278190080 1386
0.90205932 0.032835614 -0.024898157 4278190080 1386
0.88109034 0.063848116 -0.032547224 4278190080 1386
0.94260079 -0.00025191341 -0.051379435 4278190080 1386
0.93712711 -0.00057756965 -0.085285261 4278190080 1386
0.89681923 -0.0011788257 -0.14830679 4278190080 1386
0.90415388 0.030134575 -0.0249533 4278190080 1386
0.88946092 0.061712123 -0.06547495 4278190080 1386
0.92218274 -0.0033975958 -0.083925776 4278190080 1386
0.90261728 -0.0034830493 -0.11562879 4278190080 1386
0.91723126 0.027753552 -0.025311746 4278190080 1386
0.9351142 -0.0063142139 -0.085103996 4278190080 1386
0.92230833 0.025075231 -0.025449609 4278190080 1386
0.88862199 0.056177415 -0.032804951 4278190080 1386
0.93537217 0.022558829 -0.025808055 4278190080 1386
0.93443763 0.019668005 -0.025780482 4278190080 1386
0.88595688 0.050553091 -0.032694496 4278190080 1386
5.2277083 8.3195124 -0.084032044 4294901760 240
5.2603927 8.258604 -0.083741277 4294901760 240
5.3109674 8.2261715 -0.083741277 4294901760 240
5.3389049 8.2140312 -0.083784044 4294901760 240
5.3717451 8.2093267 -0.083903767 4294901760 240
5.4013062 8.1994877 -0.083972178 4294901760 240
5.2266741 8.3116264 -0.17652358 4294901760 240
5.2387781 8.2744322 -0.17607416 4294901760 240
5.2566152 8.2465172 -0.17582251 4294901760 240
5.3361073 8.2036543 -0.17594834 4294901760 240
5.3711104 8.202302 -0.17627192 4294901760 240
5.4039536 8.1974716 -0.17652358 4294901760 240
0.51817667 4.4407063 -0.038236033 4278255360 369
0.5297761 4.4222169 -0.03809065 4278255360 369
0.54077899 4.3997283 -0.037911057 4278255360 369
0.55227411 4.382175 -0.037774228 4278255360 369
0.5618735 4.350708 -0.037517663 4278255360 369
0.57482529 4.3459902 -0.037492011 4278255360 369
0.58681428 4.3342967 -0.037406489 4278255360 369
0.59997177 4.3314853 -0.037397936 4278255360 369
0.61255658 4.3246737 -0.037355177 4278255360 369
0.62481868 4.3158464 -0.037295312 4278255360 369
0.63703239 4.3069849 -0.03723545 4278255360 369
0.64964569 4.3010554 -0.037201244 4278255360 369
0.52007824 4.4439483 -0.080442265 4278255360 369
0.52989316 4.4105654 -0.079867035 4278255360 369
0.70253879 4.2937465 -0.037209794 4278255360 369
0.71686 4.2984753 -0.037269659 4278255360 369
0.5635311 4.3519573 -0.078896336 4278255360 369
0.73155177 4.3051281 -0.037346624 4278255360 369
0.57490844 4.33534 -0.078626692 4278255360 369
0.74492681 4.3038487 -0.037355177 4278255360 369
0.58780295 4.330584 -0.078572765 4278255360 369
0.75882161 4.3054824 -0.037389386 4278255360 369
0.59998614 4.3208375 -0.078428961 4278255360 369
0.77291 4.3080554 -0.037432145 4278255360 369
0.61267722 4.3150167 -0.078357056 4278255360 369
0.78899693 4.321403 -0.037568975 4278255360 369
0.62490749 4.3061905 -0.078231223 4278255360 369
0.80517304 4.3346925 -0.037705813 4278255360 369
0.63752919 4.3002968 -0.078159317 4278255360 369
0.82032424 4.3420277 -0.03779133 4278255360 369
0.65056968 4.2973323 -0.078141339 4278255360 369
0.51076931 4.4631605 -0.12391176 4278255360 369
0.83533931 4.3483281 -0.037868295 4278255360 369
0.66436148 4.2992687 -0.078213245 4278255360 369
0.52282578 4.4476728 -0.12352573 4278255360 369
0.67894977 4.3060985 -0.078375027 4278255360 369
0.53227746 4.4113135 -0.12256069 4278255360 369
0.69279253 4.3079443 -0.078446932 4278255360 369
0.5437212 4.3927946 -0.12209195 4278255360 369
0.70632941 4.3077717 -0.078482881 4278255360 369
0.55631471 4.3841643 -0.12189894 4278255360 369
0.73358727 4.3082848 -0.078572765 4278255360 369
0.74611801 4.3020735 -0.078500859 4278255360 369
0.59110874 4.3382492 -0.12076846 4278255360 369
0.75966084 4.3017335 -0.078536816 4278255360 369
0.60234559 4.3215647 -0.12035488 4278255360 369
0.7748006 4.3102074 -0.078734547 4278255360 369
0.61461395 4.3127689 -0.12016187 4278255360 369
0.78981966 4.3176451 -0.078914307 4278255360 369
0.62827456 4.3138304 -0.12024458 4278255360 369
0.80507445 4.326014 -0.079112038 4278255360 369
0.63988823 4.3010068 -0.11994129 4278255360 369
0.65278018 4.2970467 -0.11988613 4278255360 369
0.66672611 4.299963 -0.120024 4278255360 369
0.68053991 4.3018465 -0.12013429 4278255360 369
0.53447223 4.3976345 -0.16321474 4278255360 369
0.69405299 4.301712 -0.12018944 4278255360 369
0.54586011 4.3791165 -0.16258885 4278255360 369
0.7083829 4.3064671 -0.12038244 4278255360 369
0.55764604 4.3645349 -0.16211021 4278255360 369
0.56960696 4.3519034 -0.16170521 4278255360 369
0.73529851 4.304996 -0.12046517 4278255360 369
0.58056659 4.3323069 -0.16104248 4278255360 369
0.74987316 4.3105984 -0.12068575 4278255360 369
0.59263325 4.3215952 -0.16071112 4278255360 369
0.76414043 4.3141832 -0.12085119 4278255360 369
0.79510677 4.3339934 -0.12154049 4278255360 369
0.82876819 4.3663521 -0.12258826 4278255360 369
0.84443307 4.3755674 -0.12291913 4278255360 369
0.66946179 4.2931685 -0.1600852 4278255360 369
0.85823798 4.3749175 -0.12297428 4278255360 369
0.68231589 4.2891212 -0.16001157 4278255360 369
0.69611168 4.2909532 -0.16015886 4278255360 369
0.71106637 4.2996426 -0.16056384 4278255360 369
0.7259149 4.3072953 -0.16093203 4278255360 369
0.76850474 4.3171568 -0.16155793 4278255360 369
0.78299308 4.3216619 -0.16181566 4278255360 369
0.79842216 4.3310328 -0.16225748 4278255360 369
0.8128109 4.334456 -0.16247839 4278255360 369
0.82910025 4.3476481 -0.16306749 4278255360 369
0.8469997 4.368629 -0.16395111 4278255360 369
-4.950223 7.8099976 -0.079080433 4294967040 372
-4.9145184 7.8065305 -0.078892291 4294967040 372
-4.8794122 7.8037663 -0.078712694 4294967040 372
-4.8506999 7.8110538 -0.07863573 4294967040 372
-4.8261881 7.8250475 -0.078627177 4294967040 372
-4.802681 7.8406701 -0.07863573 4294967040 372
-4.7801628 7.8579307 -0.07866139 4294967040 372
-4.7606859 7.8802624 -0.078738354 4294967040 372
-4.7457471 7.910265 -0.078892291 4294967040 372
-4.7245274 7.9299421 -0.078943603 4294967040 372
-4.9581976 7.8284326 -0.16660087 4294967040 372
-4.9112644 7.8072157 -0.1658279 4294967040 372
-4.8740444 7.8010483 -0.16537851 4294967040 372
-4.8474522 7.811717 -0.16528863 4294967040 372
-4.8213649 7.8231468 -0.16521671 4294967040 372
-4.7983851 7.8396082 -0.16525267 4294967040 372
-4.7779465 7.8602729 -0.16537851 4294967040 372
-4.7610431 7.886878 -0.16563016 4294967040 372
-4.744535 7.9143105 -0.1658998 4294967040 372
-4.72995 7.9451523 -0.16624133 4294967040 372
-4.7426958 8.0224562 -0.16755357 4294967040 372
-6.7982988 7.6344762 -0.087427191 4278190335 379
-6.7589397 7.6373253 -0.087221943 4278190335 379
-6.726892 7.6482644 -0.087110773 4278190335 379
-6.6987891 7.6635962 -0.087050907 4278190335 379
-6.6759014 7.684866 -0.087059453 4278190335 379
-6.6357851 7.7340326 -0.087153532 4278190335 379
-6.6100798 7.7520714 -0.087127872 4278190335 379
-6.5979018 7.786046 -0.087281808 4278190335 379
-6.830267 7.6283455 -0.18409143 4278190335 379
-6.7975259 7.6388073 -0.18383977 4278190335 379
-6.7528629 7.6356597 -0.18326455 4278190335 379
-6.7201643 7.6458273 -0.18301289 4278190335 379
-6.6914134 7.6603842 -0.18286908 4278190335 379
-6.6613255 7.6733265 -0.18268931 4278190335 379
-6.6202497 7.7693186 -0.1835162 4278190335 379
-6.6099515 7.8056154 -0.1838937 4278190335 379
-6.6052866 7.8488073 -0.18443297 4278190335 379
-11.677073 9.4556961 -0.1285025 4294902015 865
-11.616224 9.4655771 -0.12815186 4294902015 865
-11.576304 9.4922943 -0.12803213 4294902015 865
-11.537102 9.5194921 -0.12792096 4294902015 865
-11.504764 9.5522871 -0.12788674 4294902015 865
-11.473869 9.586256 -0.12786965 4294902015 865
-11.439813 9.6175518 -0.12781833 4294902015 865
-11.435446 9.6739159 -0.12810056 4294902015 865
-11.414088 9.7160835 -0.12819462 4294902015 865
-3.0712707 1.1730441 -0.148142 4278255615 536
-3.059268 1.1792274 -0.14773686 4278255615 536
-3.0435324 1.1838995 -0.14715168 4278255615 536
-3.0324469 1.1903113 -0.14679158 4278255615 536
-3.0194929 1.1959305 -0.14634143 4278255615 536
-3.000967 1.199257 -0.1456212 4278255615 536
-2.9985611 1.208369 -0.027648646 4278255615 536
-2.9935677 1.206964 -0.14544114 4278255615 536
-2.9892821 1.2153032 -0.027597336 4278255615 536
-2.9898505 1.2161425 -0.14544114 4278255615 536
-2.9836891 1.2237096 -0.027580231 4278255615 536
-2.9898021 1.2268264 -0.1456212 4278255615 536
-2.9823322 1.234465 -0.14544114 4278255615 536
-2.9604363 1.2354472 -0.027434846 4278255615 536
-3.1211011 1.1707655 -0.059931729 4278255615 536
-2.9729996 1.2412994 -0.14517106 4278255615 536
-2.9529455 1.2429721 -0.027400639 4278255615 536
-3.0828974 1.1672363 -0.059266623 4278255615 536
-2.9664154 1.2492514 -0.14503601 4278255615 536
-2.9546406 1.2543703 -0.027451949 4278255615 536
-2.9305551 1.2547702 -0.027263807 4278255615 536
-3.0414977 1.1849036 -0.17792305 4278255615 536
-3.0266967 1.1898454 -0.17726994 4278255615 536
-3.0156066 1.1961802 -0.17683451 4278255615 536
-3.0007985 1.2009742 -0.17618139 4278255615 536
-2.9868999 1.2167274 -0.1758004 4278255615 536
-2.9859235 1.2270238 -0.17596367 4278255615 536
-2.9821448 1.2361788 -0.17596367 4278255615 536
-2.9774172 1.2449368 -0.17590925 4278255615 536
-2.9671435 1.2513494 -0.17552826 4278255615 536
-3.0733571 1.1762234 -0.090769351 4278255615 536
-2.966047 1.2616191 -0.17569155 4278255615 536
-3.052017 1.1788038 -0.090245478 4278255615 536
-2.9350762 1.2685533 -0.057487007 4278255615 536
-3.3418522 1.6040169 -0.031702299 4278255615 536
-3.3225126 1.6072946 -0.031565469 4278255615 536
-3.3270788 1.6102201 -0.16655284 4278255615 536
-3.3130717 1.6152891 -0.031522706 4278255615 536
-3.3185315 1.618668 -0.16637278 4278255615 536
-3.3126533 1.6284008 -0.16632777 4278255615 536
-3.2959292 1.6320375 -0.031454291 4278255615 536
-3.3004806 1.6350086 -0.16596766 4278255615 536
-3.2918015 1.6425881 -0.031462844 4278255615 536
-3.2936614 1.6442342 -0.16587763 4278255615 536
-3.2903862 1.6552292 -0.16596766 4278255615 536
-3.2861209 1.6650151 -0.031505603 4278255615 536
-2.9422586 1.2627447 -0.088315383 4278255615 536
-2.9365361 1.2709713 -0.088260241 4278255615 536
-3.3363855 1.6027814 -0.066546872 4278255615 536
-3.327853 1.6112669 -0.066474967 4278255615 536
-3.0251634 1.2035625 -0.11995345 4278255615 536
-3.3219955 1.6210306 -0.066456996 4278255615 536
-2.9973443 1.203159 -0.11899618 4278255615 536
-3.3170066 1.6312146 -0.066456996 4278255615 536
-2.989934 1.2108487 -0.11884891 4278255615 536
-3.3110905 1.6409394 -0.06643901 4278255615 536
-2.984355 1.21926 -0.11877527 4278255615 536
-3.3015683 1.6488564 -0.066349134 4278255615 536
-2.9778283 1.2272677 -0.11866482 4278255615 536
-2.9731264 1.2360142 -0.118628 4278255615 536
-3.284255 1.6654657 -0.066205323 4278255615 536
-2.9496751 1.2582287 -0.11814936 4278255615 536
-2.9476371 1.268062 -0.118223 4278255615 536
-3.3541741 1.600791 -0.10251533 4278255615 536
-2.9327316 1.2723266 -0.11778118 4278255615 536
-3.3420408 1.6076075 -0.10229475 4278255615 536
-3.3307962 1.6148005 -0.10210174 4278255615 536
-3.3195395 1.6219398 -0.10190873 4278255615 536
-3.3073735 1.6285837 -0.10168815 4278255615 536
-3.3014662 1.6382786 -0.10166058 4278255615 536
-3.2973185 1.6488466 -0.10168815 4278255615 536
-3.2913518 1.6585052 -0.10166058 4278255615 536
-3.3693368 1.5989105 -0.13740525 4278255615 536
-3.350893 1.602772 -0.13685298 4278255615 536
-3.3432596 1.6117429 -0.13674252 4278255615 536
-3.3284116 1.6171882 -0.13633752 4278255615 536
-3.3162546 1.6238763 -0.13604297 4278255615 536
-3.3049841 1.6309471 -0.13578525 4278255615 536
-3.2972803 1.639744 -0.13567479 4278255615 536
-3.2913408 1.6494046 -0.13563798 4278255615 536
-3.285373 1.659044 -0.13560115 4278255615 536
-9.1782808 3.0590746 -0.082740687 4294967295 356
-9.135684 3.0760505 -0.082441367 4294967295 356
-9.1120033 3.0992339 -0.082313091 4294967295 356
-9.0873203 3.1219761 -0.082176261 4294967295 356
-9.0701427 3.1472187 -0.082107849 4294967295 356
-9.0444012 3.1694088 -0.081962459 4294967295 356
-9.0327501 3.1964746 -0.08194536 4294967295 356
-9.0458879 3.2637162 -0.082244679 4294967295 356
-9.0602617 3.3003519 -0.082467027 4294967295 356
-9.057601 3.3308938 -0.082535438 4294967295 356
-9.0927792 3.0961263 -0.1726947 4294967295 356
-9.0709467 3.1197808 -0.17246102 4294967295 356
-9.0641651 3.1485794 -0.17251493 4294967295 356
-9.0554075 3.1767042 -0.17253292 4294967295 356
-9.0451593 3.235575 -0.17271268 4294967295 356
-9.0464745 3.2673857 -0.17292839 4294967295 356
-9.0561342 3.3023176 -0.17330588 4294967295 356
-8.8438749 0.62135661 -0.075822115 4278190080 345
-8.8339491 0.64790118 -0.075753704 4278190080 345
-8.8109818 0.6734001 -0.075574115 4278190080 345
-8.8048868 0.70011151 -0.075539894 4278190080 345
-8.7977142 0.72670966 -0.075497136 4278190080 345
-8.7954435 0.75369722 -0.075497136 4278190080 345
-8.8000622 0.78129673 -0.075557001 4278190080 345
-8.8125601 0.80966359 -0.075685285 4278190080 345
-8.8179989 0.83745271 -0.075753704 4278190080 345
-8.8385696 0.6239875 -0.15930264 4278190080 345
-8.8306303 0.65066004 -0.15919477 4278190080 345
-8.8236094 0.67736638 -0.15910491 4278190080 345
-8.8095293 0.70347857 -0.15888919 4278190080 345
-8.8033428 0.73017192 -0.15881728 4278190080 345
-8.8070393 0.75769103 -0.15892515 4278190080 345
-8.8116446 0.78532833 -0.15905097 4278190080 345
-8.8231316 0.81364375 -0.15930264 4278190080 345
-8.8275614 0.84137297 -0.15942846 4278190080 345
-7.7233605 -0.074330792 -0.066055723 4294901760 300
-7.7165523 -0.050589617 -0.065995857 4294901760 300
-7.6796727 -0.026786281 -0.065679431 4294901760 300
-7.6574249 0.067263901 -0.065491289 4294901760 300
-7.6551824 0.090732522 -0.065474182 4294901760 300
-7.6698661 0.11444166 -0.065602466 4294901760 300
-7.6804767 0.13816978 -0.065696537 4294901760 300
-7.6900139 0.16194303 -0.065782055 4294901760 300
-7.7224703 0.18633088 -0.066064276 4294901760 300
-7.7258611 0.21013096 -0.066098481 4294901760 300
-7.7214198 -0.071700826 -0.13882807 4294901760 300
-7.7136045 -0.047961771 -0.13868424 4294901760 300
-7.6727605 -0.00062772626 -0.13794723 4294901760 300
-7.6657271 0.022891074 -0.13782141 4294901760 300
-7.6526232 0.046330396 -0.13758773 4294901760 300
-7.6564445 0.069844581 -0.13765962 4294901760 300
-7.660193 0.093382642 -0.13773152 4294901760 300
-7.6658688 0.11697487 -0.13783938 4294901760 300
-7.6724715 0.14062113 -0.13796522 4294901760 300
-7.6969943 0.164694 -0.13841461 4294901760 300
-7.7064486 0.18855183 -0.13859437 4294901760 300
-9.7142267 -0.99099094 -0.083510369 4278255360 219
-9.7102556 -0.9604944 -0.083450511 4278255360 219
-9.7061882 -0.9300316 -0.083390646 4278255360 219
-9.7189531 -0.90117234 -0.083476163 4278255360 219
-9.7386036 -0.87286836 -0.083621554 4278255360 219
-9.7571754 -0.84436601 -0.083758384 4278255360 219
-9.7183199 -0.98808813 -0.17562477 4278255360 219
-9.7053862 -0.95669878 -0.17533717 4278255360 219
-9.7112617 -0.92720371 -0.17539109 4278255360 219
-9.7160511 -0.89758956 -0.17542705 4278255360 219
-9.73071 -0.86884397 -0.17564276 4278255360 219
-8.8185167 -1.61773 -0.076677315 4294967040 336
-8.8185177 -1.5897806 -0.076634556 4294967040 336
-8.8135071 -1.5609742 -0.076549038 4294967040 336
-8.8093882 -1.5323852 -0.076472066 4294967040 336
-8.8179903 -1.5060245 -0.076506272 4294967040 336
-8.8205967 -1.4786335 -0.076489173 4294967040 336
-8.8369322 -1.4535129 -0.076591797 4294967040 336
-8.8620815 -1.4297394 -0.076771386 4294967040 336
-8.891119 -1.4064502 -0.076985195 4294967040 336
-8.818944 -1.6147261 -0.16119011 4294967040 336
-8.8090963 -1.5850066 -0.16092047 4294967040 336
-8.8080091 -1.5569289 -0.16081262 4294967040 336
-8.8078194 -1.5290438 -0.16072273 4294967040 336
-8.8144407 -1.5023508 -0.16075869 4294967040 336
-8.8278837 -1.476786 -0.16092047 4294967040 336
-8.8442125 -1.4516388 -0.16113618 4294967040 336
-8.8624439 -1.4267231 -0.16138785 4294967040 336
-8.8934441 -1.4037356 -0.16187319 4294967040 336
-8.1874228 -1.789451 -0.071674392 4278190335 169
-8.1801662 -1.7615871 -0.071563214 4278190335 169
-8.1767282 -1.7346148 -0.071486242 4278190335 169
-8.1869059 -1.7105434 -0.071529008 4278190335 169
-8.2009296 -1.6872319 -0.071605973 4278190335 169
-8.2325296 -1.6674235 -0.071836881 4278190335 169
-8.2058897 -1.8169715 -0.15110561 4278190335 169
-8.181694 -1.7590214 -0.15045848 4278190335 169
-8.1811829 -1.732669 -0.15035063 4278190335 169
-8.1982059 -1.7100112 -0.15056634 4278190335 169
-8.2063513 -1.685455 -0.15062027 4278190335 169
-8.2330437 -1.6646295 -0.15101573 4278190335 169
-7.2324028 -5.0981784 -0.075676732 4294902015 569
-7.0964069 -4.9051719 -0.07377819 4294902015 569
-7.1073003 -4.880547 -0.073735431 4294902015 569
-7.1123276 -4.8519568 -0.073632807 4294902015 569
-7.123868 -4.8278694 -0.073598586 4294902015 569
-7.1336699 -4.8026404 -0.073547281 4294902015 569
-7.1458764 -4.7790642 -0.073521622 4294902015 569
-7.1571736 -4.7549052 -0.073487416 4294902015 569
-7.1742315 -4.7345777 -0.073513076 4294902015 569
-7.1979222 -4.718575 -0.073607147 4294902015 569
-7.2224507 -5.1207323 -0.15917681 4294902015 569
-7.2173929 -4.6997442 -0.073658459 4294902015 569
-7.2510891 -4.6900702 -0.073855154 4294902015 569
-7.2772222 -4.6753693 -0.073974885 4294902015 569
-7.3260922 -4.6750755 -0.074325509 4294902015 569
-7.1424422 -4.7732725 -0.15444914 4294902015 569
-7.1570525 -4.7513375 -0.15444914 4294902015 569
-7.1732659 -4.7304587 -0.15448509 4294902015 569
-7.1969447 -4.7144556 -0.15468283 4294902015 569
-7.2231073 -4.6999879 -0.1549345 4294902015 569
-7.2576461 -4.6908312 -0.15536591 4294902015 569
-7.3419313 -4.6816902 -0.15655233 4294902015 569
-5.5247912 -6.6540523 -0.073966324 4278255615 340
-5.5169697 -6.6033068 -0.07359004 4278255615 340
-5.5153236 -6.5603256 -0.073299274 4278255615 340
-5.5179873 -6.5227618 -0.073068373 4278255615 340
-5.5308428 -6.4974256 -0.072974294 4278255615 340
-5.5474987 -6.4766302 -0.072931543 4278255615 340
-5.5686479 -6.4610949 -0.072948642 4278255615 340
-5.5890989 -6.4447351 -0.072957188 4278255615 340
-5.6108174 -6.4298182 -0.072982848 4278255615 340
-5.6417336 -6.4253488 -0.073128238 4278255615 340
-5.7315454 -6.4474096 -0.07377819 4278255615 340
-5.5161271 -6.6390481 -0.15518615 4278255615 340
-5.5165882 -6.5983143 -0.15462889 4278255615 340
-5.5187831 -6.559936 -0.15412557 4278255615 340
-5.5285468 -6.5307641 -0.15383796 4278255615 340
-5.5394802 -6.5031161 -0.1535863 4278255615 340
-5.695991 -6.4427476 -0.15461093 4278255615 340
-5.7237048 -6.434207 -0.15482664 4278255615 340
-1.7432035 -2.7000525 -0.027486159 4294967295 250
-1.749299 -2.6913378 -0.027451949 4294967295 250
-1.7437025 -2.6817031 -0.14413573 4294967295 250
-1.7526202 -2.6784277 -0.027374983 4294967295 250
-1.7475448 -2.6696541 -0.14377561 4294967295 250
-1.7525779 -2.6605122 -0.027246702 4294967295 250
-1.755177 -2.6634459 -0.1437306 4294967295 250
-1.7563108 -2.6484559 -0.027178288 4294967295 250
-1.7556087 -2.6463943 -0.1431004 4294967295 250
-1.759431 -2.63557 -0.027101317 4294967295 250
-1.759281 -2.6343496 -0.14274029 4294967295 250
-1.7636044 -2.6243501 -0.027041454 4294967295 250
-1.7628959 -2.6223073 -0.14238016 4294967295 250
-1.772768 -2.6205835 -0.027058557 4294967295 250
-1.7698131 -2.6152318 -0.14229015 4294967295 250
-1.7762969 -2.6085203 -0.026990142 4294967295 250
-1.7767032 -2.6081386 -0.14220011 4294967295 250
-1.7831606 -2.6014087 -0.026973037 4294967295 250
-1.7824368 -2.5993798 -0.14202006 4294967295 250
-1.7877259 -2.5909877 -0.026921727 4294967295 250
-1.7943755 -2.5996542 -0.14233516 4294967295 250
-1.8017727 -2.5933166 -0.14229015 4294967295 250
-1.8018714 -2.5775108 -0.026896071 4294967295 250
-1.7514948 -2.7108824 -0.058026284 4294967295 250
-1.8097205 -2.5877767 -0.14229015 4294967295 250
-1.7452465 -2.6991444 -0.1752017 4294967295 250
-1.8132234 -2.5768776 -0.026947383 4294967295 250
-1.7554421 -2.6987913 -0.057882477 4294967295 250
-1.8182261 -2.5830293 -0.14233516 4294967295 250
-1.7442586 -2.6795511 -0.17427643 4294967295 250
-1.8211206 -2.5713024 -0.026947383 4294967295 250
-1.7522111 -2.6758273 -0.057504982 4294967295 250
-1.8278748 -2.5798841 -0.1424702 4294967295 250
-1.7420723 -2.6583192 -0.1732423 4294967295 250
-1.8348051 -2.5738456 -0.027032902 4294967295 250
-1.8375212 -2.5767043 -0.14260525 4294967295 250
-1.7485702 -2.6504617 -0.17307903 4294967295 250
-1.8409442 -2.565767 -0.027007246 4294967295 250
-1.7597508 -2.6516962 -0.057217363 4294967295 250
-1.8442527 -2.5694315 -0.14251521 4294967295 250
-1.7550361 -2.6425891 -0.17291574 4294967295 250
-1.8511488 -2.5633497 -0.027041454 4294967295 250
-1.7623237 -2.6379712 -0.057037607 4294967295 250
-1.855637 -2.56862 -0.1427853 4294967295 250
-1.7581407 -2.6297216 -0.17242591 4294967295 250
-1.8654715 -2.566556 -0.027135525 4294967295 250
-1.7609234 -2.6184475 -0.056732014 4294967295 250
-1.8605711 -2.5588748 -0.14256023 4294967295 250
-1.7628552 -2.6193452 -0.17209934 4294967295 250
-1.8756983 -2.564049 -0.027169732 4294967295 250
-1.7655853 -2.6080649 -0.056624159 4294967295 250
-1.8743125 -2.5612164 -0.14301036 4294967295 250
-1.7708828 -2.6139245 -0.17209934 4294967295 250
-1.8865203 -2.5623085 -0.027212495 4294967295 250
-1.8821615 -2.555454 -0.14301036 4294967295 250
-1.7811443 -2.611779 -0.17231704 4294967295 250
-1.9044932 -2.5701671 -0.027357878 4294967295 250
-1.7792926 -2.5938845 -0.056552257 4294967295 250
-1.9024856 -2.5665212 -0.14395568 4294967295 250
-1.7891487 -2.606302 -0.17231704 4294967295 250
-1.7861059 -2.5867679 -0.056516305 4294967295 250
-1.9270766 -2.5830922 -0.14521606 4294967295 250
-1.7974573 -2.5862021 -0.056624159 4294967295 250
-1.7533661 -2.7290525 -0.089473441 4294967295 250
-1.9481882 -2.594743 -0.14620638 4294967295 250
-1.8028264 -2.5919962 -0.17209934 4294967295 250
-1.8071027 -2.5831332 -0.056678087 4294967295 250
-1.7639021 -2.7270176 -0.089583725 4294967295 250
-1.9603554 -2.5943332 -0.14652148 4294967295 250
-1.8073341 -2.5815451 -0.17177276 4294967295 250
-1.8121409 -2.5734897 -0.05658821 4294967295 250
-1.7580777 -2.6998138 -0.088866837 4294967295 250
-1.8123698 -2.571907 -0.17150064 4294967295 250
-1.8202518 -2.5663347 -0.17150064 4294967295 250
-1.8292768 -2.5623634 -0.17160949 4294967295 250
-1.8388774 -2.5591719 -0.17177276 4294967295 250
-1.8529552 -2.564024 -0.056875821 4294967295 250
-1.8502312 -2.558373 -0.17209934 4294967295 250
-1.8649298 -2.5639873 -0.057001658 4294967295 250
-1.7708125 -2.6302392 -0.08746063 4294967295 250
-1.8792837 -2.5671279 -0.057199389 4294967295 250
-1.7771912 -2.6223116 -0.087377913 4294967295 250
-1.8913022 -2.5669849 -0.057325222 4294967295 250
-1.7773412 -2.6052864 -0.086991899 4294967295 250
-1.8861433 -2.5581126 -0.1732423 4294967295 250
-1.9033375 -2.5667922 -0.057451051 4294967295 250
-1.779101 -2.5907569 -0.086688593 4294967295 250
-1.8993379 -2.5595307 -0.17373216 4294967295 250
-1.9165853 -2.5681527 -0.057612836 4294967295 250
-1.789883 -2.5893979 -0.086826459 4294967295 250
-1.9310602 -2.5710545 -0.057810571 4294967295 250
-1.8006734 -2.5879972 -0.086964317 4294967295 250
-1.7443763 -2.7099223 -0.11873846 4294967295 250
-1.8097516 -2.5840981 -0.087019466 4294967295 250
-1.7510517 -2.7020419 -0.118628 4294967295 250
-1.8159431 -2.5760827 -0.08693675 4294967295 250
-1.7582412 -2.6949832 -0.11855437 4294967295 250
-1.8278871 -2.5762062 -0.087129757 4294967295 250
-1.756626 -2.6745412 -0.11789164 4294967295 250
-1.8317156 -2.5648918 -0.08693675 4294967295 250
-1.757658 -2.6583028 -0.117413 4294967295 250
-1.8430766 -2.5641303 -0.08710219 4294967295 250
-1.7613757 -2.6462429 -0.11711846 4294967295 250
-1.8544501 -2.5633233 -0.087267622 4294967295 250
-1.7644795 -2.6333549 -0.1167871 4294967295 250
-1.8693663 -2.5673187 -0.087598495 4294967295 250
-1.7719914 -2.6271007 -0.11675028 4294967295 250
-1.8807793 -2.5664093 -0.087763928 4294967295 250
-1.7733066 -2.6117308 -0.11630846 4294967295 250
-1.8927975 -2.5662582 -0.087956935 4294967295 250
-1.781311 -2.6062782 -0.11630846 4294967295 250
-1.9090033 -2.5716765 -0.088342957 4294967295 250
-1.7875993 -2.598331 -0.116198 4294967295 250
-1.9288497 -2.5818238 -0.088894412 4294967295 250
-1.7972692 -2.595299 -0.11630846 4294967295 250
-1.9373622 -2.5766928 -0.088921987 4294967295 250
-1.8035088 -2.5873134 -0.116198 4294967295 250
-1.8097161 -2.579314 -0.11608755 4294967295 250
-1.8199266 -2.5770149 -0.11623482 4294967295 250
-1.8289822 -2.5730484 -0.11630846 4294967295 250
-1.8391935 -2.5706761 -0.11645573 4294967295 250
-1.8464876 -2.5642104 -0.11641891 4294967295 250
-1.858451 -2.5641975 -0.11667664 4294967295 250
-1.8716094 -2.5657499 -0.11700801 4294967295 250
-1.8877518 -2.5712733 -0.11752345 4294967295 250
-1.8974131 -2.5678809 -0.11763391 4294967295 250
-1.9130347 -2.5724721 -0.11811255 4294967295 250
-1.9221153 -2.5681911 -0.11818618 4294967295 250
-3.8196735 -6.896594 -0.067424044 4278190080 280
-3.8339937 -6.8726172 -0.067304313 4278190080 280
-3.850652 -6.8529768 -0.067227349 4278190080 280
-3.8667333 -6.832428 -0.067141823 4278190080 280
-3.8856962 -6.8170581 -0.067107618 4278190080 280
-3.9075878 -6.806839 -0.067124724 4278190080 280
-3.9329569 -6.8026099 -0.067201689 4278190080 280
-3.9598465 -6.8008819 -0.067304313 4278190080 280
-3.9882798 -6.80164 -0.067432597 4278190080 280
-3.838275 -6.8748264 -0.14156041 4278190080 280
-3.8544476 -6.8543034 -0.14138064 4278190080 280
-3.8725016 -6.8372259 -0.14127278 4278190080 280
-3.8939555 -6.8261819 -0.14129077 4278190080 280
-3.9148796 -6.8142033 -0.14129077 4278190080 280
-3.9402733 -6.8099489 -0.14145255 4278190080 280
-3.9656777 -6.805603 -0.14161433 4278190080 280
-3.9900806 -6.7994409 -0.14174016 4278190080 280
-4.3194194 -8.3337831 -0.080277711 4294901760 257
-4.3102512 -8.254014 -0.079636313 4294901760 257
-4.3271737 -8.224822 -0.079482377 4294901760 257
-4.3416157 -8.1911869 -0.079285681 4294901760 257
-4.3662543 -8.1769457 -0.079277128 4294901760 257
-4.3936892 -8.1679153 -0.079319887 4294901760 257
-4.4494729 -8.1513348 -0.079422511 4294901760 257
-4.4744601 -8.1376457 -0.079422511 4294901760 257
-4.3138924 -8.2541828 -0.16744573 4294901760 257
-4.3238235 -8.2117138 -0.16685253 4294901760 257
-4.3452477 -8.1913433 -0.16670871 4294901760 257
-4.3698869 -8.1770926 -0.16669075 4294901760 257
-4.3949533 -8.1636477 -0.16669075 4294901760 257
-4.4228382 -8.1553984 -0.16679859 4294901760 257
-4.4483171 -8.1426687 -0.16681658 4294901760 257
-1.20265 -4.7478714 -0.041887742 4278255360 811
-1.2152225 -4.7364111 -0.041819327 4278255360 811
-1.0981275 -4.0226541 -0.03566188 4278255360 811
-1.1046052 -3.9980614 -0.035473734 4278255360 811
-1.118086 -3.9963279 -0.18698932 4278255360 811
-1.1269383 -3.983511 -0.035405319 4278255360 811
-1.1278923 -3.9842277 -0.18658419 4278255360 811
-1.1377785 -3.9752278 -0.03536256 4278255360 811
-1.1392852 -3.9778676 -0.18644916 4278255360 811
-1.1494128 -3.9697976 -0.035345457 4278255360 811
-1.1509279 -3.9724348 -0.18635914 4278255360 811
-1.2055799 -4.752686 -0.088153929 4278255360 811
-1.1631097 -3.9688852 -0.18635914 4278255360 811
-1.1744288 -3.9624245 -0.18622407 4278255360 811
-1.1839986 -3.9501905 -0.18581896 4278255360 811
-1.1966914 -3.9484513 -0.18590897 4278255360 811
-1.2096776 -3.9476271 -0.18604404 4278255360 811
-1.2223743 -3.9458055 -0.18613406 4278255360 811
-1.106352 -3.999115 -0.074600086 4278255360 811
-1.2549192 -3.9251215 -0.035242833 4278255360 811
-1.1199636 -4.0005159 -0.074689962 4278255360 811
-1.1311417 -3.9932132 -0.074618056 4278255360 811
-1.2836349 -3.9316063 -0.03537111 4278255360 811
-1.309948 -3.9302967 -0.035430975 4278255360 811
-1.2038118 -4.735527 -0.1347754 4278255360 811
-1.1732367 -3.9560263 -0.074186638 4278255360 811
-1.1865169 -3.9562387 -0.074258536 4278255360 811
-1.1969079 -3.9468391 -0.074150681 4278255360 811
-1.209011 -3.9431484 -0.074150681 4278255360 811
-1.2325851 -3.9337478 -0.074114732 4278255360 811
-1.2461573 -3.9347136 -0.074204616 4278255360 811
-1.1121651 -4.0121222 -0.11484032 4278255360 811
-1.2582229 -3.930872 -0.074204616 4278255360 811
-1.1225791 -4.0019541 -0.11464731 4278255360 811
-1.2724308 -3.9336524 -0.074330449 4278255360 811
-1.1302118 -3.9821436 -0.11417859 4278255360 811
-1.1454582 -3.9892263 -0.11448189 4278255360 811
-1.1549033 -3.9760938 -0.11420616 4278255360 811
-1.1944702 -4.7425742 -0.1801879 4278255360 811
-1.1685053 -3.9773273 -0.11434402 4278255360 811
-1.2075323 -4.7330775 -0.17996699 4278255360 811
-1.1795632 -3.9698906 -0.11423373 4278255360 811
-1.1902988 -3.9614663 -0.11409587 4278255360 811
-1.2007033 -3.9520571 -0.11393043 4278255360 811
-1.2122353 -3.9464438 -0.11387528 4278255360 811
-1.2243371 -3.9427061 -0.11387528 4278255360 811
-1.2391219 -3.9475152 -0.11412345 4278255360 811
-1.103247 -4.0143342 -0.15338431 4278255360 811
-1.1134154 -4.0032277 -0.15308976 4278255360 811
-1.1248797 -3.9969075 -0.15297931 4278255360 811
-1.1363158 -3.9905546 -0.15286887 4278255360 811
-1.1491065 -3.98897 -0.15294249 4278255360 811
-1.1577047 -3.9729533 -0.15246387 4278255360 811
-1.2014191 -3.9421966 -0.15183794 4278255360 811
-1.2146851 -3.9423125 -0.15198523 4278255360 811
-1.2273686 -3.9404752 -0.15205885 4278255360 811
-1.2397521 -3.9376442 -0.15209568 4278255360 811
-1.2530389 -3.9376316 -0.15224294 4278255360 811
0.085187376 -4.5240326 -0.038697843 4294967040 367
0.070661336 -4.4832792 -0.038347211 4294967040 367
0.056792282 -4.4744763 -0.038270243 4294967040 367
0.042872045 -4.4546313 -0.038099203 4294967040 367
0.029100338 -4.4387426 -0.03796237 4294967040 367
0.015443964 -4.4278111 -0.037868295 4294967040 367
0.0018545191 -4.4158387 -0.037765674 4294967040 367
-0.011634837 -4.3938241 -0.037577529 4294967040 367
-0.025086267 -4.3887682 -0.03753477 4294967040 367
-0.038497999 -4.3826709 -0.037483457 4294967040 367
-0.051884405 -4.3775325 -0.037440699 4294967040 367
-0.065299325 -4.3763533 -0.037432145 4294967040 367
-0.078689501 -4.3741322 -0.037415039 4294967040 367
-0.092024572 -4.3698716 -0.037380833 4294967040 367
0.054951154 -4.4479423 -0.07997489 4294967040 367
0.041211959 -4.4380918 -0.079795122 4294967040 367
0.027527506 -4.4271989 -0.079597384 4294967040 367
0.013910281 -4.4162645 -0.07939966 4294967040 367
0.00035975242 -4.3972898 -0.079058111 4294967040 367
-0.013157814 -4.4062681 -0.079219893 4294967040 367
-0.18665016 -4.38587 -0.037543323 4294967040 367
-0.026548879 -4.385211 -0.078842402 4294967040 367
-0.2006975 -4.3982625 -0.0376545 4294967040 367
-0.039938547 -4.3781104 -0.078716569 4294967040 367
-0.21423888 -4.3986249 -0.03766305 4294967040 367
-0.22819805 -4.4069343 -0.037740018 4294967040 367
-0.066816628 -4.3787827 -0.078734547 4294967040 367
-0.24336049 -4.4361677 -0.037996579 4294967040 367
-0.080286883 -4.3805566 -0.078770503 4294967040 367
-0.093683079 -4.3782902 -0.078734547 4294967040 367
-0.10711505 -4.3779821 -0.078734547 4294967040 367
0.052789405 -4.4579916 -0.12297428 4294967040 367
-0.12057352 -4.3786325 -0.078752518 4294967040 367
-0.13391465 -4.3752441 -0.078698598 4294967040 367
-0.14710151 -4.3678179 -0.078572765 4294967040 367
-0.0018955738 -4.3993263 -0.12134749 4294967040 367
-0.17413786 -4.3728271 -0.07868062 4294967040 367
-0.18836683 -4.391252 -0.079022162 4294967040 367
-0.028751448 -4.3782406 -0.12076846 4294967040 367
-0.20234317 -4.4016395 -0.079219893 4294967040 367
-0.21638502 -4.4119835 -0.079417631 4294967040 367
-0.055577196 -4.3749833 -0.12068575 4294967040 367
-0.23028407 -4.4182878 -0.079543464 4294967040 367
-0.069014959 -4.3757915 -0.12071332 4294967040 367
-0.095600247 -4.3632932 -0.12038244 4294967040 367
-0.12284759 -4.3796115 -0.12085119 4294967040 367
0.035188735 -4.4478431 -0.16387747 4294967040 367
-0.13622127 -4.3772154 -0.12079603 4294967040 367
0.021475019 -4.4339399 -0.16336203 4294967040 367
-0.14971808 -4.3787751 -0.12085119 4294967040 367
-0.1635235 -4.3882842 -0.12112691 4294967040 367
-0.019138692 -4.3889804 -0.16170521 4294967040 367
-0.032603804 -4.3889012 -0.16170521 4294967040 367
-0.045890294 -4.3717928 -0.16107929 4294967040 367
-0.23297127 -4.426187 -0.12225738 4294967040 367
-0.24632712 -4.4214597 -0.1221471 4294967040 367
-0.086007155 -4.365191 -0.16085839 4294967040 367
-0.099353455 -4.3629079 -0.16078475 4294967040 367
-0.11276402 -4.3635817 -0.16082157 4294967040 367
-0.12617965 -4.3642144 -0.16085839 4294967040 367
-0.13985579 -4.3727961 -0.16118975 4294967040 367
-0.1537258 -4.3853297 -0.16166839 4294967040 367
1.4984697 -7.5168161 -0.065551154 4278190335 306
1.4757863 -7.5233402 -0.065568253 4278190335 306
1.3962079 -7.4815569 -0.065089345 4278190335 306
1.3737894 -7.4887557 -0.065114997 4278190335 306
1.3490337 -7.4830947 -0.06502948 4278190335 306
1.3267671 -7.4911366 -0.065063685 4278190335 306
1.262228 -7.5296578 -0.065294594 4278190335 306
1.2231702 -7.5816851 -0.065679431 4278190335 306
1.4780533 -7.5484095 -0.13828878 4278190335 306
1.4494038 -7.524437 -0.13776748 4278190335 306
1.4244512 -7.5190244 -0.13758773 4278190335 306
1.3982641 -7.5066495 -0.13728213 4278190335 306
1.3737867 -7.503036 -0.13713832 4278190335 306
1.3504071 -7.5052471 -0.13710237 4278190335 306
1.3263308 -7.5034475 -0.13699451 4278190335 306
1.23982 -7.5536909 -0.13762367 4278190335 306
1.2182289 -7.5673304 -0.13780344 4278190335 306
3.2562406 -7.3376412 -0.068655536 4294902015 261
3.2272685 -7.3329525 -0.068518698 4294902015 261
3.2027562 -7.3382363 -0.068475939 4294902015 261
3.1746674 -7.3351803 -0.068356216 4294902015 261
3.1474159 -7.3338585 -0.068253592 4294902015 261
3.1245096 -7.3425603 -0.068245038 4294902015 261
3.1015797 -7.3511901 -0.068236485 4294902015 261
3.082099 -7.3680511 -0.068304904 4294902015 261
3.063693 -7.3876324 -0.068398967 4294902015 261
3.0467172 -7.4108701 -0.068527251 4294902015 261
3.2618625 -7.3570189 -0.14468822 4294902015 261
3.1717901 -7.3353362 -0.14368156 4294902015 261
3.1469066 -7.339519 -0.1435737 4294902015 261
3.1239834 -7.3482189 -0.14355573 4294902015 261
3.1018128 -7.3586903 -0.1435737 4294902015 261
3.0796077 -7.3690939 -0.14359169 4294902015 261
3.0611949 -7.3886685 -0.14378943 4294902015 261
3.0540864 -7.4359441 -0.14452642 4294902015 261
2.734796 -4.5268497 -0.045231577 4278255615 218
2.7085483 -4.5146394 -0.045026332 4278255615 218
2.6813779 -4.5005922 -0.044803977 4278255615 218
2.6563559 -4.4898639 -0.044615835 4278255615 218
2.5861804 -4.5283451 -0.044598728 4278255615 218
2.5826335 -4.5545249 -0.044778321 4278255615 218
2.5706108 -4.5659122 -0.04481253 4278255615 218
2.5629332 -4.5851245 -0.044923704 4278255615 218
2.5658369 -4.6235681 -0.045223024 4278255615 218
2.7329233 -4.5272079 -0.095074661 4278255615 218
2.7097678 -4.5201354 -0.094751097 4278255615 218
2.6820781 -4.5052314 -0.094265752 4278255615 218
2.6621377 -4.5031104 -0.094050035 4278255615 218
2.6391985 -4.4957361 -0.093726464 4278255615 218
2.6085584 -4.5066533 -0.093618609 4278255615 218
2.5982075 -4.5207033 -0.093744442 4278255615 218
2.5882902 -4.5356002 -0.093888246 4278255615 218
2.5773203 -4.548739 -0.0939961 4278255615 218
2.5692356 -4.5670819 -0.094211817 4278255615 218
2.567888 -4.5976381 -0.094679192 4278255615 218
2.5600739 -4.6168623 -0.094912879 4278255615 218
2.7160683 -4.5045052 -0.14508758 4278255615 218
2.6924787 -4.4965219 -0.1445637 4278255615 218
2.6807146 -4.5081983 -0.144674 4278255615 218
2.6602635 -4.5052114 -0.14431556 4278255615 218
2.6423843 -4.506453 -0.14409497 4278255615 218
2.6265342 -4.5110831 -0.14398468 4278255615 218
2.6101806 -4.5147934 -0.14384682 4278255615 218
2.5938289 -4.5184455 -0.14370896 4278255615 218
2.5858943 -4.5368032 -0.14403984 4278255615 218
2.572948 -4.5464549 -0.14409497 4278255615 218
2.5658429 -4.5665278 -0.14448099 4278255615 218
2.5610738 -4.5909648 -0.14500487 4278255615 218
2.5556943 -4.6145411 -0.14550118 4278255615 218
2.7098317 -4.502933 -0.19362652 4278255615 218
2.6929283 -4.5060782 -0.19340561 4278255615 218
2.672971 -4.5040064 -0.19296379 4278255615 218
2.6535592 -4.5027151 -0.1925588 4278255615 218
2.6356947 -4.5039353 -0.19226424 4278255615 218
2.6173458 -4.5042243 -0.19193289 4278255615 218
2.601517 -4.5087705 -0.19178562 4278255615 218
2.5901558 -4.5210662 -0.19196971 4278255615 218
2.5802262 -4.5359402 -0.19226424 4278255615 218
2.5707209 -4.5516663 -0.19259562 4278255615 218
2.5645647 -4.5734777 -0.1931847 4278255615 218
2.5578127 -4.5944209 -0.19373697 4278255615 218
6.9610653 -7.8657188 -0.089830309 4294967295 109
6.9067483 -7.9015069 -0.089753345 4294967295 109
6.8818183 -7.9219041 -0.089744784 4294967295 109
6.8738184 -7.9619026 -0.089958586 4294967295 109
6.954886 -7.8640928 -0.18874721 4294967295 109
6.9300661 -7.8846421 -0.18872923 4294967295 109
6.8999238 -7.8990889 -0.18856744 4294967295 109
6.8809009 -7.92626 -0.18871124 4294967295 109
6.8767982 -7.9708014 -0.1892685 4294967295 109
3.828568 -2.1822686 -0.037688706 4278190080 191
3.8253238 -2.1959956 -0.037722915 4278190080 191
3.8254941 -2.2117252 -0.03779133 4278190080 191
3.821336 -2.256501 -0.037953816 4278190080 191
3.8186927 -2.2707696 -0.037996579 4278190080 191
3.8142817 -2.2840157 -0.038022235 4278190080 191
3.8862116 -2.154093 -0.079885006 4278190080 191
3.8708544 -2.1611314 -0.079705246 4278190080 191
3.8528764 -2.166626 -0.079471558 4278190080 191
3.8130174 -2.2062325 -0.079201922 4278190080 191
3.8063071 -2.2336354 -0.079345725 4278190080 191
3.8140697 -2.2539501 -0.079651318 4278190080 191
3.8165882 -2.2712655 -0.079849057 4278190080 191
3.8156054 -2.2865615 -0.07997489 4278190080 191
3.9092383 -2.1538167 -0.12311214 4278190080 191
3.8956196 -2.1619194 -0.12289156 4278190080 191
3.8793705 -2.1684957 -0.12258826 4278190080 191
3.865731 -2.1764638 -0.12236768 4278190080 191
3.8384156 -2.1922107 -0.12192652 4278190080 191
3.8264728 -2.2009859 -0.12176108 4278190080 191
3.8145125 -2.2097087 -0.12159565 4278190080 191
3.8051248 -2.2198896 -0.12151292 4278190080 191
3.8026056 -2.2340851 -0.12165079 4278190080 191
3.8069179 -2.252358 -0.12200923 4278190080 191
3.8017073 -2.2650499 -0.12206437 4278190080 191
3.9062166 -2.1565421 -0.16439293 4278190080 191
3.8856084 -2.1607454 -0.16380385 4278190080 191
3.8658826 -2.1653306 -0.16325156 4278190080 191
3.8557401 -2.1752169 -0.1631043 4278190080 191
3.8438351 -2.1840737 -0.16288339 4278190080 191
3.8327796 -2.1933744 -0.1626993 4278190080 191
3.8208375 -2.2021289 -0.16247839 4278190080 191
3.8140635 -2.2138405 -0.16247839 4278190080 191
3.8081162 -2.2260358 -0.16251519 4278190080 191
3.8107421 -2.2432852 -0.16292021 4278190080 191
3.8167362 -2.2626097 -0.16347247 4278190080 191
3.814925 -2.2773819 -0.16369338 4278190080 191
3.8156288 -2.2937093 -0.16402476 4278190080 191
7.9999871 -3.2810593 -0.073949225 4294901760 194
7.9677072 -3.2964127 -0.073743977 4294901760 194
7.9686303 -3.3254633 -0.073846601 4294901760 194
7.9556255 -3.348731 -0.073820941 4294901760 194
7.9407125 -3.3711693 -0.07377819 4294901760 194
7.9923282 -3.2810757 -0.15532996 4294901760 194
7.9757581 -3.3029027 -0.15520413 4294901760 194
7.9600511 -3.3250439 -0.15509626 4294901760 194
7.9452057 -3.3475082 -0.15500639 4294901760 194
7.9367385 -3.3726501 -0.15504234 4294901760 194
7.9226785 -3.3954084 -0.15497044 4294901760 194
6.8614531 -1.9411105 -0.060984381 4278255360 146
6.8514977 -2.0294249 -0.061112661 4278255360 146
6.8404498 -2.0490007 -0.061069898 4278255360 146
6.8542285 -2.0760646 -0.061249491 4278255360 146
6.8593011 -2.1005969 -0.061352115 4278255360 146
6.8690634 -2.1266587 -0.061497502 4278255360 146
6.8568282 -1.9650508 -0.12824024 4278255360 146
6.8488464 -1.9855213 -0.12820429 4278255360 146
6.8417635 -2.0062425 -0.12818632 4278255360 146
6.8612809 -2.0807338 -0.12890536 4278255360 146
6.8692036 -2.1061707 -0.12917499 4278255360 146
6.8751249 -2.1310835 -0.12940867 4278255360 146
16.187904 -2.8530445 -0.14057794 4294967040 399
15.959581 -2.9138827 -0.1387478 4294967040 399
15.922056 -2.9575365 -0.1384998 4294967040 399
15.89129 -3.0022864 -0.13831164 4294967040 399
15.878458 -3.1008871 -0.13836296 4294967040 399
15.920886 -3.2107108 -0.13890174 4294967040 399
