# .PCD v0.7 - Point Cloud Data file format
VERSION 0.7
FIELDS x y z rgb
SIZE 4 4 4 4
TYPE F F F U
COUNT 1 1 1 1
WIDTH 13460
HEIGHT 1
VIEWPOINT 0 0 0 1 0 0 0
POINTS 13460
DATA ascii
-4.2261071 -1.6565456 -0.26109457 4278190080
-4.2520232 -1.6366763 -0.26220939 4278190080
-4.2320147 -1.6552649 -0.30352259 4278190080
-4.2392988 -1.6281945 -0.30329818 4278190080
-4.2375336 -1.6656628 -0.34244573 4278190080
-4.2606888 -1.6446569 -0.3436099 4278190080
-4.2062511 -1.650636 -0.38153771 4278190080
-4.2451024 -1.6358972 -0.3844012 4278190080
-4.2338648 -1.6587305 -0.42731476 4278190080
-4.2421055 -1.6320065 -0.42711127 4278190080
-4.2414289 -1.6598015 -0.47054368 4278190080
-4.2333245 -1.6595511 -0.54993951 4278190080
-4.2138114 -1.6221415 -0.54583466 4278190080
-4.2120562 -1.6483134 -0.63426942 4278190080
-4.2505431 -1.6633661 -0.8102352 4278190080
-4.2357326 -1.6601403 -0.98153132 4278190080
-4.4014049 -1.9175277 -1.2274908 4278190080
-4.2286806 -1.6599414 -1.1593318 4278190080
-4.7613692 -1.5393065 -1.281099 4278190080
-4.5837293 -1.6733495 -1.4503225 4278190080
-4.5786033 -1.639714 -1.4453549 4278190080
-4.5948949 -1.6138066 -1.4474005 4278190080
-4.4082856 -1.3386512 -1.3670441 4278190080
-2.9880631 -5.5864654 -1.6326153 4294901760
-3.0056758 -5.5374365 -1.6234254 4294901760
-3.0353973 -5.5112681 -1.6211278 4294901760
-3.0422668 -5.4444332 -1.606577 4294901760
-3.0641699 -5.4054785 -1.6004504 4294901760
-3.0910125 -5.37568 -1.5971318 4294901760
-3.1439145 -5.3908534 -1.6075982 4294901760
-3.1030846 -5.2466407 -1.5693066 4294901760
-3.1605873 -5.2697859 -1.5823258 4294901760
-3.1923602 -5.2494674 -1.5820705 4294901760
-2.9483056 -5.2075186 -1.787819 4294901760
-2.6793773 0.37798864 0.20118718 4278255360
-2.6819451 0.39514777 0.20149329 4278255360
-2.6626978 0.40902543 0.20045251 4278255360
-2.6660519 0.42629945 0.20081984 4278255360
-2.6476312 0.44003671 0.19984028 4278255360
-2.6330776 0.45424157 0.19910561 4278255360
-2.6413791 -0.36136025 0.19873826 4278255360
-2.6346395 -0.3439804 0.19818726 4278255360
-2.6317484 -0.32719079 0.19788115 4278255360
-2.6297417 -0.31056699 0.19763626 4278255360
-2.6345735 -0.29475924 0.19781993 4278255360
-2.6303771 -0.27795699 0.19745259 4278255360
-2.6290536 -0.26151472 0.19726892 4278255360
-2.6475029 -0.2469596 0.1983097 4278255360
-2.6529458 -0.23105787 0.19855461 4278255360
-2.6966591 0.36535361 0.17702386 4278255360
-2.7032657 0.38315353 0.17749174 4278255360
-2.689009 0.39797994 0.1768679 4278255360
-2.6677635 0.41158077 0.17588013 4278255360
-2.6632159 0.42762569 0.17577617 4278255360
-2.663497 0.4444516 0.17593212 4278255360
-2.6636717 0.46129707 0.17608808 4278255360
-2.6716037 0.47957212 0.17665994 4278255360
-2.6677244 -0.36320436 0.17551622 4278255360
-2.6540577 -0.34476867 0.17468442 4278255360
-2.6353104 -0.32590106 0.17359269 4278255360
-2.6332932 -0.30925861 0.17338474 4278255360
-2.6361337 -0.29320571 0.17343673 4278255360
-2.6329174 -0.27650315 0.1731768 4278255360
-2.6266139 -0.25955614 0.17276089 4278255360
-2.6430728 -0.24481787 0.17354071 4278255360
-2.6564643 -0.229629 0.17416455 4278255360
-2.6777322 -0.21492498 0.17520431 4278255360
-2.7097819 0.35152972 0.15241885 4278255360
-2.6877747 0.36545578 0.1515639 4278255360
-2.6716342 0.37996981 0.15096542 4278255360
-2.6633229 0.39547437 0.15070894 4278255360
-2.6687448 0.41303205 0.15105093 4278255360
-2.6661601 0.4293994 0.15105093 4278255360
-2.6546071 0.44426543 0.15066619 4278255360
-2.6606901 0.46208495 0.15105093 4278255360
-2.6833696 0.48300639 0.15216236 4278255360
-2.7000089 -0.40009114 0.1522906 4278255360
-2.6954885 -0.38253474 0.15199137 4278255360
-2.6611538 -0.3610228 0.15040971 4278255360
-2.6385481 -0.34148428 0.14934102 4278255360
-2.6445601 -0.32577622 0.14951201 4278255360
-2.6415477 -0.30896357 0.14929828 4278255360
-2.6324704 -0.29154098 0.14882806 4278255360
-2.6381843 -0.27579805 0.14899904 4278255360
-2.6408212 -0.25970295 0.14904179 4278255360
-2.6453497 -0.24376899 0.14917003 4278255360
-2.6667042 -0.22924212 0.15002498 4278255360
-2.6710484 -0.21311328 0.15015322 4278255360
-2.6976509 0.35174611 0.12684846 4278255360
-2.6885104 0.36734268 0.12661393 4278255360
-2.6812592 0.38312373 0.12644641 4278255360
-2.6689732 0.39809087 0.12611137 4278255360
-2.6585801 0.41322935 0.12584333 4278255360
-2.648102 0.42825535 0.1255753 4278255360
-2.6769626 0.44980526 0.12664744 4278255360
-2.6702142 0.46553445 0.12651342 4278255360
-2.6653404 0.48155379 0.12644641 4278255360
-2.7016637 -0.3816092 0.12711649 4278255360
-2.671268 -0.36062279 0.12601086 4278255360
-2.6476567 -0.34091514 0.12513976 4278255360
-2.6447384 -0.32405683 0.12497223 4278255360
-2.6258285 -0.30540493 0.12426865 4278255360
-2.6356008 -0.29015979 0.12453668 4278255360
-2.6333551 -0.27357078 0.12440266 4278255360
-2.6300106 -0.25692341 0.12423515 4278255360
-2.6444764 -0.24196082 0.1246707 4278255360
-2.6727993 -0.22801523 0.1255753 4278255360
-2.7604871 0.3382017 0.10617736 4278255360
-2.7018425 0.34787452 0.10473499 4278255360
-2.6877682 0.362845 0.10443134 4278255360
-2.6815317 0.37877199 0.10433012 4278255360
-2.6712449 0.39405379 0.10412769 4278255360
-2.6598837 0.40907204 0.10389995 4278255360
-2.6780541 0.42869684 0.10443134 4278255360
-2.6704423 0.44430223 0.10430482 4278255360
-2.655844 0.45864171 0.10400116 4278255360
-2.6657732 0.47721505 0.10433012 4278255360
-2.7129276 0.50283897 0.10562066 4278255360
-2.7225552 0.52191854 0.10594962 4278255360
-2.6715419 -0.34833342 0.10397586 4278255360
-2.6537886 -0.32946497 0.10346977 4278255360
-2.6498034 -0.31247109 0.10331794 4278255360
-2.6298146 -0.29375777 0.10276124 4278255360
-2.6206322 -0.2764588 0.10248289 4278255360
-2.631232 -0.26126558 0.10271063 4278255360
-2.633781 -0.24520873 0.10273594 4278255360
-2.6322482 -0.22878288 0.10266002 4278255360
-2.7746081 0.34227666 0.080819741 4278255360
-2.7615483 0.3578825 0.080643117 4278255360
-2.7057979 0.36755827 0.079776078 4278255360
-2.7074516 0.38471603 0.079840302 4278255360
-2.6842697 0.39824218 0.079503119 4278255360
-2.6639891 0.41195649 0.079214104 4278255360
-2.7018857 0.43480369 0.079872414 4278255360
-2.6922636 0.45022032 0.079760022 4278255360
-2.6874802 0.46638954 0.079727903 4278255360
-2.6993294 0.48552433 0.07996875 4278255360
-2.7415171 0.51049304 0.080707341 4278255360
-2.6760929 -0.36338764 0.079294384 4278255360
-2.6891794 -0.34837478 0.079471007 4278255360
-2.6803508 -0.33052051 0.079294384 4278255360
-2.6555152 -0.31092557 0.078860864 4278255360
-2.6434603 -0.29308173 0.078636073 4278255360
-2.6362591 -0.27591854 0.078491569 4278255360
-2.6518331 -0.26111078 0.07871636 4278255360
-2.6394465 -0.24354681 0.078491569 4278255360
-2.6279409 -0.22623061 0.078282833 4278255360
-2.7389903 0.35532188 0.054393314 4278255360
-2.7218957 0.37009886 0.05429383 4278255360
-2.6898737 0.38256586 0.054094866 4278255360
-2.6983559 0.40068021 0.054167818 4278255360
-2.6770709 0.41432157 0.054041807 4278255360
-2.6971848 0.43439946 0.05419435 4278255360
-2.700386 0.45193186 0.054234143 4278255360
-2.7054439 0.46986228 0.054287199 4278255360
-2.7123513 0.48822626 0.05435352 4278255360
-2.7289445 -0.37021217 0.054340258 4278255360
-2.7014132 -0.34961346 0.05414129 4278255360
-2.6826651 -0.33046609 0.054002013 4278255360
-2.6498797 -0.30993721 0.053769886 4278255360
-2.6378167 -0.2921325 0.053677037 4278255360
-2.6654184 -0.27864215 0.053849474 4278255360
-2.6412029 -0.25974044 0.053677037 4278255360
-2.6367724 -0.24297953 0.053637244 4278255360
-2.764483 0.36146873 0.029406259 4278255360
-2.6680963 0.36550122 0.029638387 4278255360
-2.6865902 0.38484979 0.029587075 4278255360
-2.6822004 0.40103081 0.029591963 4278255360
-2.6796892 0.41748092 0.029591963 4278255360
-2.6622713 0.43151075 0.029628614 4278255360
-2.6743643 0.45033339 0.029591963 4278255360
-2.6882961 0.46966544 0.029550424 4278255360
-2.7148583 -0.45069829 0.029494224 4278255360
-2.744236 -0.43828177 0.029428249 4278255360
-2.7439082 -0.42098117 0.029435581 4278255360
-2.7286305 -0.40152192 0.029479563 4278255360
-2.7221305 -0.38351896 0.029501554 4278255360
-2.7234416 -0.36667594 0.029503997 4278255360
-2.7097697 -0.34792563 0.029543092 4278255360
-2.6929932 -0.32899413 0.029589519 4278255360
-2.6731069 -0.30993709 0.029643275 4278255360
-2.6511006 -0.29091907 0.029701917 4278255360
-2.6428888 -0.2736201 0.029726353 4278255360
-2.6992607 -0.26270911 0.029591963 4278255360
-2.7488616 0.37156418 0.006334051 4278255360
-2.7118752 0.38353384 0.0067127803 4278255360
-2.686718 0.39681324 0.0069616591 4278255360
-2.685221 0.413443 0.0069508385 4278255360
-2.6648605 0.42706892 0.0071456134 4278255360
-2.6661355 0.44406804 0.0071023302 4278255360
-2.7313519 0.47215033 0.0063556926 4278255360
-2.7726977 0.49682364 0.0058687553 4278255360
-2.7489495 0.51000309 0.0060959929 4278255360
-2.7247086 -0.50908911 0.0063556926 4278255360
-2.7307329 -0.49289477 0.0063232305 4278255360
-2.7287807 -0.47527063 0.0063773342 4278255360
-2.7326317 -0.45868403 0.0063665137 4278255360
-2.7393429 -0.44254741 0.0063232305 4278255360
-2.7568276 -0.4280366 0.0061609177 4278255360
-2.7416005 -0.40845516 0.0063556926 4278255360
-2.7371261 -0.39063424 0.0064314385 4278255360
-2.7414529 -0.37410322 0.0064097969 4278255360
-2.7308068 -0.3555924 0.0065504676 4278255360
-2.7299604 -0.33845976 0.0065829302 4278255360
-2.7299995 -0.32146817 0.0066045718 4278255360
-2.7209895 -0.30348846 0.0067236009 4278255360
-2.7078843 -0.28521127 0.0068859137 4278255360
-2.7324691 -0.27086648 0.0066370345 4278255360
-2.7848566 -0.25883028 0.0060851718 4278255360
-2.7933655 -0.24234498 0.0060094264 4278255360
-2.7987866 -0.22552311 0.0059661428 4278255360
-2.773308 0.35891035 -0.019638393 4278255360
-2.7829425 0.37753189 -0.019879233 4278255360
-2.7845333 0.39516211 -0.019959513 4278255360
-2.7751331 0.4112151 -0.019819023 4278255360
-2.765641 0.42716765 -0.019678533 4278255360
-2.7639549 0.44428784 -0.019698603 4278255360
-2.76808 0.46239117 -0.019839093 4278255360
-2.7582948 0.47817236 -0.019698603 4278255360
-2.7671175 0.49720854 -0.019939443 4278255360
-2.7640147 0.51417792 -0.019939443 4278255360
-2.7490258 0.52886254 -0.019698603 4278255360
-2.7535741 0.5472787 -0.019859163 4278255360
-2.7000449 -0.55474484 -0.018835595 4278255360
-2.7092812 -0.53933901 -0.018956015 4278255360
-2.7095942 -0.52213717 -0.018895805 4278255360
-2.7147129 -0.50586814 -0.018935945 4278255360
-2.7197335 -0.48955587 -0.018976085 4278255360
-2.7187462 -0.47217396 -0.018895805 4278255360
-2.71962 -0.4551529 -0.018855665 4278255360
-2.7233486 -0.43861613 -0.018875735 4278255360
-2.7269766 -0.42205074 -0.018895805 4278255360
-2.7344596 -0.40604517 -0.018996155 4278255360
-2.7359097 -0.38911831 -0.018976085 4278255360
-2.7332926 -0.37164971 -0.018875735 4278255360
-2.7295725 -0.35409918 -0.018755317 4278255360
-2.727725 -0.33685362 -0.018675037 4278255360
-2.7257686 -0.31964406 -0.018594757 4278255360
-2.7346344 -0.30368623 -0.018735247 4278255360
-2.7324688 -0.28648371 -0.018654967 4278255360
-2.7550695 -0.27177548 -0.019076435 4278255360
-2.7666407 -0.25578704 -0.019277135 4278255360
-2.7821033 -0.24001093 -0.019558113 4278255360
-2.7934895 -0.22373497 -0.019758813 4278255360
-2.7997952 -0.20695926 -0.019859163 4278255360
-2.8119848 -0.19052069 -0.020079931 4278255360
-2.8200862 -0.17369403 -0.020220421 4278255360
-2.7834547 0.29232857 -0.046416577 4278255360
-2.7845461 0.34437284 -0.046624243 4278255360
-2.7813895 0.36132315 -0.046594575 4278255360
-2.781101 0.37865251 -0.046653908 4278255360
-2.783673 0.39641502 -0.046802241 4278255360
-2.7742674 0.41245821 -0.046594575 4278255360
-2.7558804 0.42702255 -0.046119917 4278255360
-2.7522216 0.44376504 -0.046090249 4278255360
-2.7445178 0.45981768 -0.045941919 4278255360
-2.7544467 0.47887611 -0.04632758 4278255360
-2.7544076 0.49630013 -0.046416577 4278255360
-2.7473803 0.51245797 -0.046297915 4278255360
-2.7422211 0.52892709 -0.046238583 4278255360
-2.7389243 0.54574311 -0.046238583 4278255360
-2.7355239 0.56253856 -0.046238583 4278255360
-2.7222428 0.57723844 -0.045941919 4278255360
-2.6942606 -0.56945693 -0.045081597 4278255360
-2.6898701 -0.55130976 -0.044844266 4278255360
-2.6863391 -0.5334326 -0.044636603 4278255360
-2.6974146 -0.518448 -0.044873934 4278255360
-2.6956313 -0.50097454 -0.044725604 4278255360
-2.6966867 -0.484072 -0.044666272 4278255360
-2.701576 -0.46785724 -0.044725604 4278255360
-2.6984801 -0.45028538 -0.044547606 4278255360
-2.7090878 -0.43498623 -0.044784937 4278255360
-2.7067664 -0.4175939 -0.044636603 4278255360
-2.7092776 -0.40097761 -0.044636603 4278255360
-2.6988211 -0.38252404 -0.044250943 4278255360
-2.7011175 -0.3659572 -0.044250943 4278255360
-2.7142167 -0.35078472 -0.044577271 4278255360
-2.7153258 -0.33400205 -0.044547606 4278255360
-2.7153385 -0.31710318 -0.044488274 4278255360
-2.713259 -0.29999721 -0.044369608 4278255360
-2.7230022 -0.28417251 -0.044606939 4278255360
-2.741606 -0.26911739 -0.045111265 4278255360
-2.7501731 -0.25293022 -0.045318928 4278255360
-2.7586448 -0.23664804 -0.04552659 4278255360
-2.7710054 -0.22058825 -0.045852922 4278255360
-2.7902505 -0.20489737 -0.046386912 4278255360
-2.7964418 -0.18810779 -0.046535242 4278255360
-2.8035297 -0.17131078 -0.04671324 4278255360
-2.804528 -0.15410542 -0.04671324 4278255360
-2.7964354 -0.13645673 -0.046446245 4278255360
-2.7918265 -0.15107304 -0.071592778 4278255360
-2.7956953 -0.13408257 -0.071708992 4278255360
-2.7804911 -0.11626292 -0.071089201 4278255360
-2.777807 0.25964832 -0.071360357 4278255360
-2.7731786 0.27638954 -0.07124415 4278255360
-2.7744114 0.29371676 -0.071360357 4278255360
-2.7775221 0.31129268 -0.071554042 4278255360
-2.793421 0.33044773 -0.072251298 4278255360
-2.7893577 0.34733409 -0.072173826 4278255360
-2.7723124 0.36249489 -0.071592778 4278255360
-2.7611263 0.37827528 -0.07124415 4278255360
-2.7627099 0.39577812 -0.071399093 4278255360
-2.7631941 0.41316655 -0.071515307 4278255360
-2.7576449 0.42965102 -0.071399093 4278255360
-2.747066 0.44528201 -0.071089201 4278255360
-2.7423115 0.46179685 -0.07101173 4278255360
-2.7404108 0.47878695 -0.071050465 4278255360
-2.7305388 0.49434456 -0.070779309 4278255360
-2.7264721 0.51090521 -0.070740573 4278255360
-2.7262287 0.52819598 -0.07085678 4278255360
-2.7239163 0.54511029 -0.070895523 4278255360
-2.714649 0.56059933 -0.070663102 4278255360
-2.7082262 0.57662034 -0.070546888 4278255360
-2.7075653 0.59386998 -0.070663102 4278255360
-2.7009463 0.60981101 -0.070546888 4278255360
-2.6845012 0.62342978 -0.070043311 4278255360
-2.6649892 -0.57806426 -0.068919949 4278255360
-2.6782649 -0.56375653 -0.06930732 4278255360
-2.6895068 -0.54890853 -0.069617212 4278255360
-2.6898832 -0.53181523 -0.069501005 4278255360
-2.6930957 -0.51530039 -0.069501005 4278255360
-2.6814673 -0.49604425 -0.068919949 4278255360
-2.6805255 -0.47888002 -0.068765007 4278255360
-2.6873527 -0.46310115 -0.068919949 4278255360
-2.6862004 -0.44594979 -0.068765007 4278255360
-2.6819785 -0.42835814 -0.068493851 4278255360
-2.6806054 -0.41128883 -0.068338901 4278255360
-2.6860445 -0.39526871 -0.068455115 4278255360
-2.6884193 -0.37878001 -0.068455115 4278255360
-2.6897025 -0.36214402 -0.068416379 4278255360
-2.7017853 -0.34690297 -0.068803743 4278255360
-2.7008874 -0.32995602 -0.068687536 4278255360
-2.7068317 -0.31383657 -0.068842478 4278255360
-2.7156596 -0.29798263 -0.069113635 4278255360
-2.7353282 -0.28316057 -0.069810897 4278255360
-2.7409925 -0.26675752 -0.069965839 4278255360
-2.7465584 -0.25029561 -0.070120789 4278255360
-2.7500339 -0.23360687 -0.07019826 4278255360
-2.7663584 -0.21790101 -0.070779309 4278255360
-2.7865796 -0.20229176 -0.071515307 4278255360
-2.7857742 -0.18505795 -0.071437836 4278255360
-2.7858598 -0.16790147 -0.071399093 4278255360
-2.7747746 0.23766312 -0.093924917 4278255360
-2.7603323 0.25350079 -0.093314797 4278255360
-2.7587249 0.2704331 -0.093314797 4278255360
-2.7560201 0.28725198 -0.093267865 4278255360
-2.7631419 0.30514124 -0.093690254 4278255360
-2.7612174 0.32208979 -0.093690254 4278255360
-2.7750528 0.34097046 -0.094441168 4278255360
-2.7788527 0.35875702 -0.094722763 4278255360
-2.7647202 0.37419692 -0.094159573 4278255360
-2.7495141 0.38933724 -0.09354946 4278255360
-2.7460852 0.40605479 -0.093502529 4278255360
-2.750453 0.42395991 -0.093831055 4278255360
-2.7468135 0.44067046 -0.093784116 4278255360
-2.7371604 0.45636848 -0.093455598 4278255360
-2.7313559 0.47264475 -0.093314797 4278255360
-2.7244713 0.48869091 -0.093127072 4278255360
-2.7194571 0.50503457 -0.093033209 4278255360
-2.7221932 0.52284002 -0.093314797 4278255360
-2.7287323 0.54147446 -0.093784116 4278255360
-2.7175295 0.55660641 -0.093408659 4278255360
-2.7130857 0.57306421 -0.093361728 4278255360
-2.7114706 0.59012485 -0.093455598 4278255360
-2.7077985 0.60675102 -0.093455598 4278255360
-2.6933167 0.62088937 -0.09293934 4278255360
-2.6855683 0.63648337 -0.092751615 4278255360
-2.6972666 -0.58962309 -0.092798546 4278255360
-2.6979024 -0.57243896 -0.092657752 4278255360
-2.6896241 -0.55345452 -0.092094563 4278255360
-2.6919899 -0.53674525 -0.092047632 4278255360
-2.6922903 -0.51964861 -0.091906838 4278255360
-2.6944463 -0.50293565 -0.091859899 4278255360
-2.6915836 -0.48532796 -0.091578312 4278255360
-2.6905746 -0.46811745 -0.09139058 4278255360
-2.6865005 -0.45044115 -0.091062054 4278255360
-2.6813252 -0.4326731 -0.090686597 4278255360
-2.6938 -0.41774654 -0.091155924 4278255360
-2.7052042 -0.40253577 -0.091578312 4278255360
-2.6967459 -0.38437548 -0.091062054 4278255360
-2.7010329 -0.3680917 -0.091155924 4278255360
-2.6953166 -0.35047862 -0.090780467 4278255360
-2.699399 -0.33417994 -0.090874329 4278255360
-2.7113187 -0.31877998 -0.091343649 4278255360
-2.7251365 -0.30346802 -0.091906838 4278255360
-2.728934 -0.28695071 -0.092000701 4278255360
-2.7485356 -0.27197701 -0.092845477 4278255360
-2.7541311 -0.25547749 -0.093033209 4278255360
-2.7616177 -0.23909245 -0.093314797 4278255360
-2.7660198 -0.22238407 -0.093455598 4278255360
-2.7792859 -0.20629889 -0.09401878 4278255360
-2.7804992 -0.18924163 -0.09401878 4278255360
-2.78759 -0.17254937 -0.094300374 4278255360
-2.7885962 -0.15544179 -0.094300374 4278255360
-2.7954834 -0.13862704 -0.094581969 4278255360
-2.7872999 -0.12107874 -0.094159573 4278255360
-2.7530537 -0.10266021 -0.092516951 4278255360
-2.7607594 0.22074901 -0.11922845 4278255360
-2.7464213 0.23657203 -0.11849598 4278255360
-2.7409413 0.25305256 -0.1182706 4278255360
-2.7423177 0.27015924 -0.11843964 4278255360
-2.7505383 0.28801945 -0.11900308 4278255360
-2.7507041 0.30511096 -0.11911576 4278255360
-2.7497718 0.32209927 -0.11917211 4278255360
-2.7626073 0.34079751 -0.12001728 4278255360
-2.7604642 0.35774213 -0.12001728 4278255360
-2.7522812 0.37386757 -0.11967921 4278255360
-2.7440045 0.38990608 -0.11934114 4278255360
-2.7366223 0.40600356 -0.11905942 4278255360
-2.7340796 0.42278752 -0.11905942 4278255360
-2.7294624 0.43923852 -0.11894673 4278255360
-2.730655 0.45663619 -0.11917211 4278255360
-2.7179644 0.47167647 -0.11860867 4278255360
-2.715019 0.4883447 -0.11860867 4278255360
-2.7276764 0.50791728 -0.11951017 4278255360
-2.7215674 0.52407837 -0.11934114 4278255360
-2.7183003 0.54076773 -0.11934114 4278255360
-2.7061288 0.55563033 -0.11883404 4278255360
-2.6909473 0.56974393 -0.11815792 4278255360
-2.6874008 0.58624458 -0.11815792 4278255360
-2.683753 0.60272312 -0.11815792 4278255360
-2.6790316 0.6189543 -0.11810157 4278255360
-2.6839259 0.63745642 -0.11860867 4278255360
-2.6906338 0.65651494 -0.11922845 4278255360
-2.6991339 -0.58867252 -0.11883404 4278255360
-2.7075787 -0.57313418 -0.11911576 4278255360
-2.7061546 -0.55550569 -0.11883404 4278255360
-2.7026577 -0.53752655 -0.11843964 4278255360
-2.6990423 -0.5196113 -0.11804523 4278255360
-2.7011981 -0.50285769 -0.11798888 4278255360
-2.6983371 -0.48521316 -0.11765081 4278255360
-2.6943774 -0.46745193 -0.1172564 4278255360
-2.6942408 -0.45041656 -0.11708737 4278255360
-2.6890681 -0.43260702 -0.11663662 4278255360
-2.6847651 -0.41503063 -0.11624221 4278255360
-2.685286 -0.39825627 -0.11612952 4278255360
-2.6847136 -0.38135061 -0.11596049 4278255360
-2.6860137 -0.3647359 -0.11590414 4278255360
-2.687211 -0.34811959 -0.1158478 4278255360
-2.7011871 -0.33309218 -0.11652393 4278255360
-2.693264 -0.31534958 -0.11596049 4278255360
-2.707056 -0.30013964 -0.11663662 4278255360
-2.7177835 -0.28446013 -0.11714371 4278255360
-2.7323945 -0.26905203 -0.11787619 4278255360
-2.7449298 -0.25329161 -0.11849598 4278255360
-2.7484217 -0.23661573 -0.11860867 4278255360
-2.7538028 -0.22006583 -0.11883404 4278255360
-2.7610755 -0.20360585 -0.11917211 4278255360
-2.7742264 -0.18746939 -0.11984824 4278255360
-2.7793105 -0.17068875 -0.12007362 4278255360
-2.78529 -0.15390795 -0.12035534 4278255360
-2.7861819 -0.13681485 -0.12035534 4278255360
-2.792954 -0.11997429 -0.12069341 4278255360
-2.7597146 -0.10158255 -0.1187777 4278255360
-2.7540724 0.22203359 -0.14436699 4278255360
-2.7317822 0.23711394 -0.14298987 4278255360
-2.7272952 0.25359392 -0.14279313 4278255360
-2.7346244 0.27121073 -0.14338334 4278255360
-2.744817 0.28924102 -0.14417027 4278255360
-2.7469573 0.30652049 -0.14443257 4278255360
-2.7430429 0.32313606 -0.14430141 4278255360
-2.7449694 0.34045264 -0.14456372 4278255360
-2.7457972 0.35767603 -0.14476046 4278255360
-2.7376189 0.37370682 -0.14436699 4278255360
-2.7362621 0.39063862 -0.14443257 4278255360
-2.7239444 0.40594882 -0.1437768 4278255360
-2.7223883 0.42280823 -0.14384237 4278255360
-2.7217128 0.43982309 -0.14397353 4278255360
-2.7110906 0.45519233 -0.14344892 4278255360
-2.7111955 0.47233278 -0.14364564 4278255360
-2.7092283 0.48913684 -0.14371122 4278255360
-2.7042143 0.50538433 -0.14358006 4278255360
-2.6981232 0.52139932 -0.14338334 4278255360
-2.6919377 0.53735852 -0.1431866 4278255360
-2.685658 0.55326158 -0.14298987 4278255360
-2.6763563 0.56848544 -0.14259641 4278255360
-2.6698935 0.58425635 -0.14239967 4278255360
-2.6633379 0.59996933 -0.14220294 4278255360
-2.6566904 0.61562389 -0.14200622 4278255360
-2.6557748 0.6326074 -0.14220294 4278255360
-2.6489356 0.64817923 -0.14200622 4278255360
-2.6904409 -0.60224038 -0.14397353 4278255360
-2.6970108 -0.58635646 -0.14417027 4278255360
-2.6995814 -0.56959099 -0.14410469 4278255360
-2.7098689 -0.55441529 -0.14456372 4278255360
-2.7044103 -0.53603226 -0.14397353 4278255360
-2.6968684 -0.51736134 -0.14325218 4278255360
-2.6960676 -0.50007641 -0.14298987 4278255360
-2.6941741 -0.48264495 -0.14266199 4278255360
-2.6872518 -0.46440646 -0.14200622 4278255360
-2.6782391 -0.44594356 -0.14121929 4278255360
-2.6809249 -0.4295018 -0.14121929 4278255360
-2.6805511 -0.41258878 -0.14102255 4278255360
-2.6711862 -0.39438573 -0.14023563 4278255360
-2.6676278 -0.37715068 -0.13984217 4278255360
-2.666925 -0.36037478 -0.13964543 4278255360
-2.6700757 -0.3441315 -0.13971101 4278255360
-2.6840222 -0.32919824 -0.14049794 4278255360
-2.6820271 -0.312262 -0.14023563 4278255360
-2.7017457 -0.29776531 -0.14141601 4278255360
-2.7124546 -0.28211024 -0.14200622 4278255360
-2.7230725 -0.26633489 -0.14259641 4278255360
-2.7206807 -0.24925768 -0.1423341 4278255360
-2.7291186 -0.23315306 -0.14279313 4278255360
-2.7434294 -0.21742667 -0.14364564 4278255360
-2.7516782 -0.20109762 -0.14410469 4278255360
-2.7837248 -0.18627205 -0.14613758 4278255360
-2.7858114 -0.16924834 -0.14620316 4278255360
-2.7867975 -0.15215173 -0.14620316 4278255360
-2.7966487 -0.13548307 -0.14679335 4278255360
-2.7924426 -0.11811026 -0.14646547 4278255360
-2.7651932 -0.099967323 -0.1446293 4278255360
-2.7980385 -0.15091477 -0.17283879 4278255360
-2.8228178 -0.13487856 -0.17463411 4278255360
-2.7986834 -0.11652599 -0.17276399 4278255360
-2.7893801 -0.099000715 -0.17201595 4278255360
-2.7305944 0.2050796 -0.1680513 4278255360
-2.7292848 0.22183035 -0.1680513 4278255360
-2.7229054 0.23813681 -0.16767728 4278255360
-2.7293355 0.255586 -0.16827571 4278255360
-2.7267237 0.27222872 -0.16820091 4278255360
-2.7359095 0.29011449 -0.16902377 4278255360
-2.7291234 0.30633855 -0.16864973 4278255360
-2.7390752 0.3244898 -0.16954739 4278255360
-2.7261481 0.33992973 -0.16872454 4278255360
-2.7249997 0.35678041 -0.16879934 4278255360
-2.7286866 0.37430894 -0.16924818 4278255360
-2.7214034 0.39033538 -0.16887414 4278255360
-2.7061369 0.40510303 -0.16790169 4278255360
-2.6957183 0.42046806 -0.16730325 4278255360
-2.7098203 0.43972126 -0.16857493 4278255360
-2.7169039 0.45800078 -0.16932298 4278255360
-2.7061846 0.473286 -0.16872454 4278255360
-2.6973426 0.48881322 -0.16827571 4278255360
-2.7031131 0.50701183 -0.16894895 4278255360
-2.703867 0.52434886 -0.16924818 4278255360
-2.6839774 0.53759503 -0.1679765 4278255360
-2.6776989 0.55344707 -0.16775209 4278255360
-2.6674259 0.5684098 -0.16722845 4278255360
-2.6531746 0.58241087 -0.1664056 4278255360
-2.6446881 0.59757906 -0.16603157 4278255360
-2.6370866 0.61289114 -0.16573235 4278255360
-2.6381254 0.63022047 -0.16610637 4278255360
-2.6458297 0.64925122 -0.16700403 4278255360
-2.683254 -0.59878659 -0.16887414 4278255360
-2.6790805 -0.58062387 -0.16827571 4278255360
-2.6806409 -0.56376451 -0.16812611 4278255360
-2.6947982 -0.54949415 -0.16894895 4278255360
-2.6961625 -0.53256297 -0.16879934 4278255360
-2.6984 -0.51582265 -0.16872454 4278255360
-2.6877851 -0.49672303 -0.16767728 4278255360
-2.6848919 -0.47917235 -0.16722845 4278255360
-2.6789362 -0.4611693 -0.16655521 4278255360
-2.6669583 -0.44228044 -0.16543314 4278255360
-2.6617436 -0.42465359 -0.16483469 4278255360
-2.653456 -0.40665519 -0.16401185 4278255360
-2.653928 -0.39007685 -0.16386224 4278255360
-2.6503463 -0.37295344 -0.16341341 4278255360
-2.6614799 -0.35787743 -0.16408665 4278255360
-2.6606584 -0.34116063 -0.16386224 4278255360
-2.6745803 -0.32627401 -0.16475989 4278255360
-2.6804945 -0.31031442 -0.16505912 4278255360
-2.6813567 -0.29375309 -0.1649843 4278255360
-2.69402 -0.27841929 -0.16580716 4278255360
-2.7095735 -0.26322943 -0.16685443 4278255360
-2.7200758 -0.24740903 -0.16752766 4278255360
-2.726511 -0.23113394 -0.16790169 4278255360
-2.7308605 -0.21463351 -0.16812611 4278255360
-2.747045 -0.19894911 -0.16924818 4278255360
-2.7780652 -0.18405846 -0.17149231 4278255360
-2.778147 -0.16694959 -0.1714175 4278255360
-2.7231016 0.20058635 -0.19035326 4278255360
-2.7267866 0.21768615 -0.19076905 4278255360
-2.7124918 0.23330721 -0.18968801 4278255360
-2.7090244 0.24976401 -0.1895217 4278255360
-2.7094245 0.26657611 -0.18968801 4278255360
-2.7226052 0.28474596 -0.19093536 4278255360
-2.7267499 0.30210274 -0.19143429 4278255360
-2.729794 0.31940559 -0.19185008 4278255360
-2.7267938 0.33602771 -0.19176692 4278255360
-2.7147973 0.35147628 -0.19093536 4278255360
-2.7106144 0.36785996 -0.19076905 4278255360
-2.7112663 0.38490433 -0.19101851 4278255360
-2.7108252 0.40182471 -0.19118482 4278255360
-2.7043691 0.41784304 -0.1908522 4278255360
-2.708642 0.43553412 -0.19143429 4278255360
-2.7088675 0.45263764 -0.19168377 4278255360
-2.708003 0.46959034 -0.19185008 4278255360
-2.703109 0.48584551 -0.19168377 4278255360
-2.6990972 0.50224036 -0.19160061 4278255360
-2.7028153 0.52010828 -0.1921827 4278255360
-2.699573 0.53668261 -0.1921827 4278255360
-2.6874428 0.55143678 -0.19143429 4278255360
-2.6840086 0.56791627 -0.19143429 4278255360
-2.6765785 0.58352649 -0.19110167 4278255360
-2.664196 0.59797728 -0.19035326 4278255360
-2.667274 0.61588049 -0.19093536 4278255360
-2.6595662 0.63131559 -0.19060273 4278255360
-2.6478965 0.6457361 -0.18993749 4278255360
-2.6409843 0.66124594 -0.18968801 4278255360
-2.6806009 -0.60224426 -0.19176692 4278255360
-2.6774306 -0.58429557 -0.19118482 4278255360
-2.6770661 -0.56702894 -0.1908522 4278255360
-2.6961124 -0.55380523 -0.1921827 4278255360
-2.706301 -0.53861552 -0.19276479 4278255360
-2.7085764 -0.52181101 -0.19268164 4278255360
-2.701931 -0.50335354 -0.19185008 4278255360
-2.7000649 -0.48588127 -0.19143429 4278255360
-2.6971047 -0.46828017 -0.19093536 4278255360
-2.6910818 -0.45023942 -0.19018695 4278255360
-2.6829717 -0.43197286 -0.18927224 4278255360
-2.6796632 -0.41458622 -0.1887733 4278255360
-2.6722996 -0.39666995 -0.18794174 4278255360
-2.6658041 -0.37900031 -0.18719333 4278255360
-2.6700544 -0.36290514 -0.18735965 4278255360
-2.6712425 -0.3463867 -0.1872765 4278255360
-2.6723287 -0.32986733 -0.18719333 4278255360
-2.6950867 -0.315907 -0.18893962 4278255360
-2.6979647 -0.29947457 -0.18902276 4278255360
-2.6997514 -0.28291452 -0.18902276 4278255360
-2.7133369 -0.26752096 -0.19002064 4278255360
-2.7268345 -0.2519713 -0.19101851 4278255360
-2.7263436 -0.23506318 -0.1908522 4278255360
-2.7505815 -0.22016616 -0.19276479 4278255360
-2.7479053 -0.20298986 -0.19243217 4278255360
-2.7689838 -0.18747777 -0.19409528 4278255360
-2.7840071 -0.17134544 -0.19525947 4278255360
-2.791971 -0.15464781 -0.19584157 4278255360
-2.8058064 -0.1381548 -0.1969226 4278255360
-2.7976408 -0.12054723 -0.19617419 4278255360
-2.7784109 -0.10263699 -0.19451107 4278255360
-2.7650437 -0.085153237 -0.19334689 4278255360
-2.7187672 0.20157485 -0.21527065 4278255360
-2.7085462 0.21753663 -0.21443932 4278255360
-2.6982322 0.2333806 -0.21360798 4278255360
-2.6848516 0.24883087 -0.21249954 4278255360
-2.7011106 0.26706165 -0.21416222 4278255360
-2.6994209 0.28363034 -0.21416222 4278255360
-2.7154431 0.30216861 -0.21582489 4278255360
-2.7165048 0.31917283 -0.21610199 4278255360
-2.7214127 0.33669004 -0.2167486 4278255360
-2.7104087 0.35222808 -0.21591726 4278255360
-2.7101696 0.36912072 -0.21610199 4278255360
-2.7039106 0.38518178 -0.21573251 4278255360
-2.705436 0.40235087 -0.21610199 4278255360
-2.7078362 0.41970557 -0.21656385 4278255360
-2.7022607 0.43583733 -0.21628673 4278255360
-2.7005177 0.45257434 -0.21637911 4278255360
-2.6957278 0.46879491 -0.21619436 4278255360
-2.6908407 0.48497376 -0.21600962 4278255360
-2.6927087 0.50238788 -0.21647148 4278255360
-2.6925085 0.51946616 -0.2167486 4278255360
-2.6882939 0.53578275 -0.21665622 4278255360
-2.6937337 0.55407232 -0.21748756 4278255360
-2.6961277 0.57182926 -0.21804178 4278255360
-2.6799221 0.5855996 -0.21684095 4278255360
-2.6626778 0.59897435 -0.21554777 4278255360
-2.6502213 0.61328155 -0.21471643 4278255360
-2.6415648 0.62837982 -0.21425459 4278255360
-2.6299212 0.64268613 -0.21351562 4278255360
-2.6259282 0.65881097 -0.21351562 4278255360
-2.7243369 -0.61070305 -0.22136712 4278255360
-2.6823061 -0.58401418 -0.2170257 4278255360
-2.6848648 -0.56733888 -0.21693332 4278255360
-2.7058532 -0.55445391 -0.218596 4278255360
-2.726784 -0.5413326 -0.22025867 4278255360
-2.7183204 -0.52233517 -0.21915023 4278255360
-2.7175584 -0.5049181 -0.21878074 4278255360
-2.7029645 -0.48506621 -0.21711807 4278255360
-2.6960788 -0.46677232 -0.21619436 4278255360
-2.6929994 -0.44923702 -0.21564014 4278255360
-2.6809583 -0.43033588 -0.21425459 4278255360
-2.6746917 -0.41251081 -0.21342325 4278255360
-2.6683075 -0.39477888 -0.21259192 4278255360
-2.660821 -0.37700108 -0.21166821 4278255360
-2.6739378 -0.36213866 -0.21268429 4278255360
-2.6642594 -0.34419265 -0.21157584 4278255360
-2.676204 -0.3290548 -0.21249954 4278255360
-2.6900406 -0.31401441 -0.21360798 4278255360
-2.6948857 -0.29783118 -0.2138851 4278255360
-2.6907206 -0.2806696 -0.21333088 4278255360
-2.6983378 -0.26473838 -0.2138851 4278255360
-2.7118096 -0.24927171 -0.21499355 4278255360
-2.7202327 -0.23322383 -0.21564014 4278255360
-2.7434492 -0.21826808 -0.21767229 4278255360
-2.7586396 -0.20245227 -0.21896549 4278255360
-2.7747319 -0.18652512 -0.22035104 4278255360
-2.7957015 -0.17071202 -0.22219846 4278255360
-2.7986848 -0.1536641 -0.2223832 4278255360
-2.8115096 -0.13707191 -0.22349164 4278255360
-2.7983701 -0.11922338 -0.22219846 4278255360
-2.7781527 -0.1012866 -0.22025867 4278255360
-2.763793 -0.083784103 -0.21887311 4278255360
-2.7062376 0.20194474 -0.239788 4278255360
-2.6910655 0.21742308 -0.23836347 4278255360
-2.6718416 0.23237769 -0.23653196 4278255360
-2.6822517 0.24987595 -0.23775297 4278255360
-2.6866076 0.26691997 -0.23836347 4278255360
-2.6918442 0.28413132 -0.23907574 4278255360
-2.7127891 0.30318648 -0.24141601 4278255360
-2.7148294 0.32029277 -0.241823 4278255360
-2.7098515 0.33657646 -0.24151775 4278255360
-2.7077353 0.35319746 -0.24151775 4278255360
-2.7065027 0.36993998 -0.24161951 4278255360
-2.6953187 0.385272 -0.24070375 4278255360
-2.6958556 0.40224364 -0.241009 4278255360
-2.7021837 0.42015401 -0.24192476 4278255360
-2.7015188 0.43704432 -0.24212825 4278255360
-2.690938 0.45229235 -0.24131425 4278255360
-2.6881123 0.46879512 -0.24131425 4278255360
-2.6822484 0.4847492 -0.241009 4278255360
-2.6772678 0.50083196 -0.24080551 4278255360
-2.6839113 0.51914018 -0.241823 4278255360
-2.6826265 0.53598857 -0.24202651 4278255360
-2.6783128 0.55223781 -0.24192476 4278255360
-2.6651435 0.56659156 -0.24090725 4278255360
-2.6538427 0.58123046 -0.24009325 4278255360
-2.6337292 0.59378201 -0.23836347 4278255360
-2.6077476 0.60475975 -0.23602322 4278255360
-2.5962465 0.61890298 -0.2352092 4278255360
-2.6097922 0.63908249 -0.23704071 4278255360
-2.6029274 0.65435588 -0.23673546 4278255360
-2.7396555 -0.630422 -0.24975957 4278255360
-2.731822 -0.61099547 -0.24853857 4278255360
-2.7326031 -0.59358859 -0.2482333 4278255360
-2.7196455 -0.57332367 -0.24650355 4278255360
-2.7348082 -0.55901498 -0.24772456 4278255360
-2.7313557 -0.54087198 -0.2470123 4278255360
-2.7326689 -0.52372819 -0.2468088 4278255360
-2.7182238 -0.50369018 -0.24497728 4278255360
-2.6869888 -0.48087171 -0.24141601 4278255360
-2.6889083 -0.46420646 -0.24131425 4278255360
-2.6818926 -0.44606769 -0.24029675 4278255360
-2.6747561 -0.42803255 -0.23927924 4278255360
-2.6547167 -0.40813798 -0.23693897 4278255360
-2.6522501 -0.39111611 -0.23643021 4278255360
-2.6555851 -0.37497383 -0.23653196 4278255360
-2.6617794 -0.35920417 -0.23693897 4278255360
-2.6619599 -0.34261128 -0.23673546 4278255360
-2.665987 -0.32651302 -0.23693897 4278255360
-2.6570704 -0.3088862 -0.23581971 4278255360
-2.6826482 -0.29518583 -0.23826173 4278255360
-2.6962829 -0.27995151 -0.23948275 4278255360
-2.69894 -0.26349872 -0.23958449 4278255360
-2.700506 -0.24693339 -0.23958449 4278255360
-2.7059352 -0.23069637 -0.23999149 4278255360
-2.7340763 -0.21620342 -0.24273877 4278255360
-2.7542028 -0.20079584 -0.24467203 4278255360
-2.791117 -0.18627387 -0.24833506 4278255360
-2.7991583 -0.16956478 -0.24904732 4278255360
-2.8061061 -0.15271004 -0.24965782 4278255360
-2.7960601 -0.13496271 -0.24853857 4278255360
-2.7998173 -0.11792917 -0.24884382 4278255360
-2.7895525 -0.10035525 -0.24772456 4278255360
-2.7761946 -0.082823053 -0.24630004 4278255360
-2.7944515 -0.15121429 -0.27449754 4278255360
-2.7992976 -0.13425423 -0.27494135 4278255360
-2.7980826 -0.11699311 -0.27471945 4278255360
-2.7759042 -0.099014372 -0.27216762 4278255360
-2.7496376 -0.081196122 -0.26917201 4278255360
-2.6640472 0.18315941 -0.26018518 4278255360
-2.6628733 0.19950224 -0.26018518 4278255360
-2.6645708 0.2160795 -0.26051804 4278255360
-2.6661649 0.2326851 -0.26085088 4278255360
-2.6567709 0.24829765 -0.25996327 4278255360
-2.6631086 0.26538551 -0.26085088 4278255360
-2.6782308 0.28350484 -0.26273701 4278255360
-2.7139699 0.30415046 -0.26695305 4278255360
-2.7140265 0.32103145 -0.26717496 4278255360
-2.7001715 0.33620113 -0.26584357 4278255360
-2.6941161 0.35224614 -0.26539975 4278255360
-2.6879659 0.36822954 -0.26495597 4278255360
-2.6935258 0.38584551 -0.26584357 4278255360
-2.6911075 0.40236542 -0.26584357 4278255360
-2.6905518 0.41917676 -0.26606545 4278255360
-2.6947958 0.436793 -0.2668421 4278255360
-2.6930451 0.45348504 -0.26695305 4278255360
-2.6872749 0.46948671 -0.26662019 4278255360
-2.6823881 0.48561198 -0.26639831 4278255360
-2.6754508 0.50132829 -0.26595452 4278255360
-2.6684217 0.51697779 -0.26551071 4278255360
-2.6671484 0.53373182 -0.26573262 4278255360
-2.6647964 0.55028838 -0.26584357 4278255360
-2.6467903 0.56352001 -0.26417932 4278255360
-2.6131914 0.57314003 -0.26073992 4278255360
-2.5960546 0.58609509 -0.25918666 4278255360
-2.5856335 0.60043734 -0.25841001 4278255360
-2.5616021 0.61143911 -0.25608009 4278255360
-2.5732446 0.63093692 -0.25785527 4278255360
-2.5683613 0.64647126 -0.25774431 4278255360
-2.7168036 -0.62428778 -0.2732771 4278255360
-2.7196131 -0.60738969 -0.27316618 4278255360
-2.7310591 -0.59237397 -0.27405375 4278255360
-2.7229714 -0.57315248 -0.27272236 4278255360
-2.7176726 -0.55464792 -0.27172384 4278255360
-2.7132246 -0.53642255 -0.27083623 4278255360
-2.7213459 -0.52069676 -0.271391 4278255360
-2.700057 -0.49947718 -0.26861727 4278255360
-2.6874168 -0.48010892 -0.2668421 4278255360
-2.6785588 -0.46158856 -0.26551071 4278255360
-2.6656532 -0.44254524 -0.26373553 4278255360
-2.6555598 -0.4241471 -0.26229322 4278255360
-2.6433766 -0.40558872 -0.26062897 4278255360
-2.6389325 -0.38835093 -0.25985235 4278255360
-2.6452024 -0.37270483 -0.26029614 4278255360
-2.6375897 -0.35514411 -0.25918666 4278255360
-2.6466196 -0.33983728 -0.25996327 4278255360
-2.6535876 -0.32419258 -0.26051804 4278255360
-2.6466415 -0.30687699 -0.25951949 4278255360
-2.6692212 -0.29290166 -0.2618494 4278255360
-2.6798654 -0.27743638 -0.26284796 4278255360
-2.679539 -0.26079589 -0.26262605 4278255360
-2.6969247 -0.24578787 -0.26440123 4278255360
-2.7063043 -0.22990575 -0.26528883 4278255360
-2.7235165 -0.21453963 -0.26706401 4278255360
-2.7485714 -0.19954416 -0.26972675 4278255360
-2.7923856 -0.18549512 -0.27449754 4278255360
-2.7895029 -0.16811992 -0.27405375 4278255360
-2.6602769 0.19818389 -0.30685583 4278255360
-2.6629648 0.21482185 -0.30736893 4278255360
-2.6527045 0.23038617 -0.30621445 4278255360
-2.6295161 0.24463984 -0.30339235 4278255360
-2.6279657 0.26076964 -0.30339235 4278255360
-2.6292748 0.27720124 -0.30377719 4278255360
-2.6413233 0.29486781 -0.30557305 4278255360
-2.6345396 0.3104893 -0.30493167 4278255360
-2.642427 0.32786873 -0.30621445 4278255360
-2.6521668 0.3456127 -0.30775374 4278255360
-2.6549094 0.36254996 -0.30839515 4278255360
-2.646744 0.37799275 -0.30762547 4278255360
-2.6424131 0.3939335 -0.30736893 4278255360
-2.6321063 0.40892252 -0.30634272 4278255360
-2.6481495 0.42806995 -0.30877995 4278255360
-2.645473 0.44431064 -0.30877995 4278255360
-2.640743 0.46019429 -0.30852342 4278255360
-2.6398215 0.47674119 -0.30877995 4278255360
-2.6543941 0.49620819 -0.31108895 4278255360
-2.6561682 0.51342642 -0.31173033 4278255360
-2.6539404 0.52990878 -0.31185859 4278255360
-2.6506391 0.54618311 -0.31185859 4278255360
-2.6433575 0.56161284 -0.31134549 4278255360
-2.6476123 0.57951719 -0.3123717 4278255360
-2.6420715 0.59531593 -0.31211516 4278255360
-2.6103506 0.60502541 -0.30839515 4278255360
-2.5950119 0.61827391 -0.30685583 4278255360
-2.5786462 0.6311214 -0.30518824 4278255360
-2.5756869 0.64717335 -0.30531651 4278255360
-2.7011073 -0.62192577 -0.32032484 4278255360
-2.7068079 -0.60577381 -0.32058138 4278255360
-2.7085357 -0.58873224 -0.32032484 4278255360
-2.7130675 -0.57230669 -0.32045311 4278255360
-2.7223577 -0.55684191 -0.32122278 4278255360
-2.721832 -0.53935581 -0.32070968 4278255360
-2.7280121 -0.52320552 -0.32109448 4278255360
-2.7253203 -0.50537139 -0.32032484 4278255360
-2.6990843 -0.4833914 -0.31647655 4278255360
-2.6932044 -0.4653005 -0.31532207 4278255360
-2.6823132 -0.44648528 -0.31352618 4278255360
-2.6801059 -0.42923379 -0.31288481 4278255360
-2.6699469 -0.41081879 -0.31121722 4278255360
-2.6635876 -0.39312434 -0.31006274 4278255360
-2.6649675 -0.3766346 -0.30993447 4278255360
-2.6583831 -0.35907981 -0.30877995 4278255360
-2.651684 -0.34162003 -0.30762547 4278255360
-2.6576676 -0.32582635 -0.30813858 4278255360
-2.6606021 -0.30962783 -0.30826685 4278255360
-2.6762524 -0.2948187 -0.31006274 4278255360
-2.6780109 -0.27839199 -0.31006274 4278255360
-2.6727595 -0.26127857 -0.30916479 4278255360
-2.7108536 -0.24822393 -0.31391102 4278255360
-2.7073851 -0.23116338 -0.31326964 4278255360
-2.7146842 -0.21501732 -0.31403929 4278255360
-2.7228761 -0.19886272 -0.31493723 4278255360
-2.7675838 -0.18506789 -0.32058138 4278255360
-2.7860789 -0.15076378 -0.37651709 4278255360
-2.7810235 -0.13338336 -0.37563437 4278255360
-2.7877192 -0.11656295 -0.37651709 4278255360
-2.6324322 0.19721186 -0.354155 4278255360
-2.6222999 0.2126381 -0.35283095 4278255360
-2.6041949 0.22725695 -0.35032994 4278255360
-2.5879796 0.24184641 -0.34812313 4278255360
-2.5962889 0.25870535 -0.34959432 4278255360
-2.598587 0.27504873 -0.3501828 4278255360
-2.6066799 0.29209283 -0.35165399 4278255360
-2.6038563 0.30796513 -0.35150686 4278255360
-2.6009362 0.3238138 -0.35135975 4278255360
-2.6047847 0.34053797 -0.35224247 4278255360
-2.6046059 0.35678333 -0.35253671 4278255360
-2.605305 0.37317985 -0.35297805 4278255360
-2.6098135 0.39018467 -0.3540079 4278255360
-2.6093249 0.40649599 -0.35430214 4278255360
-2.6155684 0.42392591 -0.3556262 4278255360
-2.615844 0.44046038 -0.35606757 4278255360
-2.6257582 0.45871952 -0.3579801 4278255360
-2.622894 0.47482225 -0.3579801 4278255360
-2.6170149 0.49035966 -0.35753876 4278255360
-2.6129858 0.50621969 -0.35739163 4278255360
-2.606921 0.52165997 -0.35695028 4278255360
-2.586236 0.53403986 -0.35430214 4278255360
-2.5829105 0.54989862 -0.35430214 4278255360
-2.5852842 0.56700999 -0.35518485 4278255360
-2.5798271 0.58242601 -0.35489061 4278255360
-2.5684974 0.59645224 -0.35371366 4278255360
-2.5580552 0.61059129 -0.35268381 4278255360
-2.5561817 0.62674743 -0.35297805 4278255360
-2.5561244 0.64338708 -0.35356653 4278255360
-2.676481 -0.58055323 -0.36886689 4278255360
-2.6683772 -0.56167847 -0.36710149 4278255360
-2.6669273 -0.54430753 -0.36636588 4278255360
-2.6556611 -0.52506018 -0.36415911 4278255360
-2.6617475 -0.50931221 -0.36460045 4278255360
-2.6657951 -0.49315009 -0.36474758 4278255360
-2.6775346 -0.47834665 -0.36607164 4278255360
-2.6618979 -0.45872283 -0.36327639 4278255360
-2.641243 -0.43850061 -0.35974553 4278255360
-2.6321623 -0.42041764 -0.3579801 4278255360
-2.6298039 -0.40351057 -0.35724452 4278255360
-2.6263585 -0.38650462 -0.35636181 4278255360
-2.6286807 -0.37038231 -0.35636181 4278255360
-2.6260021 -0.35358766 -0.3556262 4278255360
-2.6261601 -0.33721682 -0.35533196 4278255360
-2.627198 -0.32097703 -0.35518485 4278255360
-2.6192923 -0.30371469 -0.35371366 4278255360
-2.6476543 -0.29054198 -0.35768586 4278255360
-2.669065 -0.27632171 -0.36062825 4278255360
-2.6874466 -0.26156303 -0.36312926 4278255360
-2.6692996 -0.24327897 -0.36018687 4278255360
-2.7121372 -0.23039943 -0.36636588 4278255360
-2.7204025 -0.21429531 -0.36739573 4278255360
-2.7384374 -0.19881158 -0.36989674 4278255360
-2.7998104 -0.18598609 -0.37887099 4278255360
-2.7969496 -0.16856645 -0.37828252 4278255360
-2.7151182 0.25376943 -0.46835414 4278255360
-2.7056839 0.26964191 -0.46689078 4278255360
-2.6932247 0.28509679 -0.46487862 4278255360
-2.67677 0.29996982 -0.46213481 4278255360
-2.6690214 0.3156938 -0.46103728 4278255360
-2.6592295 0.33109045 -0.45957389 4278255360
-2.6512992 0.34663436 -0.45847636 4278255360
-2.6432784 0.36209348 -0.45737883 4278255360
-2.6390607 0.3780261 -0.45701298 4278255360
-2.6347468 0.39392057 -0.45664716 4278255360
-2.6186812 0.40795663 -0.45408624 4278255360
-2.6200104 0.4246473 -0.45481792 4278255360
-2.6192944 0.44104248 -0.45518377 4278255360
-2.6146021 0.45676687 -0.45481792 4278255360
-2.6107829 0.47262573 -0.45463499 4278255360
-2.6203949 0.4909941 -0.45701298 4278255360
-2.6202283 0.50762516 -0.45756176 4278255360
-2.6286316 0.52601159 -0.45975682 4278255360
-2.639796 0.54511756 -0.46250066 4278255360
-2.6508241 0.56438017 -0.46524447 4278255360
-2.6540329 0.58211118 -0.46652493 4278255360
-2.6561646 0.59968591 -0.46762246 4278255360
-2.6571176 -0.50842786 -0.46432987 4278255360
-2.647619 -0.48979357 -0.46195188 4278255360
-2.6099246 -0.46628976 -0.45426917 4278255360
-2.6011097 -0.44826689 -0.45207411 4278255360
-2.5941122 -0.43069127 -0.45024487 4278255360
-2.5578711 -0.40857586 -0.44292802 4278255360
-2.5370066 -0.38930231 -0.43853787 4278255360
-2.5305934 -0.37244275 -0.43689159 4278255360
-2.5143335 -0.35430804 -0.43341607 4278255360
-2.458791 -0.28515649 -0.42152613 4278255360
-2.5256708 -0.26152232 -0.43341607 4278255360
-2.5888755 -0.25200063 -0.44494015 4278255360
-2.5570838 -0.23308749 -0.43872079 4278255360
-2.5496492 -0.21664692 -0.43707451 4278255360
-2.5617118 -0.20184439 -0.43908665 4278255360
-2.631542 -0.19108416 -0.45189118 4278255360
-2.6421707 0.32754782 -0.55799538 4278255360
-2.6459162 0.34451145 -0.55930936 4278255360
-2.6302183 0.35888883 -0.55624342 4278255360
-2.6250689 0.37460634 -0.55558646 4278255360
-2.6101756 0.38883337 -0.5527395 4278255360
-2.6289515 0.40814176 -0.5575574 4278255360
-2.6302505 0.42488864 -0.55843341 4278255360
-2.6133039 0.45512125 -0.55580544 4278255360
-2.6056614 0.47027954 -0.55471045 4278255360
-2.6094403 0.48751524 -0.55624342 4278255360
-2.6386466 -0.50634015 -0.56347024 4278255360
-2.6263533 -0.48729712 -0.55996633 4278255360
-2.6187284 -0.46928313 -0.5575574 4278255360
-2.6080973 -0.45088342 -0.55449146 4278255360
-2.6040773 -0.43375194 -0.55295849 4278255360
-2.597055 -0.41622454 -0.55076855 4278255360
-2.6014886 -0.40057781 -0.55120653 4278255360
-2.5942447 -0.38318527 -0.54901659 4278255360
-2.5926824 -0.36671475 -0.54814065 4278255360
-2.5997186 -0.35145143 -0.54923558 4278255360
-2.6027937 -0.33561772 -0.54945457 4278255360
-2.6067412 -0.31987801 -0.5498926 4278255360
-2.6105933 -0.30410248 -0.55033058 4278255360
-2.6095004 -0.28775856 -0.54967362 4278255360
-2.6199515 -0.27264765 -0.55164456 4278255360
-2.6332285 -0.25770348 -0.55427247 4278255360
-2.6483638 -0.24278408 -0.55733842 4278255360
-2.6536925 -0.22686066 -0.55821437 4278255360
-2.6521163 -0.21034314 -0.5575574 4278255360
-2.6630886 -0.1947747 -0.55974734 4278255360
-2.6749427 -0.17914441 -0.56215632 4278255360
-6.5587373 -1.9837109 -1.4983591 4294967040
-6.6269274 -1.9600272 -1.5114988 4294967040
-6.646328 -1.9214952 -1.5132507 4294967040
-6.6767735 -1.8859804 -1.5176306 4294967040
-6.7437167 -1.8602786 -1.5305513 4294967040
-6.6749172 -1.7973111 -1.5119368 4294967040
-6.7103567 -1.7627633 -1.5176306 4294967040
-6.7824874 -1.7372856 -1.5318652 4294967040
-6.7901793 -1.6949278 -1.5312083 4294967040
-6.7954502 -1.5201142 -1.5233245 4294967040
-6.4729462 -1.5352424 -1.7163463 4294967040
2.1385965 -3.6092126 1.2460262 4278190335
2.1222277 -3.6322184 1.249362 4278190335
2.0166645 -3.6546144 1.2399105 4278190335
1.9987931 -3.6753576 1.2426903 4278190335
1.9662179 -3.6689281 1.2365746 4278190335
1.9391817 -3.67243 1.2337948 4278190335
1.9148376 -3.6808512 1.2326828 4278190335
1.8957223 -3.6993694 1.2349067 4278190335
1.8760188 -3.716934 1.2368526 4278190335
1.5086582 -4.9532576 1.5304052 4278190335
1.4700055 -4.9348044 1.5220655 4278190335
1.2034811 -4.1330919 1.2777164 4278190335
1.4217016 -4.9958935 1.5351309 4278190335
1.3917928 -5.0072989 1.5359648 4278190335
1.0884366 -4.0117831 1.2349067 4278190335
1.0596179 -4.0026007 1.230181 4278190335
1.0585897 -4.1001706 1.2574235 4278190335
1.051711 -4.1792455 1.2791064 4278190335
0.97866809 -3.9925063 1.2215635 4278190335
0.93183619 -3.9050057 1.1937649 4278190335
0.89459527 -3.8535748 1.1768078 4278190335
0.86183125 -3.8187015 1.1648544 4278190335
0.83138251 -3.7920172 1.1554029 4278190335
0.80469668 -3.7810755 1.1506771 4278190335
0.78809071 -3.8179262 1.1601286 4278190335
0.79935533 -3.9959967 1.211278 4278190335
0.91487348 -4.7231832 1.4242147 4278190335
0.77947074 -4.1612864 1.2571455 4278190335
0.85410386 -4.7189312 1.4197669 4278190335
0.82430577 -4.7193518 1.418377 4278190335
0.78814912 -4.6816955 1.4058677 4278190335
0.75479329 -4.6579976 1.3975282 4278190335
0.73034221 -4.6891165 1.4053117 4278190335
0.69643825 -4.6593094 1.3953042 4278190335
0.6632005 -4.6311655 1.3858527 4278190335
0.63620728 -4.6456165 1.3889105 4278190335
0.62439537 -4.7770624 1.4261606 4278190335
0.58853716 -4.7283773 1.4108714 4278190335
0.56685615 -4.7939043 1.4289404 4278190335
0.50909865 -4.811007 1.4319983 4278190335
0.39104787 -3.9270232 1.1740279 4278190335
0.36640763 -3.9236102 1.1723599 4278190335
0.34065285 -3.9066458 1.1668003 4278190335
0.16864288 -3.828423 1.1409477 4278190335
0.051909164 -3.8894243 1.1576267 4278190335
0.028292876 -3.9232891 1.1673563 4278190335
-0.042998768 -3.8386188 1.1428936 4278190335
-0.066567719 -3.8392432 1.1431715 4278190335
-0.090212949 -3.8426037 1.1442835 4278190335
-0.11367613 -3.8381371 1.1431715 4278190335
-0.13746317 -3.8440874 1.1451174 4278190335
-0.1636878 -3.9065151 1.1634644 4278190335
-0.18930681 -3.9399788 1.1734719 4278190335
-0.27865192 -3.8335485 1.1442835 4278190335
-0.30442801 -3.8604956 1.1526231 4278190335
-0.32875925 -3.8662121 1.1548469 4278190335
-0.35099584 -3.8478594 1.1501212 4278190335
-0.34588757 -3.5502043 1.0642236 4278190335
-0.40075693 -3.8681052 1.1573488 4278190335
-0.50961751 -3.9666748 1.1893171 4278190335
-0.53791636 -3.9929857 1.1979346 4278190335
-0.55785465 -3.9572687 1.1884831 4278190335
-0.53504026 -3.6334968 1.0948021 4278190335
-0.54044139 -3.520004 1.0625558 4278190335
-0.58549207 -3.6636522 1.1056435 4278190335
-0.64866263 -3.7622166 1.1367779 4278190335
-0.66160661 -3.7014275 1.1200987 4278190335
-0.64676571 -3.4942129 1.0603319 4278190335
-0.62471789 -3.2627966 0.99333745 4278190335
-0.73912102 -3.7366831 1.134276 4278190335
-0.8610872 -4.2177415 1.2777164 4278190335
-0.88220495 -4.1898184 1.2710449 4278190335
-0.94310164 -4.346736 1.3191363 4278190335
-0.80632776 -3.6086669 1.1020297 4278190335
-1.0562861 -4.350287 1.3274758 4278190335
-0.95130247 -3.8152239 1.1698581 4278190335
-0.96065742 -3.7544062 1.153457 4278190335
-0.97076416 -3.6991947 1.1387237 4278190335
-0.8989529 -3.3415828 1.0333673 4278190335
-0.97069526 -3.5221541 1.0892423 4278190335
-1.0034978 -3.5558867 1.1011957 4278190335
-1.040213 -3.601346 1.1167629 4278190335
-1.4066205 -4.0226793 1.2652071 4278190335
-1.4274074 -4.0031142 1.2618712 4278190335
-1.455879 -4.005115 1.2652071 4278190335
-1.4704208 -3.9690816 1.2568675 4278190335
-1.4994936 -3.9725671 1.2607594 4278190335
-1.5917171 -4.1399345 1.3155224 4278190335
-1.6698177 -3.9071679 1.2615933 4278190335
-1.6975876 -3.905659 1.2643732 4278190335
-1.8226413 -3.9908462 1.3016232 4278190335
-1.7456298 -3.7608695 1.2318488 4278190335
-3.0449426 -4.1153083 1.513448 4278190335
-3.2177329 -4.2390938 1.5721029 4278190335
2.5996113 -3.6797893 1.1524649 4278190335
2.5858674 -3.708406 1.1563247 4278190335
2.569118 -3.7329953 1.1589785 4278190335
2.542892 -3.7438726 1.157531 4278190335
2.5801899 -3.9533768 1.2060211 4278190335
2.535387 -3.9373164 1.1966126 4278190335
2.3641889 -3.7724435 1.1391964 4278190335
2.3675406 -3.8297982 1.1517411 4278190335
2.3475344 -3.8500526 1.1534299 4278190335
2.3138609 -3.8477528 1.1486049 4278190335
2.177804 -3.6724172 1.0938424 4278190335
2.0479102 -3.502265 1.0410099 4278190335
2.0833712 -3.7723191 1.1037334 4278190335
2.0156302 -3.7032115 1.080574 4278190335
1.9671727 -3.6676228 1.0670643 4278190335
1.9437244 -3.6779082 1.0665818 4278190335
1.9197755 -3.6871834 1.0658581 4278190335
1.9028751 -3.7101181 1.0689943 4278190335
1.8870784 -3.7355821 1.0728542 4278190335
1.8686074 -3.8745685 1.1018035 4278190335
1.8697803 -3.9385574 1.1162782 4278190335
1.8418797 -3.9420438 1.114107 4278190335
1.5931215 -4.0385437 1.1116946 4278190335
1.56761 -4.0464334 1.111212 4278190335
1.4190063 -3.800818 1.0410099 4278190335
1.4260556 -3.8923693 1.0629631 4278190335
1.440573 -4.0078902 1.0911888 4278190335
1.4143398 -4.0120778 1.0899825 4278190335
1.3804964 -3.9940832 1.0829865 4278190335
1.3254288 -3.9124079 1.0593445 4278190335
1.5953959 -4.805531 1.2911804 4278190335
1.2710121 -3.9089987 1.0542784 4278190335
1.5375866 -4.9332137 1.3169936 4278190335
1.2707866 -4.1674976 1.1155545 4278190335
1.2401958 -4.1584778 1.111212 4278190335
1.215472 -4.1688042 1.1119357 4278190335
1.1355851 -3.9857967 1.0627218 4278190335
1.1926032 -4.2853084 1.1382314 4278190335
1.1488857 -4.3333888 1.1469163 4278190335
1.0165185 -3.9316664 1.0419749 4278190335
0.94300658 -3.7421031 0.99179602 4278190335
1.0290974 -4.1917038 1.1054221 4278190335
0.9843924 -4.1186571 1.0851576 4278190335
0.89046603 -3.8297169 1.0098894 4278190335
0.85731226 -3.7925146 0.99903339 4278190335
0.83319223 -3.7939122 0.99806839 4278190335
0.8143537 -3.8198333 1.0033758 4278190335
0.79562169 -3.8475657 1.0091656 4278190335
0.81113106 -4.0474339 1.0586207 4278190335
0.95356518 -4.9135375 1.2767057 4278190335
0.92411512 -4.9231114 1.2776707 4278190335
0.90533078 -4.9917092 1.2935928 4278190335
0.87937468 -5.0239358 1.3003477 4278190335
0.8097446 -4.7995777 1.242449 4278190335
0.77514035 -4.7728457 1.2344879 4278190335
0.74314266 -4.7602534 1.2301456 4278190335
0.7127685 -4.7570457 1.2282156 4278190335
0.70275968 -4.8948517 1.2617486 4278190335
0.66121215 -4.8154283 1.2407603 4278190335
0.62483352 -4.7674351 1.2277331 4278190335
0.54880679 -4.8832455 1.2540288 4278190335
0.14540079 -3.8009963 0.97804511 4278190335
0.12169925 -3.7901773 0.97515017 4278190335
0.060379717 -4.4001975 1.1264105 4278190335
0.03294925 -4.3451705 1.1126595 4278190335
0.0055367625 -3.8882027 0.99903339 4278190335
-0.017967626 -3.8095567 0.97949255 4278190335
-0.041651767 -3.8384871 0.98672992 4278190335
-0.066537648 -3.917726 1.0065119 4278190335
-0.090397321 -3.9094825 1.004582 4278190335
-0.11246777 -3.8428905 0.98817736 4278190335
-0.1361817 -3.8460073 0.98914236 4278190335
-0.15456761 -3.7190466 0.9577806 4278190335
-0.17512901 -3.6705291 0.94595957 4278190335
-0.19821937 -3.6800451 0.94861329 4278190335
-0.24506417 -4.0846596 1.0496947 4278190335
-0.40422258 -4.1656022 1.0728542 4278190335
-0.42947623 -4.1601477 1.0721304 4278190335
-0.53439695 -4.1714578 1.0779203 4278190335
-0.56888533 -4.2344675 1.0945662 4278190335
-0.59013444 -4.1972609 1.0861226 4278190335
-0.67917567 -4.098217 1.0651344 4278190335
-0.68393064 -3.975373 1.03522 4278190335
-0.71035266 -3.9825668 1.038115 4278190335
-0.73548013 -3.9819505 1.0390799 4278190335
-0.71369147 -3.7352345 0.97780389 4278190335
-0.76776606 -3.8888381 1.0178504 4278190335
-0.87892842 -4.3129354 1.1266516 4278190335
-0.6855979 -3.2608359 0.86080033 4278190335
-0.67357272 -3.1086001 0.82316619 4278190335
-0.69390047 -3.1100922 0.82461363 4278190335
-0.80080831 -3.488873 0.92231762 4278190335
-0.8829931 -3.7417614 0.98817736 4278190335
-0.896568 -3.6976025 0.97828633 4278190335
-0.91642809 -3.6807303 0.97539139 4278190335
-0.9413957 -3.6844411 0.97780389 4278190335
-0.84501952 -3.2242062 0.86104155 4278190335
-0.79888004 -2.9733891 0.79783553 4278190335
-0.89558572 -3.2538302 0.87141508 4278190335
-0.84398818 -2.9941883 0.80579656 4278190335
-0.85266882 -2.9553831 0.79711175 4278190335
-1.1507559 -3.8995519 1.0431811 4278190335
-1.20268 -3.9853313 1.0673056 4278190335
-1.2313991 -3.9917877 1.0709242 4278190335
-1.2582016 -3.9915619 1.0728542 4278190335
-1.2853448 -3.9920809 1.0750253 4278190335
-1.3073924 -3.9767432 1.0730954 4278190335
-1.3696051 -3.9998825 1.0834689 4278190335
-1.3963609 -3.9978173 1.0851576 4278190335
-1.4562395 -4.0104852 1.0931187 4278190335
-1.4906296 -3.9532635 1.0827452 4278190335
-1.5298127 -3.9830012 1.0931187 4278190335
-1.6615012 -4.0276976 1.1155545 4278190335
-1.7344173 -4.062346 1.1305116 4278190335
-1.7272428 -3.9777374 1.1104883 4278190335
-1.7504418 -3.964401 1.1097646 4278190335
-1.816843 -4.0474415 1.1353365 4278190335
-1.8166773 -3.9814727 1.1203793 4278190335
-1.7727784 -3.7622144 1.0663406 4278190335
-1.8448368 -3.8536897 1.0945662 4278190335
-1.8213584 -3.7454133 1.067788 4278190335
-1.9044462 -3.8559966 1.1015623 4278190335
-1.9889575 -3.9656966 1.1353365 4278190335
-1.9903616 -3.9084446 1.1227918 4278190335
-2.0236619 -3.9142637 1.1278579 4278190335
-2.0765603 -3.8985584 1.1305116 4278190335
-2.1050553 -3.8942814 1.1329241 4278190335
-2.1485054 -3.9170322 1.1430563 4278190335
-2.1993897 -3.9521163 1.1568072 4278190335
-2.8977952 -4.1818037 1.2972115 4278190335
-2.9256299 -4.1671219 1.2981765 4278190335
2.6729143 -3.8331904 1.0126685 4278190335
2.21943 -3.5903115 0.91787559 4278190335
2.2146876 -3.6322703 0.92485172 4278190335
2.3417366 -3.9487305 0.99543339 4278190335
2.1300483 -3.8567967 0.95665449 4278190335
1.9911988 -3.6583462 0.90618038 4278190335
1.9478889 -3.6316872 0.89694732 4278190335
1.9434104 -3.6773145 0.90494931 4278190335
1.9212624 -3.690038 0.90515447 4278190335
1.9119896 -3.7278802 0.91130984 4278190335
1.8965849 -3.7543912 0.9147979 4278190335
2.0152493 -4.0507193 0.98148119 4278190335
2.0209382 -4.1254067 0.99604893 4278190335
2.0126002 -4.1729884 1.0042561 4278190335
1.9890568 -4.1896791 1.005282 4278190335
1.9359565 -4.1432872 0.99174017 4278190335
1.9031347 -4.1390834 0.98804694 4278190335
1.8760877 -4.1471162 0.98722625 4278190335
1.8342845 -4.1218915 0.97881389 4278190335
1.8062104 -4.1267929 0.97737759 4278190335
1.812983 -4.2124085 0.99440753 4278190335
1.7848127 -4.2180462 0.99317646 4278190335
1.6803083 -4.0400639 0.95029396 4278190335
1.7188383 -4.2052069 0.98537964 4278190335
1.6134533 -4.0176964 0.94065052 4278190335
1.5704449 -3.9810917 0.93018639 4278190335
1.6269935 -4.1996298 0.97717243 4278190335
1.6058186 -4.3008776 0.99543339 4278190335
1.5477321 -4.2242713 0.97614652 4278190335
1.4701107 -4.0900173 0.94413859 4278190335
1.458987 -4.138649 0.95296127 4278190335
1.4402833 -4.1669478 0.95727003 4278190335
1.4571089 -4.3008394 0.98496926 4278190335
1.4322346 -4.3143435 0.98599517 4278190335
1.3830233 -4.2532477 0.97060668 4278190335
1.5367306 -5.0390444 1.1374176 4278190335
1.5390904 -5.1599827 1.1618339 4278190335
1.3873285 -4.7578073 1.0719653 4278190335
1.453916 -5.1022429 1.1452143 4278190335
1.2805225 -4.6009908 1.0342124 4278190335
1.2060438 -4.4387631 0.99728 4278190335
1.3363539 -5.167655 1.1519853 4278190335
1.2131817 -4.8132386 1.0736067 4278190335
1.2018416 -4.8947272 1.0896107 4278190335
1.0932273 -4.5736156 1.0188239 4278190335
0.88698959 -3.81478 0.85406482 4278190335
0.86334985 -3.819196 0.85385966 4278190335
0.84052986 -3.8272893 0.8544752 4278190335
0.81948155 -3.8438606 0.85693735 4278190335
0.79707104 -3.8545671 0.85816842 4278190335
0.88775897 -4.42939 0.98004496 4278190335
0.91841733 -4.7325912 1.0436505 4278190335
0.79990256 -4.2620001 0.94208676 4278190335
0.77513492 -4.2745318 0.94372821 4278190335
0.74973685 -4.2840276 0.94475412 4278190335
0.72637022 -4.3059182 0.94844735 4278190335
0.74894005 -4.6116986 1.0124633 4278190335
0.74345034 -4.7622218 1.0434453 4278190335
0.71392548 -4.7647581 1.043035 4278190335
0.68384051 -4.7632365 1.041804 4278190335
0.7099244 -5.1697278 1.1269534 4278190335
0.60709655 -4.8633928 1.0604752 4278190335
0.58359307 -4.9204803 1.0717602 4278190335
0.55722219 -4.9580092 1.0789415 4278190335
0.53041255 -4.995398 1.0861228 4278190335
0.51223534 -5.1232119 1.1123856 4278190335
0.45213401 -4.8212609 1.0481645 4278190335
0.44598973 -5.0910878 1.1043837 4278190335
0.40758002 -5.0059352 1.0859175 4278190335
0.37317643 -4.9595442 1.0756586 4278190335
0.23532072 -4.6514874 1.0093856 4278190335
0.22038785 -4.957902 1.0734016 4278190335
0.19651015 -5.129333 1.1091027 4278190335
0.161586 -5.0238171 1.0867382 4278190335
0.13144928 -5.0511303 1.0922781 4278190335
0.067357205 -4.9016542 1.0606805 4278190335
0.029378623 -3.88609 0.84770423 4278190335
0.0054547382 -3.8382397 0.83765048 4278190335
-0.019077247 -4.0564542 0.88340545 4278190335
-0.042052526 -3.8761857 0.84565246 4278190335
-0.064965904 -3.8239896 0.83477795 4278190335
-0.088159285 -3.8117774 0.8323158 4278190335
-0.11012545 -3.762249 0.82205683 4278190335
-0.13606483 -3.8426864 0.83908671 4278190335
-0.16012558 -3.853514 0.84154886 4278190335
-0.18404579 -3.8583245 0.84277993 4278190335
-0.21316789 -3.9587638 0.86411858 4278190335
-0.23260617 -3.876292 0.84708869 4278190335
-0.29543287 -4.0849791 0.89161265 4278190335
-0.42351672 -4.364852 0.95234573 4278190335
-0.45009038 -4.3602238 0.95193535 4278190335
-0.47704828 -4.3593259 0.95234573 4278190335
-0.4780221 -3.9217713 0.86124611 4278190335
-0.50952691 -3.9770133 0.87355685 4278190335
-0.53274864 -3.9650817 0.87171024 4278190335
-0.5546186 -3.9442923 0.86801702 4278190335
-0.57540143 -3.9175742 0.86309272 4278190335
-0.6094895 -3.9797583 0.87704492 4278190335
-0.63728297 -3.9972076 0.88155884 4278190335
-0.66355544 -4.0038438 0.88381582 4278190335
-0.6847952 -3.9804049 0.87971222 4278190335
-0.68706191 -3.8518298 0.85324413 4278190335
-0.67517024 -3.655045 0.81220824 4278190335
-0.72143531 -3.7758121 0.83888155 4278190335
-0.72830439 -3.6887348 0.82123613 4278190335
-0.76849699 -3.7705109 0.83970225 4278190335
-0.7920202 -3.7676404 0.84011263 4278190335
-0.7561264 -3.4900837 0.78163648 4278190335
-0.81669527 -3.6611526 0.81938952 4278190335
-0.78468072 -3.418534 0.76829982 4278190335
-0.80474335 -3.4098444 0.76747912 4278190335
-0.85491389 -3.5256467 0.7935369 4278190335
-0.80990779 -3.252496 0.73567629 4278190335
-0.82839704 -3.2417753 0.73444521 4278190335
-0.86463332 -3.2991209 0.74798709 4278190335
-0.8528946 -3.1746492 0.72213447 4278190335
-0.82720667 -3.0051527 0.68643326 4278190335
-0.85491502 -3.0329936 0.69361454 4278190335
-0.89112729 -3.0888195 0.7069512 4278190335
-2.0611634 -3.7036257 0.92156881 4278190335
-2.6875205 -4.7606282 1.1790689 4278190335
-2.4887173 -4.2846231 1.0717602 4278190335
-2.6336527 -4.4708366 1.120798 4278190335
-2.7021821 -4.5234981 1.1376227 4278190335
-2.7067816 -4.2307019 1.0859175 4278190335
-2.7284307 -4.2074437 1.0842761 4278190335
-2.7246387 -4.1456342 1.0729913 4278190335
-2.7679241 -4.1557221 1.0797621 4278190335
-3.138535 -4.5892477 1.198561 4278190335
-2.8517509 -4.1153331 1.0826347 4278190335
-3.0528646 -4.2368588 1.1277741 4278190335
-3.0886111 -4.2314878 1.1312622 4278190335
-3.0086412 -4.0692091 1.0939195 4278190335
2.0287366 -3.6734393 0.75386375 4278190335
1.9538391 -3.58974 0.73508501 4278190335
1.9499511 -3.6355302 0.74168295 4278190335
1.9147079 -3.6230304 0.73694599 4278190335
1.9101994 -3.6688004 0.74354392 4278190335
1.9092504 -3.7225423 0.7516644 4278190335
1.899266 -3.759696 0.75657058 4278190335
2.0671999 -4.1550932 0.83016276 4278190335
2.0685582 -4.2225699 0.84065181 4278190335
1.6370201 -4.2254958 0.81138408 4278190335
1.5528588 -4.238256 0.80833888 4278190335
1.517125 -4.3034654 0.81679773 4278190335
1.5180737 -4.3918667 0.83117783 4278190335
1.480655 -4.370296 0.82559496 4278190335
1.3532969 -4.3422771 0.81426007 4278190335
1.3355448 -4.3797221 0.81950462 4278190335
1.3154109 -4.4105005 0.82356483 4278190335
1.3079239 -4.4856639 0.83557647 4278190335
1.3441544 -4.717288 0.87550235 4278190335
1.412758 -5.0757942 0.93792886 4278190335
1.3645195 -5.0215979 0.92676312 4278190335
1.214381 -4.5802369 0.84691137 4278190335
1.1833929 -4.695138 0.86467499 4278190335
0.94031399 -3.8303788 0.7105543 4278190335
0.908768 -3.8025274 0.70463306 4278190335
0.8936854 -3.8435493 0.71089268 4278190335
0.86660469 -3.83358 0.70818579 4278190335
0.84052652 -3.8272741 0.70615566 4278190335
0.81640983 -3.8294678 0.70564812 4278190335
0.79469544 -3.8430912 0.70717072 4278190335
0.9186309 -4.5832729 0.83591479 4278190335
0.91229129 -4.7010531 0.85553938 4278190335
0.87742323 -4.6745977 0.84995657 4278190335
0.84837186 -4.6779537 0.8496182 4278190335
0.81744128 -4.6704507 0.8474189 4278190335
0.78991747 -4.6821814 0.84860313 4278190335
0.76670909 -4.7209888 0.85452431 4278190335
0.7141372 -4.5746708 0.82830185 4278190335
0.70988727 -4.7378392 0.85587776 4278190335
0.67996168 -4.7362523 0.85486269 4278190335
0.65947938 -4.802825 0.86569005 4278190335
0.62884319 -4.7979865 0.86416745 4278190335
0.59071153 -4.7323184 0.85215586 4278190335
0.5391112 -4.5459847 0.8193354 4278190335
0.51131761 -4.5501866 0.81950462 4278190335
0.48130399 -4.533637 0.81612104 4278190335
0.45229849 -4.5247369 0.81409091 4278190335
0.10032981 -3.8629735 0.6968509 4278190335
0.076447323 -3.8546479 0.6953283 4278190335
0.029215766 -3.8651512 0.69702011 4278190335
0.0055152741 -3.8751135 0.69871187 4278190335
-0.017885579 -3.7913005 0.68433177 4278190335
-0.040833924 -3.7615535 0.67925644 4278190335
-0.064392798 -3.7898102 0.68416262 4278190335
-0.088164531 -3.8120062 0.68805367 4278190335
-0.11129536 -3.802527 0.68653107 4278190335
-0.13497174 -3.8116221 0.68822289 4278190335
-0.15896741 -3.8254936 0.69076055 4278190335
-0.17953905 -3.7634087 0.68027151 4278190335
-0.20700859 -3.8439224 0.69431323 4278190335
-0.22841415 -3.8061781 0.68805367 4278190335
-0.24923469 -3.7663503 0.68145579 4278190335
-0.27000052 -3.7323101 0.67587292 4278190335
-0.31743419 -4.0440259 0.72984052 4278190335
-0.34398383 -4.0626259 0.73339325 4278190335
-0.36507931 -4.0182319 0.72611862 4278190335
-0.48673749 -3.9934015 0.72408849 4278190335
-0.50410402 -3.9346154 0.71444535 4278190335
-0.50582951 -3.7644093 0.685516 4278190335
-0.59651071 -3.7411287 0.68382424 4278190335
-0.63651425 -3.8404679 0.70175707 4278190335
-0.66123521 -3.8432894 0.7029413 4278190335
-0.68636054 -3.8478925 0.7044639 4278190335
-0.70924258 -3.8397319 0.70378721 4278190335
-0.72724676 -3.8062644 0.69871187 4278190335
-0.72884911 -3.6914966 0.67942566 4278190335
-0.76623249 -3.759388 0.69211394 4278190335
-0.78867763 -3.7517221 0.6916064 4278190335
-0.81105757 -3.7439225 0.69109887 4278190335
-0.83401453 -3.7388754 0.69109887 4278190335
-0.85694015 -3.7336876 0.69109887 4278190335
-0.87960738 -3.7273998 0.69092971 4278190335
-0.88320279 -3.6424284 0.67688799 4278190335
-0.91552782 -3.6771111 0.6839934 4278190335
-0.9409982 -3.6828837 0.68602353 4278190335
-0.91490096 -3.491118 0.65303397 4278190335
-0.94090337 -3.5025728 0.65607911 4278190335
-0.97936207 -3.5585041 0.66707569 4278190335
-1.0619794 -3.5984855 0.67756468 4278190335
-1.0843239 -3.5928452 0.67773384 4278190335
-1.1388016 -3.5366254 0.67130512 4278190335
-1.2123647 -2.7913697 0.55592608 4278190335
-2.6245492 -4.6490417 0.94994044 4278190335
-2.6740804 -4.6696305 0.95721507 4278190335
-2.5976553 -4.4097061 0.9120447 4278190335
-2.642385 -4.3623214 0.9089995 4278190335
-2.5410426 -4.0810513 0.8587538 4278190335
-2.5986426 -4.1170626 0.86924279 4278190335
-2.7032073 -4.1130133 0.87837839 4278190335
-2.7759142 -4.1677227 0.8930968 4278190335
-2.8295476 -4.1922793 0.90172487 4278190335
-3.0521276 -4.4628592 0.96161371 4278190335
-3.1670046 -4.570437 0.9880054 4278190335
-3.0286703 -4.2581272 0.93048501 4278190335
-3.1221375 -4.3330307 0.95027882 4278190335
2.2030067 -3.7148974 0.61496979 4278190335
2.1746662 -3.718935 0.61350352 4278190335
2.0003185 -3.6750934 0.59684175 4278190335
1.9824171 -3.6960309 0.59817469 4278190335
1.9606279 -3.7098775 0.5984413 4278190335
1.9323331 -3.7112901 0.59684175 4278190335
1.9113346 -3.7266037 0.59737492 4278190335
1.8969266 -3.7550673 0.59990752 4278190335
1.8389626 -3.6965435 0.58937728 4278190335
1.4065658 -4.9361768 0.72440439 4278190335
1.3512568 -4.854969 0.71187472 4278190335
1.2283485 -4.5207939 0.66415536 4278190335
1.2605691 -4.7543178 0.69561285 4278190335
1.0014325 -3.9737384 0.58524513 4278190335
1.2014593 -4.8931713 0.71174145 4278190335
0.91316426 -3.8209047 0.56245184 4278190335
0.89779019 -3.861186 0.56725043 4278190335
0.87145668 -3.8550224 0.56565088 4278190335
0.84353036 -3.8409376 0.562985 4278190335
0.82139492 -3.8528259 0.56391805 4278190335
0.80537331 -3.8946724 0.56898326 4278190335
0.80524415 -4.0180898 0.58524513 4278190335
0.86164641 -4.4403262 0.6424284 4278190335
0.80565298 -4.2926064 0.62150121 4278190335
0.77876776 -4.2945433 0.62110132 4278190335
0.79054403 -4.5169349 0.65082598 4278190335
0.80308503 -4.7601461 0.68334979 4278190335
0.77672505 -4.7825928 0.68574905 4278190335
0.74537545 -4.774539 0.68401623 4278190335
0.71459508 -4.7692213 0.68268329 4278190335
0.68419009 -4.7656684 0.68161696 4278190335
0.56955683 -4.3462529 0.62363392 4278190335
0.54373848 -4.3565497 0.62456697 4278190335
0.52105385 -4.6366844 0.66162276 4278190335
0.44155276 -4.7086406 0.67015362 4278190335
0.0054483572 -3.8343527 0.54978883 4278190335
-0.017682478 -3.7461092 0.53792566 4278190335
-0.04075212 -3.7538583 0.53899205 4278190335
-0.064166754 -3.776329 0.54205781 4278190335
-0.08656501 -3.7421765 0.53752577 4278190335
-0.10843151 -3.7039299 0.53246057 4278190335
-0.13356119 -3.7715368 0.54165792 4278190335
-0.15485857 -3.7260859 0.53565967 4278190335
-0.17926964 -3.7577343 0.54005837 4278190335
-0.20534874 -3.812974 0.54765618 4278190335
-0.22761701 -3.7928452 0.54512358 4278190335
-0.24384156 -3.6845729 0.53072774 4278190335
-0.26708665 -3.6919041 0.53192741 4278190335
-0.28192243 -3.5904024 0.51846468 4278190335
-0.42787018 -3.909127 0.562985 4278190335
-0.53090769 -3.7754068 0.5468564 4278190335
-0.55708319 -3.7926705 0.54965556 4278190335
-0.58274132 -3.8048561 0.55178827 4278190335
-0.60592067 -3.80023 0.55165499 4278190335
-0.62874156 -3.7935073 0.55125511 4278190335
-0.65452373 -3.8042295 0.55325449 4278190335
-0.67246521 -3.7698946 0.54912239 4278190335
-0.69738221 -3.7754438 0.55045533 4278190335
-0.69935548 -3.6601138 0.53525978 4278190335
-0.71240443 -3.6081085 0.52872837 4278190335
-0.7454043 -3.6570828 0.53605956 4278190335
-0.77251416 -3.6747487 0.53912532 4278190335
-0.79211283 -3.6563783 0.53725922 4278190335
-0.79556388 -3.5663221 0.52552927 4278190335
-0.80569249 -3.510175 0.51846468 4278190335
-0.83312809 -3.5302458 0.52193034 4278190335
-0.86060679 -3.5491478 0.52526271 4278190335
-0.89527076 -3.5037494 0.52046412 4278190335
-1.1667662 -4.4531159 0.65322524 4278190335
-1.1948386 -4.4487448 0.65362513 4278190335
-1.0987247 -3.4120669 0.51619869 4278190335
-1.1199495 -3.4062026 0.51633197 4278190335
-1.1493363 -3.4246371 0.51993096 4278190335
-1.1825209 -3.4531529 0.5249961 4278190335
-1.3005645 -2.896723 0.46114814 4278190335
-2.3578131 -4.6303487 0.73293525 4278190335
-2.3802321 -4.4689388 0.71507382 4278190335
-2.4722049 -4.4425578 0.71787298 4278190335
-2.5223103 -4.4678717 0.72413784 4278190335
-2.4886231 -4.3456564 0.70760936 4278190335
-2.5003116 -4.3045921 0.70361048 4278190335
-2.5110874 -4.2626948 0.69947839 4278190335
-2.4828269 -4.1561599 0.68521589 4278190335
-2.5036619 -4.1332173 0.68401623 4278190335
-2.6207542 -4.2672734 0.70760936 4278190335
-2.5133462 -4.036552 0.67361927 4278190335
-2.6787403 -4.2440114 0.70907557 4278190335
-2.4772546 -3.8718176 0.65229219 4278190335
-2.6675451 -4.1135187 0.69348013 4278190335
-2.9300003 -4.4582152 0.75159645 4278190335
-2.9259925 -4.3931313 0.74399871 4278190335
-2.8752897 -4.2600756 0.72533745 4278190335
-2.9947848 -4.378984 0.74759763 4278190335
-3.0294983 -4.3719316 0.74946374 4278190335
-3.1063688 -4.4246483 0.76119363 4278190335
-3.1627491 -4.4466982 0.76799166 4278190335
-3.1772304 -4.4095163 0.76505917 4278190335
-3.6811583 -4.7315898 0.84037048 4278190335
2.0455351 -3.4996119 0.43138802 4278190335
2.0294919 -3.5215812 0.4324595 4278190335
2.0004683 -3.5209892 0.43099838 4278190335
1.7229272 -3.2138224 0.39154765 4278190335
1.9431419 -3.6783659 0.44181079 4278190335
1.9095039 -3.6690338 0.43947297 4278190335
1.8778708 -3.6629703 0.4375248 4278190335
1.8347162 -3.6335611 0.43304396 4278190335
1.8349957 -3.6901941 0.43801185 4278190335
0.90158123 -3.880554 0.42456937 4278190335
0.87533927 -3.8753347 0.42349786 4278190335
0.84812784 -3.8650796 0.42193931 4278190335
0.82481128 -3.8721578 0.42213413 4278190335
0.80486661 -3.8956635 0.42398492 4278190335
0.78622919 -3.9268763 0.42661497 4278190335
0.93939853 -4.8451376 0.51769257 4278190335
0.90395987 -4.820487 0.51467288 4278190335
0.86495215 -4.7740417 0.50951022 4278190335
0.8130905 -4.824533 0.51350397 4278190335
0.76528436 -4.7174406 0.50239933 4278190335
0.74031568 -4.7476144 0.50493199 4278190335
0.71072847 -4.7491145 0.50463974 4278190335
0.63490158 -4.4282889 0.47249469 4278190335
0.60392731 -4.4044933 0.46976724 4278190335
0.050930686 -3.7685943 0.40352899 4278190335
0.027722832 -3.7578883 0.40245748 4278190335
0.0045971712 -3.7122066 0.39797667 4278190335
-0.040635068 -3.682128 0.39505437 4278190335
-0.06283965 -3.658922 0.39281398 4278190335
-0.085289195 -3.6584675 0.39281398 4278190335
-0.10997386 -3.7344763 0.40031448 4278190335
-0.13320267 -3.7426829 0.40119117 4278190335
-0.15628865 -3.7447784 0.40148339 4278190335
-0.179737 -3.75369 0.40245748 4278190335
-0.20335405 -3.7634482 0.40352899 4278190335
-0.2268593 -3.769084 0.40421084 4278190335
-0.31534401 -3.7157714 0.3996326 4278190335
-0.33786756 -3.7107933 0.39934039 4278190335
-0.35592142 -3.6601112 0.39456734 4278190335
-0.52106458 -3.7005861 0.4004119 4278190335
-0.5417369 -3.6835337 0.39904815 4278190335
-0.56282216 -3.6703024 0.39807406 4278190335
-0.5853321 -3.66678 0.39807406 4278190335
-0.60782003 -3.6631193 0.39807406 4278190335
-0.63264704 -3.6730528 0.39943779 4278190335
-0.66093844 -3.7014346 0.40265229 4278190335
-0.67369723 -3.6434813 0.39729479 4278190335
-0.71900898 -3.7595201 0.40927613 4278190335
-0.73531789 -3.7208633 0.4058668 4278190335
-0.74243611 -3.6392403 0.39817148 4278190335
-0.76659441 -3.6433818 0.39904815 4278190335
-0.72046757 -3.3224847 0.36739019 4278190335
-0.73520792 -3.2927456 0.36485752 4278190335
-0.82150739 -3.5762725 0.39378807 4278190335
-0.84709215 -3.5866628 0.39534661 4278190335
-1.1545293 -4.6344838 0.50210708 4278190335
-1.296964 -3.0357258 0.35774666 4278190335
-1.3052605 -3.0039752 0.35521403 4278190335
-1.32407 -2.99682 0.35531142 4278190335
-2.300431 -4.7289743 0.54935056 4278190335
-2.3122168 -4.6799684 0.5455516 4278190335
-2.2886872 -4.5616059 0.53415471 4278190335
-2.3748925 -4.6618838 0.5467205 4278190335
-2.3015299 -4.4500723 0.52499825 4278190335
-2.2769954 -4.3371644 0.51408845 4278190335
-2.3255546 -4.3643966 0.51866668 4278190335
-2.3707469 -4.3841906 0.52246559 4278190335
-2.4248841 -4.4193001 0.52801794 4278190335
-2.3503239 -4.2217107 0.50756198 4278190335
-2.3845015 -4.2219434 0.50921798 4278190335
-2.4805939 -4.3298712 0.52305007 4278190335
-2.4774692 -4.2039204 0.51223767 4278190335
-2.3945012 -4.0066528 0.4914895 4278190335
-2.8148556 -4.5816417 0.56094223 4278190335
-2.8166127 -4.5220408 0.55607182 4278190335
-2.7184076 -4.3052101 0.53298581 4278190335
-2.7351179 -4.2733593 0.53123242 4278190335
-2.7710345 -4.2715273 0.53298581 4278190335
-3.0091715 -4.5163465 0.56581271 4278190335
-2.960547 -4.3847828 0.55246764 4278190335
-2.9660459 -4.3353181 0.54876608 4278190335
-3.0946271 -4.4642825 0.56629974 4278190335
-3.0779266 -4.3824906 0.55879927 4278190335
-3.1064899 -4.3659554 0.55909145 4278190335
-3.5986829 -4.9927783 0.63701886 4278190335
-3.4491112 -4.7238145 0.6071142 4278190335
-3.4036095 -4.5433192 0.59026241 4278190335
-3.4392419 -4.5326576 0.59152871 4278190335
-3.4494057 -4.4885817 0.58870387 4278190335
-3.678545 -4.6671438 0.61627066 4278190335
-3.5643411 -4.4655595 0.59386659 4278190335
-3.5760362 -4.4242525 0.59143132 4278190335
-3.6157207 -4.4176321 0.5933795 4278190335
-3.6408539 -4.393064 0.59308726 4278190335
-3.8679516 -4.6092939 0.62357634 4278190335
-4.2315264 -4.7394371 0.6565007 4278190335
-4.3809423 -4.728651 0.66555971 4278190335
-4.5473881 -4.8483329 0.68523639 4278190335
-4.5133276 -4.753211 0.67617732 4278190335
2.0906868 -3.5283949 0.28677657 4278190335
2.0644643 -3.5334015 0.28622556 4278190335
1.9171726 -3.6853373 0.29002139 4278190335
1.908185 -3.7236772 0.29185808 4278190335
1.8924998 -3.7495711 0.29283762 4278190335
1.8756794 -3.7736244 0.29369473 4278190335
0.94193786 -3.8427985 0.27789927 4278190335
0.902843 -3.8890681 0.2801033 4278190335
0.87742347 -3.8877194 0.27967474 4278190335
0.84691924 -3.8628075 0.27777684 4278190335
0.82444948 -3.8737888 0.27814418 4278190335
0.80268472 -3.8885493 0.27875641 4278190335
0.77959388 -3.897316 0.2790013 4278190335
0.87421376 -4.5134692 0.31720427 4278190335
0.84245592 -4.4971662 0.31585738 4278190335
0.82570046 -4.562161 0.31959197 4278190335
0.76468486 -4.3783655 0.30783719 4278190335
0.74477214 -4.4243131 0.31040856 4278190335
0.76747918 -4.7361956 0.32951006 4278190335
0.74101835 -4.7575812 0.33055085 4278190335
0.71461928 -4.7807941 0.33171406 4278190335
0.68697149 -4.7969451 0.33244875 4278190335
0.68505323 -5.0018106 0.34487697 4278190335
0.46609262 -4.6789989 0.32363266 4278190335
0.29449323 -4.7079263 0.32455102 4278190335
-0.085992061 -3.6611011 0.25983858 4278190335
-0.10792664 -3.6425462 0.25873655 4278190335
-0.13041665 -3.6458054 0.25898144 4278190335
-0.15486287 -3.6947994 0.26204258 4278190335
-0.17786463 -3.7007585 0.26247114 4278190335
-0.20105293 -3.7085674 0.26302215 4278190335
-0.22494292 -3.7261941 0.26418537 4278190335
-0.24661365 -3.7068169 0.26308337 4278190335
-0.26762226 -3.6813416 0.26161402 4278190335
-0.28684089 -3.636843 0.25898144 4278190335
-0.30754808 -3.616118 0.25781822 4278190335
-0.32991126 -3.6161509 0.25794065 4278190335
-0.35190025 -3.6120715 0.25781822 4278190335
-0.36954057 -3.5661597 0.25512442 4278190335
-0.50989157 -3.7846227 0.26945055 4278190335
-0.53129542 -3.7685738 0.26865464 4278190335
-0.58082879 -3.7834754 0.27000153 4278190335
-0.59695494 -3.735486 0.26724651 4278190335
-0.61071771 -3.6766112 0.26381806 4278190335
-0.63241863 -3.6678765 0.26351193 4278190335
-0.6635071 -3.712074 0.26651186 4278190335
-0.68101007 -3.6794696 0.26473638 4278190335
-0.70563596 -3.6860056 0.26540983 4278190335
-0.73578447 -3.7197952 0.26779753 4278190335
-0.7474249 -3.6604431 0.26436904 4278190335
-0.78322583 -3.7192767 0.26834854 4278190335
-0.80476344 -3.7085481 0.2679812 4278190335
-0.78053838 -3.4931231 0.25475708 4278190335
-0.7941379 -3.4542201 0.25261429 4278190335
-0.78481156 -3.3200843 0.24447165 4278190335
-0.79104888 -3.2570071 0.24079829 4278190335
-0.84334916 -3.3818743 0.24900214 4278190335
-0.87273645 -3.4104819 0.25114495 4278190335
-0.93161732 -3.5498862 0.26032835 4278190335
-1.2253935 -4.5562181 0.32461223 4278190335
-1.8798819 -5.5966105 0.39734486 4278190335
-1.3763001 -3.0626514 0.24116564 4278190335
-2.0959296 -4.4443336 0.3366119 4278190335
-2.1317823 -4.4493937 0.33783635 4278190335
-2.0376589 -4.1867099 0.32081643 4278190335
-2.0624256 -4.1723385 0.32069397 4278190335
-2.091121 -4.1658502 0.32112253 4278190335
-1.6839508 -3.3035975 0.26265481 4278190335
-1.766091 -3.4128895 0.27091989 4278190335
-1.6900312 -3.2172873 0.25812432 4278190335
-2.1744208 -4.0789227 0.31873485 4278190335
-1.4559172 -2.6905906 0.22286002 4278190335
-1.4656769 -2.6693561 0.22200291 4278190335
-2.3254068 -4.1155858 0.32516325 4278190335
-2.3605394 -4.1185608 0.3263877 4278190335
-2.4153533 -4.1549163 0.32999983 4278190335
-2.4499235 -4.1554961 0.33110183 4278190335
-2.4656465 -4.1241069 0.32993862 4278190335
-2.4655585 -4.0670724 0.32693869 4278190335
-2.4810619 -4.0365601 0.32583669 4278190335
-3.1166561 -4.6759462 0.37989637 4278190335
-3.139703 -4.6484628 0.37928414 4278190335
-2.5823681 -3.7236619 0.31316358 4278190335
-2.6246724 -3.7355177 0.31524515 4278190335
-3.2300384 -4.4795222 0.37395775 4278190335
-3.2627609 -4.4668736 0.37450877 4278190335
-3.6536639 -4.8754306 0.40891597 4278190335
-3.8319337 -5.0485206 0.42397675 4278190335
-3.7462614 -4.7513733 0.40634459 4278190335
-3.907052 -4.7719803 0.41350767 4278190335
-3.9184246 -4.7263999 0.41179341 4278190335
-3.9685256 -4.7274981 0.41381377 4278190335
-3.9309626 -4.511404 0.40224269 4278190335
-4.015944 -4.4963288 0.40499771 4278190335
-4.093956 -4.417254 0.40463036 4278190335
-4.1250796 -4.3964186 0.40499771 4278190335
-4.1506033 -4.3695774 0.40487525 4278190335
-4.4554162 -4.633285 0.42948681 4278190335
2.0068917 -3.6431539 0.25188565 4278190335
1.888736 -3.692332 0.25126183 4278190335
1.8799757 -3.731498 0.25287342 4278190335
1.853493 -3.7358065 0.25245753 4278190335
0.94322437 -3.8600297 0.24221602 4278190335
0.89555967 -3.8703408 0.24216403 4278190335
0.87004107 -3.8679688 0.24174812 4278190335
0.84437209 -3.864454 0.24128024 4278190335
0.82105881 -3.871516 0.24138422 4278190335
0.80111206 -3.895066 0.24237198 4278190335
0.78695971 -3.9488769 0.24497135 4278190335
0.84654635 -4.3880172 0.26800174 4278190335
0.79989964 -4.4383698 0.27013323 4278190335
0.79832447 -4.590775 0.27793133 4278190335
0.82793105 -4.9403033 0.2961269 4278190335
0.77246952 -4.7895188 0.28791291 4278190335
0.73664039 -4.7527204 0.28572944 4278190335
0.7070235 -4.7541876 0.28557348 4278190335
0.66713113 -4.6832981 0.28162244 4278190335
0.48939264 -4.6580005 0.27917904 4278190335
0.47387809 -4.7930908 0.28609335 4278190335
0.44243062 -4.7740316 0.28494963 4278190335
0.3794924 -4.725348 0.28214231 4278190335
0.26230127 -4.7132959 0.28110257 4278190335
-0.043443967 -3.6447866 0.22511217 4278190335
-0.065645576 -3.6354649 0.22464429 4278190335
-0.091225721 -3.7707703 0.23171456 4278190335
-0.11306228 -3.7272174 0.2294791 4278190335
-0.13505806 -3.7025018 0.22823142 4278190335
-0.1571369 -3.6866372 0.22745161 4278190335
-0.17820042 -3.6536849 0.22578801 4278190335
-0.20203763 -3.6784484 0.22713968 4278190335
-0.22612457 -3.7020595 0.22843936 4278190335
-0.24769802 -3.6836634 0.22755557 4278190335
-0.26584071 -3.6213198 0.22438435 4278190335
-0.30158961 -3.7898521 0.23327419 4278190335
-0.32679886 -3.8108153 0.23446989 4278190335
-0.37036514 -4.0285139 0.2459591 4278190335
-0.39488176 -4.024178 0.24585514 4278190335
-0.41790935 -4.0057869 0.24502334 4278190335
-0.49908006 -3.8625982 0.23810901 4278190335
-0.52062756 -3.8436294 0.23727721 4278190335
-0.56072676 -3.9570384 0.24341172 4278190335
-0.59113264 -3.9950151 0.24559519 4278190335
-0.59524429 -3.8590567 0.23862889 4278190335
-0.60024202 -3.7389796 0.23249438 4278190335
-0.6115098 -3.665288 0.22880328 4278190335
-0.63739425 -3.6811471 0.22984302 4278190335
-0.65450275 -3.6466954 0.22823142 4278190335
-0.67595428 -3.6377015 0.22797148 4278190335
-0.69543618 -3.6187747 0.22719167 4278190335
-0.71082336 -3.5801554 0.22537211 4278190335
-0.73157489 -3.5698564 0.22506018 4278190335
-0.74603462 -3.5301254 0.22318864 4278190335
-0.75557411 -3.4698608 0.22022536 4278190335
-0.77160931 -3.441772 0.21897766 4278190335
-0.79652721 -3.4535158 0.21986145 4278190335
-0.84672379 -3.5710006 0.22641185 4278190335
-0.87381738 -3.5870843 0.22755557 4278190335
-0.89702201 -3.5864992 0.22781551 4278190335
-0.92596036 -3.6080127 0.22927116 4278190335
-1.0311736 -3.9180727 0.24627103 4278190335
-1.0692364 -3.9637387 0.24907835 4278190335
-1.209752 -4.3777542 0.27179682 4278190335
-1.1099137 -3.9224517 0.24757071 4278190335
-1.2002226 -4.051208 0.25531682 4278190335
-1.5091548 -4.8737659 0.30096173 4278190335
-1.5318028 -4.8415627 0.29971403 4278190335
-1.7398403 -5.1665163 0.3191573 4278190335
-1.7176478 -4.9989619 0.31052741 4278190335
-1.7215379 -4.9119892 0.30631644 4278190335
-1.4061921 -3.1233952 0.21367495 4278190335
-2.0635004 -4.5095768 0.29352754 4278190335
-2.1075523 -4.5321474 0.29555506 4278190335
-2.1374543 -4.5236449 0.29581499 4278190335
-1.9957794 -4.1575208 0.27543595 4278190335
-2.0046217 -4.1110859 0.27346042 4278190335
-2.0400014 -4.1192923 0.27465612 4278190335
-2.0881181 -4.1522002 0.27730748 4278190335
-1.5246079 -2.9857054 0.20987988 4278190335
-1.4666164 -2.8291125 0.20124997 4278190335
-1.4709289 -2.7953138 0.19979432 4278190335
-1.5007532 -2.8100209 0.20119798 4278190335
-1.5065483 -2.7796869 0.19995029 4278190335
-1.5178019 -2.7598894 0.19932644 4278190335
-1.5050303 -2.6973248 0.19615521 4278190335
-1.5343407 -2.7106366 0.19750687 4278190335
-1.5628763 -2.721957 0.19875458 4278190335
-2.3433268 -4.0241084 0.27777538 4278190335
-2.405549 -4.0732884 0.28162244 4278190335
-2.3874018 -3.9864812 0.27725551 4278190335
-2.4760849 -4.0776072 0.28370193 4278190335
-1.4457576 -2.3160822 0.17749174 4278190335
-3.0508709 -4.5697012 0.32139277 4278190335
-3.2554748 -4.4498014 0.32238054 4278190335
-3.5835586 -4.8357458 0.34868613 4278190335
-3.4305038 -4.5123534 0.33043858 4278190335
-4.085505 -4.9202423 0.36828539 4278190335
-3.9819508 -4.736084 0.357472 4278190335
-4.0736599 -4.4429603 0.34915403 4278190335
-4.1946301 -4.3553171 0.35014179 4278190335
-4.2400975 -4.348804 0.35154545 4278190335
2.0725393 -3.6083248 0.21354783 4278190335
2.1207483 -3.7453005 0.21966071 4278190335
2.1230454 -3.8036087 0.22188359 4278190335
2.0987039 -3.8148129 0.22179809 4278190335
1.8514721 -3.414803 0.20170675 4278190335
1.8816297 -3.6834292 0.21247913 4278190335
1.878299 -3.733284 0.21431728 4278190335
1.8562436 -3.7465291 0.21440278 4278190335
0.89137858 -3.8618238 0.20508382 4278190335
0.86591691 -3.8594215 0.20474184 4278190335
0.84200698 -3.8636858 0.20469908 4278190335
0.81931734 -3.873667 0.20491283 4278190335
0.79733956 -3.8874297 0.20529754 4278190335
0.77502906 -3.9000885 0.20563953 4278190335
0.83163512 -4.3237066 0.22389273 4278190335
0.81221187 -4.3670359 0.22555988 4278190335
0.78345847 -4.3611202 0.22508965 4278190335
0.7836318 -4.5213838 0.23184377 4278190335
0.77643812 -4.6492882 0.23718721 4278190335
0.74821287 -4.6559377 0.23727271 4278190335
0.72313583 -4.6831508 0.2382559 4278190335
0.70550901 -4.7626114 0.24150471 4278190335
0.68202418 -4.8074074 0.24325736 4278190335
0.67546254 -4.9807973 0.2505672 4278190335
0.46686667 -4.7497315 0.23970932 4278190335
0.43038848 -4.6729164 0.23628952 4278190335
0.39307606 -4.5749316 0.23197201 4278190335
0.37293285 -4.6768503 0.23624676 4278190335
0.29074973 -4.7477417 0.23902535 4278190335
0.20151906 -4.7103658 0.23722996 4278190335
0.17144443 -4.6795645 0.23586203 4278190335
0.14309263 -4.6925116 0.236375 4278190335
0.11398181 -4.6803169 0.2358193 4278190335
-0.00065355055 -3.6686316 0.19247329 4278190335
-0.023042496 -3.6495762 0.19166109 4278190335
-0.045147564 -3.626389 0.1906779 4278190335
-0.066763856 -3.5920806 0.18922448 4278190335
-0.088530667 -3.580617 0.18875425 4278190335
-0.11049926 -3.5800061 0.18875425 4278190335
-0.13338941 -3.6042209 0.18982294 4278190335
-0.15507044 -3.593353 0.18939547 4278190335
-0.17815077 -3.6132891 0.19029316 4278190335
-0.20042895 -3.6141231 0.19037865 4278190335
-0.22112453 -3.5888927 0.18935272 4278190335
-0.24503525 -3.6153786 0.19054964 4278190335
-0.26750919 -3.6177924 0.19072063 4278190335
-0.2901817 -3.6220582 0.19097713 4278190335
-0.31326053 -3.6301634 0.1914046 4278190335
-0.33350313 -3.6062865 0.19046415 4278190335
-0.40693143 -3.8801384 0.20243347 4278190335
-0.52064335 -3.8282113 0.20080906 4278190335
-0.55848294 -3.9258347 0.20516931 4278190335
-0.55289727 -3.7227106 0.19653431 4278190335
-0.57450569 -3.7113495 0.19619232 4278190335
-0.5924983 -3.6781638 0.1949099 4278190335
-0.6077953 -3.631103 0.193029 4278190335
-0.63091916 -3.6322269 0.19324274 4278190335
-0.65992379 -3.6656513 0.19486715 4278190335
-0.67819154 -3.6389434 0.19388396 4278190335
-0.71091002 -3.6886697 0.19623508 4278190335
-0.72221041 -3.6274076 0.19375572 4278190335
-0.76155376 -3.7060907 0.19738926 4278190335
-0.78738713 -3.7160087 0.19803047 4278190335
-0.78091091 -3.3777201 0.18383828 4278190335
-1.2254517 -5.1554971 0.26223728 4278190335
-0.86094201 -3.5260832 0.19080614 4278190335
-0.94404209 -3.7659121 0.20162126 4278190335
-0.93028724 -3.6168478 0.19529462 4278190335
-1.0363179 -3.9288945 0.20935856 4278190335
-1.2656575 -4.6814804 0.24300088 4278190335
-1.2911582 -4.6620722 0.24248791 4278190335
-1.0493022 -3.7005794 0.20008235 4278190335
-1.0800656 -3.7218964 0.20132203 4278190335
-1.1796685 -3.9737928 0.21286386 4278190335
-1.6704745 -5.0531635 0.26322046 4278190335
-1.8650872 -4.3485684 0.23795667 4278190335
-1.8861414 -4.3242221 0.2373582 4278190335
-1.9195256 -4.3280931 0.23808491 4278190335
-1.4655259 -3.2506359 0.1880703 4278190335
-1.914214 -4.1770597 0.23210025 4278190335
-2.0461133 -4.3934617 0.24287264 4278190335
-1.4780976 -3.1237738 0.18336806 4278190335
-1.4933405 -3.1065419 0.18298334 4278190335
-1.4694061 -3.009342 0.17879407 4278190335
-1.4234713 -2.8704891 0.17259568 4278190335
-1.4109458 -2.8019173 0.1697316 4278190335
-1.4231076 -2.7834225 0.16926138 4278190335
-1.416682 -2.7294159 0.16708125 4278190335
-1.4301423 -2.7144847 0.16678202 4278190335
-1.4891784 -2.7849479 0.17062929 4278190335
-1.5691482 -2.8916655 0.17627198 4278190335
-1.6326485 -2.9651217 0.18033299 4278190335
-2.1693285 -3.8830392 0.22581637 4278190335
-2.3581581 -4.1608257 0.24013679 4278190335
-2.3884051 -4.096189 0.23838414 4278190335
-2.3985102 -3.9448268 0.23304071 4278190335
-2.3912103 -3.8790092 0.23047584 4278190335
-3.0680442 -4.6511359 0.27390733 4278190335
-2.7138009 -3.9538677 0.24069251 4278190335
-3.811554 -5.2034292 0.31148243 4278190335
-3.343307 -4.5059948 0.27557451 4278190335
-3.4189141 -4.5492878 0.27899429 4278190335
-4.0051804 -4.7579613 0.30160776 4278190335
-3.951268 -4.4666762 0.29066437 4278190335
-4.2515221 -4.3553486 0.29592234 4278190335
-4.2601304 -4.2583523 0.29322922 4278190335
2.1336038 -3.6172972 0.17643446 4278190335
2.1425104 -3.6838918 0.17851171 4278190335
2.1010752 -3.7168674 0.17877974 4278190335
2.0767705 -3.7270701 0.17867923 4278190335
1.8760049 -3.678992 0.17408916 4278190335
1.8690884 -3.7216966 0.17526181 4278190335
1.8453315 -3.7313032 0.1751948 4278190335
0.96836895 -3.7818096 0.16651726 4278190335
0.89205718 -3.8774889 0.16903006 4278190335
0.87020952 -3.8916678 0.1693316 4278190335
0.84101689 -3.8725162 0.168494 4278190335
0.81847513 -3.8834717 0.16869502 4278190335
0.79563069 -3.893317 0.16886254 4278190335
0.76940012 -3.8863602 0.16846049 4278190335
0.90146738 -4.7057552 0.19626886 4278190335
0.80111396 -4.3249741 0.18310176 4278190335
0.81675452 -4.5659332 0.19114274 4278190335
0.79466486 -4.6053309 0.19231537 4278190335
0.790295 -4.7540674 0.19720696 4278190335
0.76142508 -4.7608008 0.19727397 4278190335
0.73356348 -4.7742739 0.19757551 4278190335
0.7027998 -4.7687974 0.19724047 4278190335
0.66962057 -4.7453094 0.19630235 4278190335
0.50738657 -4.6145959 0.19127674 4278190335
0.44539344 -4.5657644 0.18943402 4278190335
0.25736824 -4.7363625 0.19466066 4278190335
0.23189592 -4.8127241 0.19717346 4278190335
0.17064308 -4.7542806 0.19512971 4278190335
0.13792327 -4.6353579 0.19110923 4278190335
0.053793173 -4.7460432 0.19476117 4278190335
0.024334984 -4.6793227 0.1925164 4278190335
-0.02491146 -3.5519316 0.15472382 4278190335
-0.046798907 -3.5587075 0.15495835 4278190335
-0.067892328 -3.5203819 0.1536852 4278190335
-0.092594698 -3.6407912 0.15773919 4278190335
-0.11604454 -3.6751173 0.15891184 4278190335
-0.13859245 -3.674336 0.15891184 4278190335
-0.15906571 -3.6264884 0.15733714 4278190335
-0.18091318 -3.6174588 0.15706912 4278190335
-0.2041754 -3.6352398 0.15770569 4278190335
-0.22210886 -3.5640943 0.1553604 4278190335
-0.24465875 -3.5726354 0.15569545 4278190335
-0.26821744 -3.592993 0.15643254 4278190335
-0.29138911 -3.605226 0.1569016 4278190335
-0.31107274 -3.5754919 0.15596348 4278190335
-0.33263382 -3.5695355 0.15582946 4278190335
-0.35482702 -3.570411 0.15592998 4278190335
-0.37672797 -3.5681665 0.15592998 4278190335
-0.45546073 -3.8590469 0.16591418 4278190335
-0.47431621 -3.8174999 0.16460752 4278190335
-0.53401029 -3.9054604 0.16779041 4278190335
-0.53302705 -3.7279856 0.1618937 4278190335
-0.5523454 -3.700922 0.1610896 4278190335
-0.57135189 -3.6737623 0.1602855 4278190335
-0.59276378 -3.6632814 0.16005097 4278190335
-0.61854857 -3.6792867 0.16072105 4278190335
-0.65401012 -3.7492621 0.16323386 4278190335
-0.67540079 -3.7363274 0.16293232 4278190335
-0.6924246 -3.7006779 0.1618602 4278190335
-0.69953358 -3.615901 0.15911286 4278190335
-0.73464823 -3.6762218 0.16132413 4278190335
-0.75921214 -3.6814327 0.16165917 4278190335
-0.78137052 -3.6747501 0.16159216 4278190335
-0.80518818 -3.6757438 0.16179319 4278190335
-0.7756393 -3.3443179 0.15073685 4278190335
-0.79382491 -3.3297744 0.1504018 4278190335
-0.80805367 -3.299603 0.14953071 4278190335
-0.81852734 -3.2558141 0.14819054 4278190335
-0.83474118 -3.2362149 0.14768799 4278190335
-0.86276823 -3.2619488 0.14876011 4278190335
-0.89690018 -3.3086798 0.15056933 4278190335
-0.91825551 -3.3069661 0.15070334 4278190335
-0.93962353 -3.3051145 0.15083736 4278190335
-1.0908611 -3.5845995 0.16125712 4278190335
-1.1095676 -3.5673416 0.16088857 4278190335
-1.9207007 -4.4690208 0.19871464 4278190335
-1.9308677 -4.4177756 0.19727397 4278190335
-1.9668711 -4.4259362 0.19801106 4278190335
-2.0022237 -4.4319992 0.19868115 4278190335
-1.4077352 -3.0664248 0.14876011 4278190335
-1.4286377 -3.0622573 0.14892763 4278190335
-1.457252 -3.0742028 0.14969823 4278190335
-1.8019146 -3.7413726 0.17485976 4278190335
-1.9658763 -4.0184007 0.18561457 4278190335
-1.9308827 -3.8863373 0.18112502 4278190335
-1.4097608 -2.7948303 0.14058512 4278190335
-1.4401019 -2.8119214 0.14155674 4278190335
-1.453177 -2.7950525 0.1412552 4278190335
-1.4969018 -2.8364589 0.14316493 4278190335
-1.5213596 -2.8404341 0.14366749 4278190335
-1.5272992 -2.8099742 0.14286339 4278190335
-1.5401661 -2.7926745 0.14256185 4278190335
-1.5504371 -2.770963 0.14209281 4278190335
-1.5649422 -2.7570522 0.14192528 4278190335
-1.5798341 -2.7439339 0.14179127 4278190335
-1.6889132 -2.8921039 0.1479225 4278190335
-2.3628709 -3.9891274 0.19107573 4278190335
-3.0283561 -4.707994 0.22330663 4278190335
-3.053911 -4.6843009 0.22310559 4278190335
-1.7447492 -2.5385036 0.13890992 4278190335
-1.7562927 -2.5220101 0.13867539 4278190335
-1.7717344 -2.5111864 0.13867539 4278190335
-1.8219932 -2.5490437 0.14068563 4278190335
-3.4253991 -4.4363456 0.22354116 4278190335
-3.4994407 -4.4190464 0.22461328 4278190335
-4.1024156 -4.8658271 0.24900423 4278190335
-3.9686465 -4.6490307 0.2405612 4278190335
-4.2204409 -4.2642245 0.23677525 4278190335
-4.242281 -4.2340126 0.23657422 4278190335
1.9914473 -3.6633852 0.14132541 4278190335
1.8835422 -3.7334576 0.14162907 4278190335
1.8694983 -3.7628481 0.14213516 4278190335
0.99140018 -3.8429258 0.13623919 4278190335
0.95535845 -3.7994945 0.13494866 4278190335
0.93988234 -3.8373256 0.1357837 4278190335
0.92212105 -3.8673296 0.13641632 4278190335
0.90086126 -3.8836265 0.13669467 4278190335
0.87701482 -3.8890808 0.13669467 4278190335
0.84713966 -3.8670475 0.13598615 4278190335
0.82422847 -3.8760839 0.13608736 4278190335
0.80184472 -3.8879213 0.13626449 4278190335
0.78170013 -3.9113932 0.13674529 4278190335
0.88919008 -4.7509761 0.15812765 4278190335
0.83723181 -4.6304293 0.15488866 4278190335
0.76275426 -4.5358591 0.15220638 4278190335
0.76561123 -4.7299209 0.15706486 4278190335
0.74057472 -4.7602115 0.15772277 4278190335
0.71135271 -4.7646661 0.15772277 4278190335
0.68366277 -4.7798266 0.15800112 4278190335
0.55523664 -4.7028379 0.1556478 4278190335
0.51999658 -4.9220409 0.16106297 4278190335
0.46867782 -4.7132559 0.1556731 4278190335
0.43305352 -4.6443782 0.15385117 4278190335
0.26991969 -4.8008962 0.15749504 4278190335
0.14753723 -4.6651907 0.15392709 4278190335
0.089223064 -4.6126776 0.15256064 4278190335
-0.10959063 -3.677207 0.12890087 4278190335
-0.13240123 -3.6834588 0.129078 4278190335
-0.1543729 -3.6675949 0.12869842 4278190335
-0.17366226 -3.5996771 0.12700301 4278190335
-0.19569212 -3.5975456 0.12697771 4278190335
-0.2118644 -3.4984863 0.12449787 4278190335
-0.23306149 -3.4931304 0.12439665 4278190335
-0.26122618 -3.5843606 0.12674998 4278190335
-0.28187928 -3.5657482 0.1263198 4278190335
-0.30341434 -3.5599673 0.12621857 4278190335
-0.32770288 -3.5849183 0.12690181 4278190335
-0.49343374 -3.8351672 0.13365813 4278190335
-0.51548886 -3.8211694 0.13337977 4278190335
-0.52120811 -3.6922174 0.1301661 4278190335
-0.56480998 -3.674674 0.12988774 4278190335
-0.58624279 -3.6642292 0.12971061 4278190335
-0.64899397 -3.7602003 0.1323676 4278190335
-0.67310899 -3.7620518 0.13251942 4278190335
-0.68963206 -3.7224631 0.13160846 4278190335
-0.70137298 -3.6602318 0.13011548 4278190335
-0.73235154 -3.6990097 0.13122888 4278190335
-0.7624324 -3.7306871 0.13216515 4278190335
-0.7809841 -3.7053957 0.13163376 4278190335
-0.78501415 -3.4117489 0.12439665 4278190335
-0.83861554 -3.4504316 0.12566188 4278190335
-0.86581665 -3.4694707 0.12629449 4278190335
-0.92326236 -3.6054924 0.12998895 4278190335
-0.96972334 -3.6925869 0.1324182 4278190335
-1.3462399 -5.0023751 0.16690834 4278190335
-0.90478432 -3.2036364 0.12004426 4278190335
-1.0037484 -3.4727085 0.12728137 4278190335
-1.0315523 -3.4885347 0.12786338 4278190335
-1.1749476 -3.8859756 0.13854191 4278190335
-1.6593708 -5.2555108 0.17528415 4278190335
-1.6750439 -4.8841128 0.16647816 4278190335
-1.6947525 -4.8444896 0.16569372 4278190335
-1.7019353 -4.5068264 0.15772277 4278190335
-1.7230994 -4.4795027 0.15726729 4278190335
-1.7227861 -4.3196554 0.15349691 4278190335
-1.7522653 -4.3164139 0.15369934 4278190335
-1.7932155 -4.3406935 0.15466093 4278190335
-1.828721 -4.3508067 0.15524292 4278190335
-1.8027424 -4.2163234 0.15185212 4278190335
-1.8086557 -4.1593409 0.15058689 4278190335
-1.9052627 -4.309094 0.15504049 4278190335
-1.9853367 -4.4167776 0.15835539 4278190335
-1.8969523 -4.1517158 0.15132071 4278190335
-1.9329123 -4.1626678 0.15195332 4278190335
-1.9345388 -4.1000953 0.15053627 4278190335
-1.8892527 -3.9411962 0.14641163 4278190335
-1.478991 -3.0369456 0.12128419 4278190335
-1.4807644 -2.9937587 0.12032261 4278190335
-1.4843065 -2.9551332 0.11948756 4278190335
-1.4788059 -2.8996551 0.11817172 4278190335
-1.4905977 -2.8789845 0.11784276 4278190335
-1.5444922 -2.9388168 0.11981652 4278190335
-2.3376982 -4.2568059 0.15870965 4278190335
-2.3457758 -4.2100677 0.15777338 4278190335
-1.5891621 -2.810854 0.11751381 4278190335
-2.4156561 -4.2130551 0.15870965 4278190335
-2.3771527 -4.0875287 0.15547067 4278190335
-2.375788 -4.0280857 0.15415482 4278190335
-2.3943033 -4.0031357 0.15385117 4278190335
-1.6459332 -2.5689988 0.11300959 4278190335
-1.6594884 -2.5554969 0.11290837 4278190335
-1.6773348 -2.5486071 0.11300959 4278190335
-1.7090206 -2.5623901 0.11374342 4278190335
-1.7154927 -2.5049269 0.11263002 4278190335
-1.7908752 -2.5144615 0.11392055 4278190335
-1.7945758 -2.4872084 0.11341447 4278190335
-3.4383683 -4.470974 0.17854844 4278190335
-4.1832256 -4.9199324 0.19924758 4278190335
-4.185946 -4.862349 0.19818479 4278190335
-4.0777836 -4.6782999 0.19287083 4278190335
-4.1189785 -4.6674342 0.19335161 4278190335
-4.3300109 -4.8463573 0.20028506 4278190335
-4.2453361 -4.1504784 0.1860639 4278190335
2.0630522 -3.6416891 0.10313805 4278190335
2.0240912 -3.6245992 0.10259213 4278190335
1.9791499 -3.5957825 0.10183749 4278190335
2.0013926 -3.6895926 0.10333072 4278190335
1.9626882 -3.6718233 0.10278481 4278190335
1.8575979 -3.6903059 0.10227101 4278190335
1.8580149 -3.7482166 0.10310594 4278190335
0.98341882 -3.8261297 0.09936481 4278190335
0.95968062 -3.8311219 0.099348754 4278190335
0.92599887 -3.8990324 0.10028002 4278190335
0.89868039 -3.890028 0.10003918 4278190335
0.87172657 -3.8818111 0.099814385 4278190335
0.84576017 -3.8773179 0.099653825 4278190335
0.82133198 -3.8794999 0.099605657 4278190335
0.79771352 -3.8854458 0.099621713 4278190335
0.77912676 -3.9167447 0.10005523 4278190335
0.89635551 -4.6548724 0.11204932 4278190335
0.86997402 -4.6720805 0.11224199 4278190335
0.84819573 -4.7157092 0.11286819 4278190335
0.77700263 -4.4774961 0.10890228 4278190335
0.7810244 -4.6705375 0.11196904 4278190335
0.76570094 -4.7581635 0.11331777 4278190335
0.73572671 -4.7578316 0.11323749 4278190335
0.70872122 -4.777092 0.11347833 4278190335
0.67869258 -4.776401 0.11339805 4278190335
0.63240719 -4.6556392 0.11137495 4278190335
0.5976578 -4.6118364 0.11060425 4278190335
0.56861401 -4.6094627 0.11050791 4278190335
0.53950548 -4.6059132 0.11039551 4278190335
0.5051356 -4.8240004 0.11381552 4278190335
0.45659599 -4.6349645 0.11071664 4278190335
0.42731997 -4.6287184 0.11057214 4278190335
0.26323727 -4.7601128 0.11248284 4278190335
0.20652412 -4.8029428 0.11312509 4278190335
-0.044678912 -3.641257 0.094403401 4278190335
-0.066708922 -3.6239195 0.094130442 4278190335
-0.089090355 -3.6294394 0.094226778 4278190335
-0.11408093 -3.7177713 0.095655791 4278190335
-0.13428342 -3.6460583 0.094515793 4278190335
-0.15335315 -3.5682464 0.093279459 4278190335
-0.17201196 -3.5013258 0.09221974 4278190335
-0.19420885 -3.5131831 0.092428468 4278190335
-0.22182356 -3.6107268 0.09401805 4278190335
-0.24262731 -3.5893457 0.093696922 4278190335
-0.26288319 -3.5638576 0.093311571 4278190335
-0.28426811 -3.5561972 0.093215235 4278190335
-0.30711165 -3.5663402 0.093407907 4278190335
-0.33018211 -3.577332 0.093616642 4278190335
-0.35653254 -3.6200168 0.094339177 4278190335
-0.38185865 -3.6475942 0.094820864 4278190335
-0.4736416 -3.8404045 0.098064244 4278190335
-0.51876825 -4.0040135 0.10076171 4278190335
-0.54453695 -4.0096722 0.10090622 4278190335
-0.55212194 -3.8864725 0.098963402 4278190335
-0.61737412 -3.8371511 0.098337203 4278190335
-0.63810307 -3.6775706 0.095864527 4278190335
-0.66065621 -3.6735861 0.095864527 4278190335
-0.67934281 -3.6488204 0.095527343 4278190335
-0.70738769 -3.6740389 0.096009031 4278190335
-0.7381072 -3.7108176 0.096683398 4278190335
-0.76689243 -3.7356026 0.097165093 4278190335
-0.78214008 -3.694633 0.096571006 4278190335
-0.78843921 -3.511101 0.093712978 4278190335
-0.80029416 -3.4643052 0.093022555 4278190335
-0.82176661 -3.4603021 0.093038611 4278190335
-0.84511536 -3.4639373 0.093183123 4278190335
-0.86538231 -3.454807 0.093118891 4278190335
-0.88606668 -3.4474952 0.093086779 4278190335
-1.3808491 -5.1121078 0.12096059 4278190335
-0.98829722 -3.5712979 0.095431007 4278190335
-1.4085976 -4.9716392 0.11890537 4278190335
-1.0362241 -3.5733061 0.095671855 4278190335
-1.6323739 -4.9417005 0.11949946 4278190335
-1.6777128 -4.7815571 0.11729974 4278190335
-1.6243811 -4.3702807 0.11079692 4278190335
-1.8901545 -4.9004302 0.12027016 4278190335
-1.7886789 -4.4730048 0.11328565 4278190335
-1.8251362 -4.4841723 0.113671 4278190335
-1.8472604 -4.4599562 0.11344622 4278190335
-1.9044843 -4.5194874 0.11468256 4278190335
-1.9361181 -4.5169072 0.11484312 4278190335
-1.8139853 -4.1612196 0.108822 4278190335
-1.8601447 -4.1966314 0.10964087 4278190335
-1.4981443 -3.3245673 0.094483681 4278190335
-1.4377527 -3.1389499 0.09136875 4278190335
-1.5333446 -3.294148 0.094274953 4278190335
-1.4582123 -3.083106 0.090694383 4278190335
-1.4775354 -3.0750017 0.090710446 4278190335
-1.9756408 -4.0480418 0.10826002 4278190335
-2.0275254 -4.0904922 0.10923946 4278190335
-2.2319286 -4.43434 0.11564594 4278190335
-1.4802173 -2.8962462 0.088157482 4278190335
-1.5021042 -2.8950973 0.088301994 4278190335
-1.5198399 -2.8858261 0.088301994 4278190335
-2.1892762 -4.0960393 0.11050791 4278190335
-2.3249543 -4.2864428 0.11423298 4278190335
-2.3695295 -4.3053842 0.11484312 4278190335
-2.3666573 -4.2383828 0.11387974 4278190335
-1.5854725 -2.7986965 0.087579459 4278190335
-2.4440162 -4.1351247 0.11306087 4278190335
-2.4066391 -4.0154161 0.11110199 4278190335
-2.4281166 -3.9954467 0.11100566 4278190335
-1.7154108 -2.5672271 0.08550819 4278190335
-1.7182388 -2.5376096 0.085138895 4278190335
-1.7202027 -2.5072303 0.084753543 4278190335
-1.7144407 -2.4662495 0.084159456 4278190335
-1.5194227 -2.1572862 0.078298889 4278190335
-1.7887074 -2.5068872 0.085379735 4278190335
-1.8122487 -2.4750669 0.085187063 4278190335
-4.2148542 -4.8865519 0.13955383 4278190335
-4.2355509 -4.8500543 0.13932903 4278190335
-4.2069507 -4.7580538 0.13791607 4278190335
2.0899749 -3.5875297 0.063612074 4278190335
2.0479517 -3.6690516 0.063943684 4278190335
2.0331116 -3.6955674 0.064049803 4278190335
2.004679 -3.6974232 0.063970216 4278190335
1.9739445 -3.6946597 0.063857466 4278190335
1.8530245 -3.7400305 0.063757986 4278190335
0.98005342 -3.8160753 0.062206049 4278190335
1.073614 -4.2895918 0.065402769 4278190335
0.94565129 -3.9852529 0.06324067 4278190335
0.89644921 -3.8837988 0.062511131 4278190335
0.8688814 -3.8726387 0.062398382 4278190335
0.84276158 -3.8671496 0.062325429 4278190335
0.82046533 -3.8790963 0.062371854 4278190335
0.89223373 -4.6388721 0.067405693 4278190335
0.85552812 -4.6000185 0.067107245 4278190335
0.8253426 -4.5943546 0.067034289 4278190335
0.82581514 -4.764863 0.068148501 4278190335
0.78816545 -4.7195377 0.06781026 4278190335
0.75554425 -4.7015762 0.067657717 4278190335
0.72378343 -4.6873465 0.067531705 4278190335
0.69559467 -4.6956563 0.067558236 4278190335
0.64542854 -4.549345 0.066550143 4278190335
0.61051732 -4.5016918 0.066205271 4278190335
0.61712432 -4.7701426 0.067976065 4278190335
0.55901545 -4.5396123 0.066410869 4278190335
0.51767075 -4.676333 0.067279682 4278190335
0.48522842 -4.6436167 0.067040928 4278190335
0.4574109 -4.6534729 0.067087352 4278190335
0.42839086 -4.6512132 0.06705419 4278190335
0.40471929 -4.7105441 0.067432225 4278190335
0.37382269 -4.6880183 0.06726642 4278190335
0.26371467 -4.7876391 0.067876585 4278190335
-0.00066208409 -3.7019207 0.060627583 4278190335
-0.022916401 -3.6298501 0.060150068 4278190335
-0.044536877 -3.5776463 0.059805192 4278190335
-0.066077486 -3.55531 0.059659284 4278190335
-0.087792024 -3.5508389 0.059632756 4278190335
-0.1103821 -3.5762205 0.059805192 4278190335
-0.13239743 -3.5774744 0.059818458 4278190335
-0.15551212 -3.603569 0.059997525 4278190335
-0.1776696 -3.6035457 0.06000416 4278190335
-0.19966631 -3.6003907 0.059990894 4278190335
-0.22144625 -3.5941074 0.059957732 4278190335
-0.24099028 -3.5557668 0.059712343 4278190335
-0.25962931 -3.5113394 0.059427157 4278190335
-0.51960623 -4.0043421 0.062856004 4278190335
-0.54160488 -3.9822524 0.062729992 4278190335
-0.54912025 -3.860054 0.061934128 4278190335
-0.59621203 -3.7012067 0.060939297 4278190335
-0.61577284 -3.67874 0.060813285 4278190335
-0.63456696 -3.6532178 0.060667377 4278190335
-0.6527167 -3.6256361 0.060508206 4278190335
-0.66560322 -3.5714278 0.060169965 4278190335
-0.70965451 -3.6821582 0.060945932 4278190335
-0.692581 -3.4786496 0.059599593 4278190335
-0.71189904 -3.4645395 0.059533272 4278190335
-0.72692293 -3.430759 0.059334304 4278190335
-0.75372058 -3.4526117 0.059513375 4278190335
-0.77927816 -3.4674344 0.059646018 4278190335
-0.80604166 -3.3914561 0.05919503 4278190335
-0.8690697 -3.5593596 0.06037556 4278190335
-0.83227628 -3.3202026 0.058777202 4278190335
-0.852633 -3.3150334 0.058777202 4278190335
-0.95824724 -3.5446818 0.060428619 4278190335
-1.0424463 -3.7642381 0.061980553 4278190335
-1.430599 -4.9294968 0.070118263 4278190335
-1.4685043 -4.9465084 0.070297338 4278190335
-1.6239631 -4.6250744 0.06858623 4278190335
-1.5875837 -4.434267 0.067312844 4278190335
-1.6120188 -4.4169273 0.067259789 4278190335
-1.6105008 -4.3301005 0.066715948 4278190335
-1.63385 -4.3117213 0.066656254 4278190335
-1.704571 -4.4163594 0.067472018 4278190335
-1.6935894 -4.3090291 0.066782266 4278190335
-1.7162818 -4.2892728 0.066715948 4278190335
-1.7614298 -4.3249655 0.067047559 4278190335
-1.7860196 -4.3094573 0.067014396 4278190335
-1.7786224 -4.218256 0.066437393 4278190335
-1.8005295 -4.1980734 0.066371076 4278190335
-1.7814713 -4.0842924 0.065628268 4278190335
-1.805282 -4.0705423 0.065608367 4278190335
-1.4302554 -3.1724205 0.059155237 4278190335
-1.4876096 -3.2463078 0.059758767 4278190335
-1.960124 -4.2088523 0.066868491 4278190335
-1.9670899 -4.1569757 0.066576675 4278190335
-1.9795601 -4.1177912 0.066377707 4278190335
-1.9376471 -3.9680905 0.065362975 4278190335
-1.9295214 -3.8907309 0.064878829 4278190335
-1.9497596 -3.8716736 0.064825766 4278190335
-1.5350233 -3.0022662 0.058438957 4278190335
-1.5465046 -2.9794784 0.058339477 4278190335
-1.5773445 -2.993819 0.058518544 4278190335
-1.6032304 -2.9981928 0.058624659 4278190335
-1.5667402 -2.887229 0.057861958 4278190335
-1.5554825 -2.8250055 0.057464026 4278190335
-1.5752259 -2.819773 0.057497185 4278190335
-1.5885532 -2.8030949 0.057444129 4278190335
-2.611187 -4.4782138 0.070456512 4278190335
-1.6403888 -2.7742407 0.05745076 4278190335
-1.6306362 -2.7195292 0.057105884 4278190335
-1.6575887 -2.6890996 0.057026301 4278190335
-1.6772375 -2.6839659 0.057066094 4278190335
-1.7097305 -2.6989651 0.057265058 4278190335
-1.7197744 -2.6783266 0.057185471 4278190335
-1.718719 -2.6409059 0.056973241 4278190335
-1.7315871 -2.6253021 0.056933448 4278190335
-1.7487745 -2.6162903 0.056946713 4278190335
-1.7462864 -2.5781908 0.056727849 4278190335
-1.7518862 -2.5525875 0.056608472 4278190335
-1.6089363 -2.1967566 0.054134659 4278190335
-4.2230554 -4.8935971 0.078945726 4278190335
-4.2503705 -4.8645806 0.078919202 4278190335
-4.2185178 -4.7687569 0.078302406 4278190335
-4.253036 -4.7487416 0.078355461 4278190335
-4.3535953 -4.7426004 0.07877329 4278190335
2.0689945 -3.6630857 0.025938991 4278190335
1.9743547 -3.597892 0.026190668 4278190335
1.9688841 -3.6407285 0.026105147 4278190335
1.9592006 -3.6765711 0.026039174 4278190335
1.8515689 -3.5264812 0.026486326 4278190335
1.8459433 -3.7358358 0.02603673 4278190335
1.03514 -3.9475477 0.026246866 4278190335
1.1232665 -4.3936982 0.025137536 4278190335
1.0974939 -4.4053593 0.025125319 4278190335
1.1041328 -4.5509849 0.024775906 4278190335
1.0562099 -4.4729991 0.024988486 4278190335
0.89052641 -3.8770523 0.026498543 4278190335
0.86410844 -3.8707311 0.026527865 4278190335
0.83843672 -3.8671644 0.026549855 4278190335
0.81551522 -3.8761506 0.026540082 4278190335
0.79112554 -4.0035944 0.026246866 4278190335
0.87780797 -4.5908399 0.024797896 4278190335
0.85071218 -4.6020398 0.024783235 4278190335
0.83193874 -4.6603346 0.024651289 4278190335
0.79824239 -4.6357856 0.024724592 4278190335
0.77501357 -4.6721659 0.024646401 4278190335
0.73720139 -4.6195564 0.024788123 4278190335
0.72095019 -4.7030711 0.024592645 4278190335
0.65968198 -4.4867725 0.025137536 4278190335
0.67390078 -4.7878141 0.0244045 4278190335
0.62933421 -4.678874 0.024683055 4278190335
0.60290009 -4.7005014 0.024639072 4278190335
0.56243545 -4.6088176 0.024873644 4278190335
0.54310483 -4.6896653 0.024683055 4278190335
0.51910496 -4.7366486 0.024575541 4278190335
0.5204196 -5.0341797 0.023852278 4278190335
0.25875372 -4.7930293 0.024490021 4278190335
0.19336377 -4.63798 0.024876086 4278190335
-0.0043885442 -3.5700095 0.027495474 4278190335
-0.025928684 -3.5219169 0.027612761 4278190335
-0.047758088 -3.5376899 0.027573666 4278190335
-0.069146067 -3.5213335 0.027612761 4278190335
-0.090699248 -3.5188437 0.027617646 4278190335
-0.11225662 -3.5172215 0.02762009 4278190335
-0.13701245 -3.5994053 0.027417284 4278190335
-0.15918422 -3.6004949 0.027412396 4278190335
-0.18218303 -3.6174273 0.027368415 4278190335
-0.2031292 -3.5942769 0.027422171 4278190335
-0.22442603 -3.5809865 0.027451493 4278190335
-0.24811701 -3.6044827 0.027390406 4278190335
-0.27165455 -3.6218386 0.027343979 4278190335
-0.29151943 -3.5911994 0.02741484 4278190335
-0.30909893 -3.5385377 0.027539456 4278190335
-0.32987148 -3.5266182 0.02756389 4278190335
-0.34911674 -3.5006468 0.027622534 4278190335
-0.50019932 -4.0139647 0.026334831 4278190335
-0.52494907 -4.0118117 0.026332388 4278190335
-0.5474239 -3.8189762 0.026791759 4278190335
-0.57258004 -3.5308878 0.027478371 4278190335
-0.61935467 -3.6762035 0.027109409 4278190335
-0.63638276 -3.6408131 0.027187599 4278190335
-0.62855273 -3.4705529 0.027600544 4278190335
-0.6662547 -3.5541029 0.027383076 4278190335
-0.67966735 -3.5067539 0.027490588 4278190335
-0.70215422 -3.5074201 0.027478371 4278190335
-0.72811806 -3.5245898 0.027424615 4278190335
-0.71615493 -3.3625963 0.027818011 4278190335
-0.7387048 -3.3669291 0.027796019 4278190335
-0.76817131 -3.4013481 0.027698282 4278190335
-0.82147747 -3.4402952 0.027576109 4278190335
-1.3246824 -4.9994879 0.023581054 4278190335
-0.97999173 -3.5242968 0.02728045 4278190335
-0.99967974 -3.5114853 0.027297555 4278190335
-1.4582678 -4.8922958 0.023744766 4278190335
-1.5247198 -5.0028195 0.023439333 4278190335
-1.63834 -4.390276 0.024768574 4278190335
-1.6649973 -4.2999058 0.024951834 4278190335
-1.6575879 -4.2040277 0.025176633 4278190335
-1.6654636 -4.1492357 0.025293918 4278190335
-1.6829457 -4.1194997 0.02534523 4278190335
-1.8138012 -4.3630075 0.024673279 4278190335
-1.8233913 -4.3112745 0.024780791 4278190335
-1.789719 -4.1603885 0.025152197 4278190335
-1.6688598 -3.8149562 0.02604406 4278190335
-1.4275523 -3.2098832 0.027634751 4278190335
-1.4517548 -3.2110856 0.027607873 4278190335
-1.4284009 -3.1085365 0.02785955 4278190335
-1.4368644 -3.077064 0.027920635 4278190335
-1.4681554 -3.0943871 0.027849777 4278190335
-1.4888523 -3.0889232 0.027840002 4278190335
-1.5007385 -3.0653613 0.027879097 4278190335
-1.5079377 -3.0328171 0.027942628 4278190335
-1.7307851 -3.4278376 0.026835741 4278190335
-1.5477798 -3.0194228 0.027927967 4278190335
-1.5635065 -3.0045471 0.027942628 4278190335
-2.2650654 -4.2874656 0.02437029 4278190335
-2.2544603 -4.204751 0.02456088 4278190335
-2.1047599 -3.8684993 0.02545763 4278190335
-2.3194265 -4.2012787 0.024492463 4278190335
-2.3407619 -4.1791167 0.024514455 4278190335
-2.33671 -4.1125135 0.024661062 4278190335
-1.7918371 -3.0657802 0.0275419 4278190335
-2.215117 -3.7368007 0.025604237 4278190335
-2.3987958 -3.9905136 0.024841879 4278190335
-2.6747463 -4.3282275 0.023786305 4278190335
-2.7737813 -4.1396265 0.024042867 4278190335
-2.809243 -4.1374187 0.023998884 4278190335
-2.8260727 -4.1077476 0.024035538 4278190335
-2.8186212 -4.0435748 0.024174815 4278190335
-1.8685081 -2.4497597 0.028690325 4278190335
-1.8749428 -2.4271717 0.028724534 4278190335
-1.8873348 -2.412472 0.028734308 4278190335
-4.28302 -5.0136433 0.020106455 4278190335
-4.2934198 -4.9638247 0.020182204 4278190335
-4.298758 -4.9088035 0.020275054 4278190335
-4.27917 -4.7671361 0.020565826 4278190335
-4.3513894 -4.7881474 0.020409444 4278190335
2.0987711 -3.5949807 -0.008696082 4278190335
2.1165943 -3.6771131 -0.0095617482 4278190335
2.0475852 -3.6082911 -0.0085445903 4278190335
2.0019662 -3.5789032 -0.0080251908 4278190335
1.9640304 -3.5622261 -0.0076681031 4278190335
1.9292407 -3.5504901 -0.0073759407 4278190335
1.9026971 -3.5534468 -0.0072677326 4278190335
1.9653455 -3.7251139 -0.0092263026 4278190335
1.2510422 -4.5073524 -0.01426881 4278190335
1.1451169 -4.2263813 -0.011033381 4278190335
1.0442243 -3.9500911 -0.007862878 4278190335
1.0347071 -4.0135498 -0.0085013071 4278190335
1.0300592 -4.0993419 -0.0093886154 4278190335
0.98394918 -4.0201173 -0.0084363818 4278190335
0.94488198 -3.9657741 -0.0077654906 4278190335
0.90968317 -3.9247417 -0.0072460906 4278190335
0.8807441 -3.9087899 -0.0070080324 4278190335
0.84882492 -3.87798 -0.006607662 4278190335
0.8254301 -3.8850715 -0.0066293036 4278190335
0.80339438 -3.8988769 -0.006726691 4278190335
0.85977077 -4.7597103 -0.015989322 4278190335
0.82676816 -4.7432246 -0.015751263 4278190335
0.77144694 -4.5924053 -0.014041572 4278190335
0.72599769 -4.4904466 -0.012872922 4278190335
0.7102676 -4.5708966 -0.013706126 4278190335
0.69593966 -4.6671438 -0.014712463 4278190335
0.68343014 -4.7841711 -0.015946038 4278190335
0.66192156 -4.845736 -0.016573647 4278190335
0.61379772 -4.708909 -0.015037089 4278190335
0.59303325 -4.778079 -0.015751263 4278190335
0.5612421 -4.7607737 -0.015524026 4278190335
0.53902268 -4.8267336 -0.016205737 4278190335
0.52904135 -5.0159044 -0.018229233 4278190335
0.2679711 -4.7812386 -0.015469922 4278190335
0.20585527 -4.7062469 -0.014625897 4278190335
-0.019637192 -3.6167574 -0.0027879088 4278190335
-0.041511662 -3.5885723 -0.0024849256 4278190335
-0.12777402 -3.5365078 -0.001943884 4278190335
-0.14850537 -3.5126789 -0.0016950049 4278190335
-0.17111467 -3.5336747 -0.0019330631 4278190335
-0.19290216 -3.5345552 -0.0019547048 4278190335
-0.21500878 -3.5402918 -0.0020304506 4278190335
-0.23985299 -3.5857992 -0.0025390296 4278190335
-0.26170528 -3.5822654 -0.002517388 4278190335
-0.283602 -3.5795953 -0.0025065672 4278190335
-0.30216655 -3.5379343 -0.0020737338 4278190335
-0.321868 -3.5141063 -0.0018356757 4278190335
-0.34284166 -3.5060937 -0.0017707507 4278190335
-0.49255246 -4.0177059 -0.0074516865 4278190335
-0.51859844 -4.0255175 -0.0075707156 4278190335
-0.48594552 -3.4376423 -0.0012188883 4278190335
-0.52335769 -3.5453928 -0.0024308213 4278190335
-0.54525381 -3.543103 -0.0024416421 4278190335
-0.57108945 -3.5653629 -0.0027229837 4278190335
-0.57934558 -3.4799201 -0.0018248549 4278190335
-0.60051709 -3.4753144 -0.001814034 4278190335
-0.62182987 -3.4715643 -0.001814034 4278190335
-0.63456053 -3.4214721 -0.001305455 4278190335
-0.6510272 -3.393944 -0.0010457551 4278190335
-0.70504004 -3.5576215 -0.002896117 4278190335
-0.70143449 -3.4288063 -0.0015218715 4278190335
-0.71936744 -3.409761 -0.0013595591 4278190335
-0.73412269 -3.3769448 -0.0010457551 4278190335
-0.75548393 -3.3753045 -0.0010782175 4278190335
-0.79366398 -3.4466157 -0.0019222423 4278190335
-1.3603367 -4.9305043 -0.018997513 4278190335
-1.4988682 -4.9549789 -0.019668404 4278190335
-1.5927181 -5.1510921 -0.021994883 4278190335
-1.5695133 -4.397027 -0.014171422 4278190335
-1.5872362 -4.3619413 -0.01387926 4278190335
-1.6011126 -4.3174281 -0.013478889 4278190335
-1.721159 -4.3915038 -0.014690822 4278190335
-1.7598754 -4.3329916 -0.014257989 4278190335
-1.8183397 -4.3239746 -0.014409481 4278190335
-1.8428714 -4.3081388 -0.014355376 4278190335
-1.8461442 -4.2435641 -0.013727768 4278190335
-1.447575 -3.2718914 -0.0023658962 4278190335
-1.8747127 -4.1686029 -0.01311098 4278190335
-1.4614376 -3.1965821 -0.0016841841 4278190335
-1.5585101 -3.3544316 -0.0036752168 4278190335
-1.5790631 -3.3448057 -0.0036752168 4278190335
-1.6950768 -3.5343304 -0.0060666203 4278190335
-2.0389097 -4.1855531 -0.014030751 4278190335
-2.1767266 -4.3326812 -0.016119171 4278190335
-2.2654979 -4.4412866 -0.017601626 4278190335
-2.2021508 -4.2523618 -0.015469922 4278190335
-2.267271 -4.3131251 -0.016378872 4278190335
-2.2842824 -4.281486 -0.016162455 4278190335
-2.3468432 -4.1501451 -0.015242685 4278190335
-1.78808 -2.9467511 -0.00094836758 4278190335
-1.8302201 -2.9749069 -0.0014461258 4278190335
-1.835215 -2.9424067 -0.001175605 4278190335
-1.8598584 -2.9019821 -0.00094836758 4278190335
-1.7432048 -2.6126814 0.0023628063 4278190335
-2.7837236 -4.1181374 -0.017439313 4278190335
-1.8212242 -2.5232306 0.0026766106 4278190335
-4.3314276 -5.029604 -0.035477638 4278190335
-4.382576 -5.026299 -0.035813082 4278190335
-4.3365803 -4.9123464 -0.034557868 4278190335
-4.4742751 -4.7653456 -0.034384731 4278190335
-4.5224791 -4.5857491 -0.033345934 4278190335
2.0509577 -3.5676603 -0.046110641 4278190335
2.0216329 -3.5671308 -0.045809593 4278190335
1.9723976 -3.5305917 -0.044685677 4278190335
1.9468386 -3.5356214 -0.044525117 4278190335
2.0152473 -3.7135773 -0.048318338 4278190335
1.9858218 -3.7135301 -0.048037358 4278190335
1.9294388 -3.6619608 -0.046592321 4278190335
1.8212478 -3.5086849 -0.042859312 4278190335
1.2527989 -3.8694248 -0.045147285 4278190335
1.2232914 -3.8589313 -0.044765957 4278190335
1.1307284 -3.8964317 -0.044946585 4278190335
1.1043438 -3.8946395 -0.044765957 4278190335
1.0772231 -3.8897803 -0.044525117 4278190335
1.0515085 -3.8895607 -0.044384629 4278190335
1.0291532 -3.9017398 -0.044505049 4278190335
1.0071863 -3.9157271 -0.044665609 4278190335
1.0543926 -4.205977 -0.050546099 4278190335
1.0290631 -4.3294854 -0.052834071 4278190335
0.89929646 -3.8895872 -0.04364204 4278190335
0.87278181 -3.8833265 -0.0434012 4278190335
0.84509802 -3.8710268 -0.04303994 4278190335
0.82464707 -3.8917882 -0.04336106 4278190335
0.80759668 -3.9300718 -0.04404344 4278190335
0.82638109 -4.4337358 -0.054038268 4278190335
0.77736247 -4.3176951 -0.051569667 4278190335
0.73613346 -4.2376704 -0.04984365 4278190335
0.71309012 -4.2598567 -0.05020491 4278190335
0.7580471 -4.7053685 -0.059176173 4278190335
0.72349954 -4.6733747 -0.058433585 4278190335
0.70333397 -4.7350845 -0.059597641 4278190335
0.67722535 -4.760097 -0.060019109 4278190335
0.64652234 -4.7532659 -0.059798341 4278190335
0.61888939 -4.7690411 -0.060039181 4278190335
0.59022862 -4.77771 -0.060139529 4278190335
0.56439853 -4.8110309 -0.060741629 4278190335
0.52934527 -4.7647195 -0.059738129 4278190335
0.50218666 -4.7877645 -0.060139529 4278190335
0.26599199 -4.7946596 -0.059898689 4278190335
0.2322772 -4.7093248 -0.058152605 4278190335
-0.065778524 -3.6076729 -0.035935182 4278190335
-0.087257989 -3.5802147 -0.035393294 4278190335
-0.10858547 -3.5586259 -0.034971826 4278190335
-0.13261136 -3.6178405 -0.036176022 4278190335
-0.14977205 -3.49909 -0.033807769 4278190335
-0.17216647 -3.5170786 -0.034189098 4278190335
-0.19572103 -3.5518944 -0.034911618 4278190335
-0.21659558 -3.5356576 -0.034610569 4278190335
-0.23868893 -3.5402474 -0.034730986 4278190335
-0.25996724 -3.5327334 -0.034610569 4278190335
-0.28822988 -3.6137929 -0.036276374 4278190335
-0.30971408 -3.6039872 -0.036115814 4278190335
-0.33044738 -3.5870852 -0.035814766 4278190335
-0.34922558 -3.5521548 -0.035152458 4278190335
-0.40828377 -3.4915006 -0.034068678 4278190335
-0.4163872 -3.3807678 -0.031881057 4278190335
-0.42917383 -3.3166738 -0.03063672 4278190335
-0.44911358 -3.3110056 -0.03057651 4278190335
-0.46184078 -3.2547333 -0.029492734 4278190335
-0.48561037 -3.2775526 -0.030014552 4278190335
-0.50189906 -3.2498088 -0.029512804 4278190335
-0.52183008 -3.2466681 -0.029512804 4278190335
-0.57511574 -3.3178446 -0.031098329 4278190335
-0.59722996 -3.3240938 -0.031299029 4278190335
-0.64283466 -3.4560144 -0.034068678 4278190335
-0.66232926 -3.4431686 -0.033888049 4278190335
-0.73506558 -3.698909 -0.039206583 4278190335
-0.73324859 -3.5748394 -0.03675805 4278190335
-0.72042406 -3.4059398 -0.033386301 4278190335
-0.74343711 -3.4112241 -0.033587001 4278190335
-0.83626914 -3.6229877 -0.038142879 4278190335
-1.3738967 -4.968504 -0.066983379 4278190335
-1.5303916 -4.939302 -0.067304499 4278190335
-1.6151429 -4.3477535 -0.05660722 4278190335
-1.6403744 -4.3340211 -0.05652694 4278190335
-1.6748475 -4.344398 -0.05696848 4278190335
-1.74139 -4.3569407 -0.057690997 4278190335
-1.7654539 -4.3396912 -0.057550509 4278190335
-1.81002 -4.3721948 -0.058493793 4278190335
-1.8347988 -4.2825646 -0.057028688 4278190335
-1.7859715 -4.098906 -0.053255539 4278190335
-1.7580431 -3.9681191 -0.050626379 4278190335
-1.5902314 -3.5306156 -0.041233648 4278190335
-1.8931571 -4.1353374 -0.054800928 4278190335
-1.8476527 -3.971348 -0.051429175 4278190335
-1.8788214 -3.9743989 -0.051750295 4278190335
-1.8464789 -3.8447285 -0.049121134 4278190335
-1.8380393 -3.7677281 -0.047656029 4278190335
-1.7754689 -3.5834703 -0.043782528 4278190335
-2.1447258 -4.2629213 -0.059296593 4278190335
-2.1758447 -4.2594757 -0.059517361 4278190335
-2.1499348 -4.1457481 -0.05724946 4278190335
-2.1236444 -4.0342722 -0.055021696 4278190335
-1.9377873 -3.6269727 -0.046050433 4278190335
-2.5932446 -4.7831488 -0.072723381 4278190335
-2.635555 -4.7907991 -0.073265269 4278190335
-2.7875583 -4.7851515 -0.074670166 4278190335
-2.5632267 -4.2194653 -0.06260813 4278190335
-1.8945897 -2.9930451 -0.034610569 4278190335
-1.9739217 -3.0764558 -0.03687847 4278190335
-2.5557466 -3.9301424 -0.057610717 4278190335
-1.6992828 -2.4776647 -0.02381294 4278190335
-1.7098899 -2.4606228 -0.02365238 4278190335
-1.7579519 -2.4646893 -0.024274549 4278190335
-1.7800674 -2.4635816 -0.024515389 4278190335
-1.7827511 -2.4356692 -0.02409392 4278190335
-1.7939966 -2.3586712 -0.022990074 4278190335
-1.8035549 -2.3412824 -0.022829514 4278190335
-1.8394085 -2.3577638 -0.023531962 4278190335
-1.9114439 -2.3592441 -0.024455179 4278190335
-1.896717 -2.3119123 -0.023531962 4278190335
-1.8993685 -2.2863867 -0.023170702 4278190335
-1.9043527 -2.2639771 -0.022889724 4278190335
-4.2840967 -5.0306849 -0.096144997 4278190335
-4.298563 -4.985373 -0.095643252 4278190335
-4.4315853 -5.0139055 -0.097830877 4278190335
-1.9750514 -2.1267776 -0.021765808 4278190335
-2.0127182 -2.1146934 -0.022106996 4278190335
-4.5193172 -4.6908307 -0.094258428 4278190335
-4.5417323 -4.6565704 -0.094077796 4278190335
2.0723751 -3.5587478 -0.08557602 4278190335
2.054481 -3.5783317 -0.085813351 4278190335
2.0605476 -3.6404557 -0.087504327 4278190335
2.0537541 -3.680964 -0.088453643 4278190335
2.0595436 -3.7451739 -0.090203956 4278190335
2.0179527 -3.7234662 -0.08904697 4278190335
1.9767064 -3.7013903 -0.087889992 4278190335
1.9455808 -3.6975265 -0.087355994 4278190335
1.9214767 -3.7067323 -0.087266997 4278190335
1.2175748 -3.8481905 -0.083143391 4278190335
1.1966003 -3.8641825 -0.083410382 4278190335
1.1696805 -3.860929 -0.083084054 4278190335
1.1425618 -3.8565323 -0.082728058 4278190335
1.1194329 -3.8653908 -0.082787395 4278190335
1.0861713 -3.8385231 -0.081749074 4278190335
1.0602025 -3.8364444 -0.081482083 4278190335
1.0324783 -3.827436 -0.081007421 4278190335
1.0064307 -3.8240325 -0.080710754 4278190335
1.0087817 -3.930829 -0.083796047 4278190335
1.1744863 -4.6962266 -0.10702471 4278190335
1.0690466 -4.5089555 -0.1008838 4278190335
0.89449441 -3.8784294 -0.081482083 4278190335
0.87024283 -3.8818941 -0.081422746 4278190335
0.84364384 -3.8744638 -0.081037089 4278190335
0.81964815 -3.8785894 -0.081007421 4278190335
0.80325609 -3.9197769 -0.08210507 4278190335
0.82297063 -4.1452303 -0.088779978 4278190335
0.87464255 -4.5516815 -0.10091347 4278190335
0.87407786 -4.7043753 -0.10536341 4278190335
0.84025383 -4.6821022 -0.10453275 4278190335
0.78236014 -4.5187488 -0.099459819 4278190335
0.7674433 -4.600368 -0.10177379 4278190335
0.74727803 -4.655324 -0.10328677 4278190335
0.69813836 -4.5264568 -0.099281825 4278190335
0.69886822 -4.7234721 -0.10506675 4278190335
0.63104528 -4.4535289 -0.096849196 4278190335
0.63964444 -4.7227778 -0.10479975 4278190335
0.61244619 -4.7404923 -0.10521507 4278190335
0.56420463 -4.5884018 -0.10055748 4278190335
0.53777772 -4.6066699 -0.10100247 4278190335
0.26079547 -4.7497468 -0.10453275 4278190335
-0.067632914 -3.6047735 -0.070357241 4278190335
-0.088327341 -3.5473337 -0.068666264 4278190335
-0.10965642 -3.5327377 -0.068250932 4278190335
-0.13129361 -3.5309997 -0.068221271 4278190335
-0.15347715 -3.5421109 -0.06857726 4278190335
-0.17535667 -3.5440977 -0.068666264 4278190335
-0.19609872 -3.5249906 -0.068132266 4278190335
-0.21605742 -3.4967844 -0.067331284 4278190335
-0.23683079 -3.4854205 -0.067034617 4278190335
-0.25976565 -3.5048349 -0.067657612 4278190335
-0.28350818 -3.5310726 -0.068488263 4278190335
-0.30465198 -3.5232916 -0.068310268 4278190335
-0.32635704 -3.5223513 -0.068339936 4278190335
-0.34609398 -3.5013831 -0.067776278 4278190335
-0.36474994 -3.4723535 -0.066975288 4278190335
-0.38870347 -3.493892 -0.067687273 4278190335
-0.41853634 -3.5629175 -0.069823243 4278190335
-0.43019903 -3.477947 -0.067360945 4278190335
-0.42910805 -3.3027701 -0.062199019 4278190335
-0.53947556 -3.2196748 -0.060241047 4278190335
-0.55802178 -3.2094107 -0.060033385 4278190335
-0.59331065 -3.2924919 -0.062644012 4278190335
-0.61551905 -3.299598 -0.06297034 4278190335
-0.63329113 -3.2830002 -0.062584683 4278190335
-0.65869981 -3.3055198 -0.063385673 4278190335
-0.69850922 -3.396384 -0.066263296 4278190335
-0.71414983 -3.3675892 -0.065521643 4278190335
-0.73245174 -3.3524022 -0.065195315 4278190335
-0.76792878 -3.4141572 -0.067212619 4278190335
-0.79923183 -3.4541762 -0.06857726 4278190335
-1.1949555 -4.8898888 -0.1127503 4278190335
-1.381237 -4.9838595 -0.11684424 4278190335
-1.4735936 -4.9604654 -0.11693324 4278190335
-1.5782527 -4.9753752 -0.11826822 4278190335
-1.6167625 -4.9903202 -0.11903954 4278190335
-1.5152785 -4.3993006 -0.10144746 4278190335
-1.5323026 -4.361629 -0.10055748 4278190335
-1.5689082 -4.2964907 -0.099103831 4278190335
-1.5994256 -4.2980247 -0.099459819 4278190335
-1.62435 -4.2843914 -0.099341162 4278190335
-1.658531 -4.2948575 -0.099993818 4278190335
-1.6950964 -4.3106456 -0.10082447 4278190335
-1.720771 -4.2983074 -0.10076514 4278190335
-1.7120292 -4.2015839 -0.098006174 4278190335
-1.7883219 -4.3128762 -0.10192212 4278190335
-1.8038715 -4.2760358 -0.10109147 4278190335
-1.7508377 -4.0802608 -0.095128551 4278190335
-1.4895531 -3.4135108 -0.07388752 4278190335
-1.9439032 -4.3809805 -0.10560074 4278190335
-1.44953 -3.2136602 -0.06798394 4278190335
-1.7592013 -3.8370831 -0.088631645 4278190335
-1.8684198 -4.0101376 -0.09465389 4278190335
-1.786479 -3.7736495 -0.087266997 4278190335
-1.9742508 -4.1049075 -0.098540172 4278190335
-1.2898448 -2.6405051 -0.050569855 4278190335
-1.3731135 -2.7677436 -0.055049457 4278190335
-1.2960624 -2.572705 -0.04884921 4278190335
-1.2990763 -2.539788 -0.048018556 4278190335
-2.249433 -4.3315945 -0.10821137 4278190335
-2.2372782 -4.2443218 -0.10574907 4278190335
-2.2505465 -4.206718 -0.10494808 4278190335
-2.2319579 -4.1111369 -0.10218912 4278190335
-1.5572534 -2.8270476 -0.059143398 4278190335
-2.7130375 -4.7849488 -0.12660444 4278190335
-2.735369 -4.7560816 -0.12618911 4278190335
-2.4964175 -4.1615067 -0.10738071 4278190335
-2.9271116 -4.8121977 -0.13052037 4278190335
-2.5047951 -4.0616474 -0.10497774 4278190335
-2.5662351 -4.1046805 -0.10702471 4278190335
-2.6282964 -4.1471105 -0.10907169 4278190335
-1.6606424 -2.5507069 -0.053684808 4278190335
-1.6893553 -2.4605694 -0.051934499 4278190335
-1.7609386 -2.5313864 -0.054871459 4278190335
-1.713088 -2.4306664 -0.051608171 4278190335
-1.7123208 -2.3673489 -0.050065529 4278190335
-1.7616744 -2.4043658 -0.051815834 4278190335
-1.7591164 -2.3702359 -0.050955515 4278190335
-1.7700226 -2.354604 -0.050777517 4278190335
-1.7838312 -2.3429039 -0.050747849 4278190335
-1.9274089 -2.2328918 -0.050896183 4278190335
-1.9430469 -2.2232811 -0.05098518 4278190335
-1.9579771 -2.2128141 -0.051044513 4278190335
-1.9695168 -2.1985252 -0.050955515 4278190335
-1.9688663 -2.1708519 -0.050332524 4278190335
-4.5385461 -4.6477275 -0.15615201 4278190335
-4.5599513 -4.6126838 -0.15585536 4278190335
-2.0390725 -2.0377178 -0.048908543 4278190335
2.1765635 -3.6931219 -0.12938781 4278190335
2.0544872 -3.5353234 -0.12171796 4278190335
1.9821048 -3.4594162 -0.11776683 4278190335
2.0410571 -3.6659682 -0.12586278 4278190335
1.9868093 -3.620599 -0.12330616 4278190335
1.9925902 -3.6845858 -0.12559162 4278190335
1.9201511 -3.603256 -0.12148554 4278190335
1.9207579 -3.6583259 -0.12338363 4278190335
1.9060758 -3.6851327 -0.12404215 4278190335
1.2146543 -3.8509586 -0.11974239 4278190335
1.1889406 -3.851655 -0.11947124 4278190335
1.163553 -3.853138 -0.11923882 4278190335
1.1432822 -3.8717055 -0.11970366 4278190335
1.081863 -3.8363922 -0.11772808 4278190335
1.0620143 -3.8564463 -0.1182704 4278190335
1.0437745 -3.8831563 -0.11908387 4278190335
1.0346172 -3.9455519 -0.12133059 4278190335
1.0774121 -4.2141967 -0.13182822 4278190335
1.096478 -4.5194087 -0.14348793 4278190335
0.95698076 -4.0524206 -0.1246232 4278190335
0.89477533 -3.8955688 -0.11815419 4278190335
0.86781067 -3.8873317 -0.11761188 4278190335
0.83950025 -3.8720746 -0.11679841 4278190335
0.81654793 -3.8810644 -0.11695336 4278190335
0.84297252 -4.2662601 -0.13178948 4278190335
0.8792125 -4.5981932 -0.14468877 4278190335
0.85406685 -4.6202059 -0.1453473 4278190335
0.83219254 -4.6617575 -0.14678055 4278190335
0.81492192 -4.7327566 -0.1493759 4278190335
0.7724728 -4.6568317 -0.14619949 4278190335
0.7229647 -4.5302405 -0.14104754 4278190335
0.69621271 -4.5415053 -0.14131868 4278190335
0.69446409 -4.7236481 -0.14829127 4278190335
0.63166571 -4.4873672 -0.13887829 4278190335
0.60332167 -4.4852161 -0.13864586 4278190335
0.5877226 -4.5820022 -0.14228711 4278190335
0.55427891 -4.5418777 -0.1405827 4278190335
0.52467841 -4.530304 -0.14000164 4278190335
0.49578428 -4.5235047 -0.13961427 4278190335
0.25614423 -4.7445331 -0.14740033 4278190335
0.22964366 -4.8009119 -0.14953084 4278190335
-0.069728985 -3.5506589 -0.10087766 4278190335
-0.090500563 -3.5112069 -0.099366933 4278190335
-0.11149723 -3.4936068 -0.098708406 4278190335
-0.13300799 -3.494854 -0.098785885 4278190335
-0.15405017 -3.4849877 -0.09843725 4278190335
-0.17765254 -3.5278878 -0.10014167 4278190335
-0.19901282 -3.5217431 -0.099947982 4278190335
-0.21911237 -3.496521 -0.099018306 4278190335
-0.24118219 -3.5040827 -0.099366933 4278190335
-0.26417774 -3.5224655 -0.10014167 4278190335
-0.28538078 -3.5157983 -0.099947982 4278190335
-0.30276266 -3.4662001 -0.098088622 4278190335
-0.32318544 -3.4553232 -0.097739995 4278190335
-0.3423928 -3.4333892 -0.096965261 4278190335
-0.41514894 -3.9181192 -0.1159462 4278190335
-0.42283228 -3.5723727 -0.10265955 4278190335
-0.44387758 -3.5627699 -0.10238839 4278190335
-0.46806738 -3.5778134 -0.10308564 4278190335
-0.489196 -3.5689342 -0.10285322 4278190335
-0.49986705 -3.4877257 -0.099793032 4278190335
-0.52022141 -3.4776754 -0.099521875 4278190335
-0.50902855 -3.2660997 -0.091348454 4278190335
-0.52809829 -3.2569969 -0.091116033 4278190335
-0.5593769 -3.3206973 -0.093750119 4278190335
-0.5857715 -3.3516526 -0.095105901 4278190335
-0.58902937 -3.2526238 -0.091348454 4278190335
-0.68164891 -3.2007747 -0.090070143 4278190335
-0.72314268 -3.296082 -0.094021276 4278190335
-0.78301948 -3.4670193 -0.10099387 4278190335
-1.2055376 -4.9134808 -0.15933122 4278190335
-1.3862338 -4.9839325 -0.16374719 4278190335
-1.4400172 -4.9416041 -0.16274004 4278190335
-1.5986477 -4.9188633 -0.16370845 4278190335
-1.4953078 -4.5068593 -0.14728412 4278190335
-1.6691501 -4.9291601 -0.16494802 4278190335
-1.5100212 -4.3710618 -0.14248079 4278190335
-1.6252265 -4.3551545 -0.14341046 4278190335
-1.621507 -4.1125689 -0.13457851 4278190335
-1.6768751 -4.17765 -0.13771617 4278190335
-1.6865977 -4.1284342 -0.13608925 4278190335
-1.7625525 -4.2397938 -0.14120248 4278190335
-1.7414163 -4.1175489 -0.13651535 4278190335
-1.2700789 -2.9530544 -0.087823421 4278190335
-1.698859 -3.8834951 -0.12752844 4278190335
-1.6235241 -3.6502435 -0.11807672 4278190335
-1.6252974 -3.594692 -0.11613989 4278190335
-1.5137396 -3.294132 -0.10374417 4278190335
-1.5263094 -3.2684865 -0.10304691 4278190335
-1.3603411 -2.8672955 -0.086235218 4278190335
-2.0355546 -4.2224498 -0.1449212 4278190335
-1.4059752 -2.8719225 -0.087164901 4278190335
-2.1005704 -4.2239914 -0.1460833 4278190335
-1.3005304 -2.5761819 -0.075079076 4278190335
-1.3892806 -2.7104115 -0.081276931 4278190335
-1.416038 -2.7213347 -0.082129136 4278190335
-2.3422761 -4.4335532 -0.15758806 4278190335
-2.223484 -4.1470027 -0.14561845 4278190335
-2.2684746 -4.1692653 -0.14720665 4278190335
-1.5403692 -2.7907283 -0.086777531 4278190335
-2.5851915 -4.6153312 -0.16827936 4278190335
-1.4036437 -2.4710417 -0.073374666 4278190335
-1.4282627 -2.4788301 -0.074110657 4278190335
-1.4611006 -2.5002103 -0.075466439 4278190335
-1.5931376 -2.6880176 -0.084337123 4278190335
-1.5684031 -2.6096852 -0.081238195 4278190335
-1.5651382 -2.5684459 -0.079804942 4278190335
-1.5966318 -2.5842924 -0.080967039 4278190335
-1.6151118 -2.5786805 -0.081160724 4278190335
-1.6087646 -2.4998574 -0.07844916 4278190335
-1.6450342 -2.3917127 -0.075737596 4278190335
-1.6788924 -2.347214 -0.075079076 4278190335
-1.7055805 -2.353857 -0.075892545 4278190335
-1.7134849 -2.3344884 -0.075466439 4278190335
-1.762966 -2.3712327 -0.077751897 4278190335
-1.8156306 -2.2917635 -0.076551065 4278190335
-4.4555035 -5.0252061 -0.22355652 4278190335
-1.9986012 -2.1463823 -0.076899692 4278190335
-1.9945925 -2.115906 -0.075931281 4278190335
-4.569953 -4.6140323 -0.214957 4278190335
-4.5748272 -4.5626221 -0.21367869 4278190335
2.1207104 -3.6857526 -0.16286819 4278190335
2.1015062 -3.704777 -0.16319671 4278190335
2.116286 -3.7847271 -0.16681048 4278190335
2.0679426 -3.7521551 -0.16437002 4278190335
2.0200796 -3.7191339 -0.16192955 4278190335
1.9868473 -3.712086 -0.16089703 4278190335
1.948184 -3.6941693 -0.15930134 4278190335
1.9194912 -3.6945317 -0.15869123 4278190335
1.8599092 -3.6342213 -0.15488973 4278190335
1.209955 -3.7324598 -0.14742753 4278190335
1.1873327 -3.7407658 -0.14747445 4278190335
1.1732541 -3.7765965 -0.14888242 4278190335
1.1608152 -3.8190839 -0.15061891 4278190335
1.1518862 -3.8749633 -0.15301244 4278190335
1.1233461 -3.8656526 -0.1522146 4278190335
1.0919601 -3.8455687 -0.1509005 4278190335
1.1021614 -4.0707879 -0.16122556 4278190335
1.0695029 -4.0485024 -0.15981761 4278190335
1.0134671 -3.9340806 -0.15395108 4278190335
1.1028686 -4.5089669 -0.18117172 4278190335
1.0686978 -4.4884415 -0.17985761 4278190335
0.90510982 -3.9081397 -0.15155755 4278190335
0.87825799 -3.9009519 -0.15094744 4278190335
0.85088766 -3.8906548 -0.15019652 4278190335
0.82637614 -3.8928711 -0.15005572 4278190335
0.80791849 -3.9242835 -0.15132289 4278190335
0.91897696 -4.7577209 -0.19074586 4278190335
0.83477622 -4.6261067 -0.18394071 4278190335
0.80603218 -4.6291733 -0.18384685 4278190335
0.76818007 -4.5778818 -0.18117172 4278190335
0.73385805 -4.5440512 -0.17934136 4278190335
0.72897065 -4.6965265 -0.18638118 4278190335
0.68246013 -4.5823541 -0.18074933 4278190335
0.64246434 -4.5033913 -0.17680703 4278190335
0.65051109 -4.7685308 -0.18919711 4278190335
0.58779806 -4.5158887 -0.17704168 4278190335
0.55355698 -4.4668717 -0.17455429 4278190335
0.38680136 -4.8031406 -0.1894787 4278190335
0.26439366 -4.7323976 -0.18577106 4278190335
0.2380394 -4.7878041 -0.18830539 4278190335
0.21066581 -4.8350801 -0.19046427 4278190335
-0.02020796 -3.6049726 -0.13245618 4278190335
-0.04205152 -3.5808089 -0.1313298 4278190335
-0.062806487 -3.5115702 -0.1280915 4278190335
-0.084399387 -3.5131159 -0.12818536 4278190335
-0.10544603 -3.4955583 -0.12738751 4278190335
-0.12844034 -3.53777 -0.12940559 4278190335
-0.15073501 -3.5508876 -0.13006264 4278190335
-0.17189279 -3.5369253 -0.12945253 4278190335
-0.1938092 -3.5397937 -0.12964025 4278190335
-0.2160697 -3.5475116 -0.13006264 4278190335
-0.23756634 -3.5421321 -0.12987491 4278190335
-0.25893238 -3.5356266 -0.12964025 4278190335
-0.28148884 -3.544925 -0.1301565 4278190335
-0.30408415 -3.5530837 -0.13062583 4278190335
-0.41537637 -3.9890137 -0.15151061 4278190335
-0.4129312 -3.542084 -0.13062583 4278190335
-0.43344212 -3.5295689 -0.1301565 4278190335
-0.4838073 -3.5764494 -0.13264391 4278190335
-0.50350696 -3.5575883 -0.13189299 4278190335
-0.52838844 -3.5751841 -0.13287857 4278190335
-0.55168223 -3.5807602 -0.13330096 4278190335
-0.52958202 -3.3021202 -0.1202069 4278190335
-0.54442233 -3.2662921 -0.11865814 4278190335
-0.62565964 -3.6172464 -0.1355537 4278190335
-0.65541315 -3.6556196 -0.13757178 4278190335
-0.67637461 -3.643672 -0.13719632 4278190335
-0.67370093 -3.5089767 -0.13095436 4278190335
-0.64319432 -3.2421761 -0.11837655 4278190335
-0.73112017 -3.5709076 -0.13433346 4278190335
-0.76105618 -3.6044726 -0.13616382 4278190335
-0.79376477 -3.648541 -0.13851042 4278190335
-1.3794363 -4.9963617 -0.20660892 4278190335
-1.4289914 -4.9387555 -0.20463777 4278190335
-1.53562 -4.8574319 -0.20243196 4278190335
-1.5680623 -4.4771156 -0.18595879 4278190335
-1.7644088 -4.9406147 -0.20956564 4278190335
-1.8008388 -4.9465919 -0.21041042 4278190335
-1.6315669 -4.3158097 -0.17985761 4278190335
-1.6458188 -4.2740211 -0.17826192 4278190335
-1.6424887 -4.1885104 -0.17446041 4278190335
-1.6455761 -4.1217594 -0.17159756 4278190335
-1.6595992 -3.944365 -0.16413535 4278190335
-1.4343092 -3.3509214 -0.13433346 4278190335
-1.662451 -3.8192809 -0.15878509 4278190335
-1.5318952 -3.4609597 -0.14090396 4278190335
-1.6145558 -3.5881476 -0.14794378 4278190335
-1.7943454 -3.923398 -0.16577798 4278190335
-1.6168033 -3.4783783 -0.14329749 4278190335
-1.4057336 -2.9760821 -0.11771949 4278190335
-1.4554985 -3.0331509 -0.12114554 4278190335
-2.0856266 -4.2795963 -0.18675663 4278190335
-2.1065311 -4.2559748 -0.18619345 4278190335
-1.214222 -2.4149547 -0.090076484 4278190335
-1.237641 -2.4243653 -0.090968192 4278190335
-2.3465796 -4.0316849 -0.18225116 4278190335
-2.4007146 -4.0671086 -0.18497321 4278190335
-2.4979403 -4.1731639 -0.19159064 4278190335
-2.5333438 -4.1739845 -0.19248235 4278190335
-3.1044233 -4.8431039 -0.23336022 4278190335
-1.6342975 -2.4484255 -0.10138712 4278190335
-1.6353048 -2.4176624 -0.10021382 4278190335
-1.6354322 -2.3861558 -0.098993585 4278190335
-1.6432084 -2.3662286 -0.098430395 4278190335
-1.6421835 -2.334039 -0.09716323 4278190335
-1.6870691 -2.3363917 -0.098477334 4278190335
-1.7465701 -2.3273177 -0.09979143 4278190335
-1.7535665 -2.3070118 -0.099228248 4278190335
-1.6556144 -2.1505356 -0.090592735 4278190335
-1.7248579 -2.130223 -0.091859899 4278190335
-2.0219421 -2.1257365 -0.1009178 4278190335
-2.0238647 -2.1017742 -0.10016689 4278190335
-4.6185589 -4.6244507 -0.27015498 4278190335
2.1728492 -3.676029 -0.20391391 4278190335
2.0364037 -3.5946569 -0.19608206 4278190335
1.9792559 -3.5443244 -0.19202526 4278190335
2.0060773 -3.6982274 -0.20036422 4278190335
1.9772283 -3.6990206 -0.19963174 4278190335
1.9470494 -3.6969492 -0.19873023 4278190335
1.9243287 -3.7088265 -0.19873023 4278190335
1.9001722 -3.7178972 -0.19856121 4278190335
1.2337749 -3.8129601 -0.18909536 4278190335
1.2169911 -3.8413975 -0.19033493 4278190335
1.1966511 -3.859282 -0.19095472 4278190335
1.1674403 -3.8483994 -0.18988419 4278190335
1.1480656 -3.8698475 -0.19072935 4278190335
1.2806225 -4.4157109 -0.22239482 4278190335
1.2532318 -4.4225249 -0.22233848 4278190335
1.2215439 -4.4137735 -0.22138064 4278190335
1.0371214 -3.8390267 -0.18734869 4278190335
1.0300912 -3.9080703 -0.19101107 4278190335
1.1381049 -4.4277749 -0.22092988 4278190335
1.1329985 -4.5228052 -0.2260572 4278190335
0.97478944 -3.9952347 -0.19501151 4278190335
0.94702601 -3.9875414 -0.19422269 4278190335
0.90298295 -3.9086459 -0.18932074 4278190335
0.8752628 -3.8975527 -0.18836288 4278190335
0.84941572 -3.8940706 -0.18785578 4278190335
0.82591987 -3.9011626 -0.18796848 4278190335
0.80618542 -3.9266951 -0.1891517 4278190335
0.88068968 -4.573545 -0.22577548 4278190335
0.83304763 -4.4738393 -0.21974665 4278190335
0.79974645 -4.4464397 -0.21788728 4278190335
0.75961798 -4.5425749 -0.22284558 4278190335
0.72601825 -4.5116644 -0.22081719 4278190335
0.7277801 -4.7064624 -0.23169164 4278190335
0.66590798 -4.4886312 -0.21901417 4278190335
0.62936074 -4.4293699 -0.21540815 4278190335
0.60445642 -4.4499669 -0.21636599 4278190335
0.57354605 -4.4258685 -0.21478835 4278190335
0.59028333 -4.7850351 -0.23501594 4278190335
0.52843559 -4.7641335 -0.23343831 4278190335
0.49992171 -4.7742372 -0.23383272 4278190335
0.26367912 -4.7680941 -0.23242411 4278190335
0.1181797 -4.8098702 -0.2344525 4278190335
0.059861653 -4.8688622 -0.23772047 4278190335
-0.06608095 -3.5896568 -0.16554345 4278190335
-0.1314836 -3.5698731 -0.16452925 4278190335
-0.15295756 -3.5590241 -0.16396581 4278190335
-0.17303175 -3.5221188 -0.16193742 4278190335
-0.19447473 -3.5180001 -0.16176839 4278190335
-0.21611826 -3.5177372 -0.16182473 4278190335
-0.23729509 -3.5103681 -0.16148667 4278190335
-0.25618866 -3.4730003 -0.15945826 4278190335
-0.27669901 -3.4614105 -0.15889482 4278190335
-0.29878843 -3.469595 -0.15945826 4278190335
-0.37122333 -3.5459259 -0.16413485 4278190335
-0.41888723 -3.5768025 -0.16616324 4278190335
-0.43874988 -3.5573194 -0.16520539 4278190335
-0.46108177 -3.558521 -0.16543077 4278190335
-0.48680207 -3.5843158 -0.16706474 4278190335
-0.50232959 -3.5357904 -0.16447291 4278190335
-0.51200914 -3.4516571 -0.15985268 4278190335
-0.54095465 -3.4987721 -0.16272624 4278190335
-0.57018024 -3.5436885 -0.16548711 4278190335
-0.60968679 -3.6464767 -0.17157228 4278190335
-0.63955653 -3.6859512 -0.17405143 4278190335
-0.65633184 -3.6495297 -0.17219208 4278190335
-0.66190708 -3.5551305 -0.1670084 4278190335
-0.6786139 -3.5245309 -0.16548711 4278190335
-0.67588973 -3.3978951 -0.15844408 4278190335
-0.71458882 -3.4807286 -0.16345872 4278190335
-0.73779303 -3.4850695 -0.16396581 4278190335
-0.79799855 -3.5536869 -0.16847335 4278190335
-1.3728536 -4.9613485 -0.25344053 4278190335
-1.3923857 -4.9144073 -0.25118676 4278190335
-1.4250157 -4.9144015 -0.25169384 4278190335
-1.5325311 -4.8379731 -0.24932739 4278190335
-1.5283864 -4.7239842 -0.24312952 4278190335
-1.5081859 -4.5656743 -0.23428348 4278190335
-1.5186315 -4.5042987 -0.23118454 4278190335
-1.4805899 -4.219645 -0.21529545 4278190335
-1.5155327 -4.2358632 -0.21681675 4278190335
-1.5137898 -4.1505065 -0.21225286 4278190335
-1.5875709 -4.2712274 -0.22008471 4278190335
-1.6049107 -4.2380624 -0.21867611 4278190335
-1.5992709 -4.1461596 -0.21371782 4278190335
-1.6177471 -4.1186113 -0.21264727 4278190335
-1.9978346 -4.9085474 -0.26200485 4278190335
-1.5592011 -3.7643588 -0.19287042 4278190335
-1.5062895 -3.5743847 -0.18182695 4278190335
-1.52662 -3.5614042 -0.18160157 4278190335
-1.7251627 -3.9574282 -0.20656209 4278190335
-1.7336363 -3.9111695 -0.20436466 4278190335
-1.7305344 -3.8403792 -0.20064594 4278190335
-1.4289935 -3.1198223 -0.15658471 4278190335
-1.8554637 -3.9863141 -0.21106963 4278190335
-2.0480485 -4.3304739 -0.23326927 4278190335
-1.2575841 -2.3877554 -0.11522801 4278190335
-1.2783289 -2.3914413 -0.11596049 4278190335
-2.3212943 -4.2177296 -0.23462154 4278190335
-2.3519971 -4.2121243 -0.23518498 4278190335
-2.3359742 -4.1237702 -0.23039572 4278190335
-2.3060257 -4.0132656 -0.22414151 4278190335
-2.3909273 -4.1025577 -0.23090282 4278190335
-2.469898 -4.1789212 -0.23687531 4278190335
-3.1885173 -4.8362622 -0.28983894 4278190335
-1.6692438 -2.309319 -0.12373599 4278190335
-1.662151 -2.2700312 -0.1217076 4278190335
-1.6706961 -2.2525718 -0.1212005 4278190335
-1.8172961 -2.3884408 -0.13230033 4278190335
-1.6932005 -2.1422949 -0.11703103 4278190335
-1.8127782 -2.2087886 -0.12418675 4278190335
-4.3146262 -5.0647426 -0.3384077 4278190335
-4.3488817 -5.0419531 -0.33868942 4278190335
-2.0471954 -2.0979965 -0.12835623 4278190335
-2.0740614 -2.0996029 -0.12948312 4278190335
-2.0636098 -2.0635378 -0.12762375 4278190335
-2.1134627 -2.0369837 -0.1285816 4278190335
-2.1244757 -2.0226004 -0.12846892 4278190335
-2.1215739 -1.9951617 -0.12728569 4278190335
2.1373143 -3.6732404 -0.24207716 4278190335
2.0333128 -3.5443325 -0.23132248 4278190335
2.0143337 -3.6659911 -0.23768348 4278190335
1.9994031 -3.6923215 -0.23873271 4278190335
1.959331 -3.6719458 -0.23630635 4278190335
1.9335135 -3.677716 -0.23584731 4278190335
1.9150409 -3.6974854 -0.2364375 4278190335
1.8968515 -3.7180552 -0.23709328 4278190335
1.7284191 -3.4398375 -0.21578066 4278190335
1.3027782 -3.8729088 -0.23132248 4278190335
1.2229767 -3.7888935 -0.22443686 4278190335
1.2216502 -3.8657849 -0.22922401 4278190335
1.1967282 -3.8693948 -0.22896169 4278190335
1.1793196 -3.8976772 -0.23040439 4278190335
1.1300144 -3.907063 -0.23007651 4278190335
1.0353113 -3.9394088 -0.23046997 4278190335
1.1334532 -4.4232025 -0.26286516 4278190335
1.01517 -4.0650883 -0.23814252 4278190335
0.94305652 -3.8773215 -0.22502705 4278190335
0.9261421 -3.9121656 -0.22699438 4278190335
0.8992101 -3.9051335 -0.22614187 4278190335
0.87283516 -3.8998659 -0.22542052 4278190335
0.8484658 -3.9031978 -0.22528936 4278190335
0.82367665 -3.9044249 -0.22502705 4278190335
0.80350232 -3.9279802 -0.22627303 4278190335
0.83736378 -4.2255054 -0.24588063 4278190335
0.87793648 -4.5774827 -0.269095 4278190335
0.80921173 -4.5181732 -0.26443902 4278190335
0.77841663 -4.5053544 -0.26325861 4278190335
0.72684425 -4.3663359 -0.25368434 4278190335
0.69735754 -4.3539639 -0.25256953 4278190335
0.67730373 -4.4015555 -0.25545493 4278190335
0.65217692 -4.4184618 -0.25630742 4278190335
0.64920163 -4.5933104 -0.2676523 4278190335
0.5872249 -4.3470221 -0.25106123 4278190335
0.56767821 -4.4059653 -0.25473356 4278190335
0.58651268 -4.783751 -0.27952179 4278190335
-0.11195925 -3.5665143 -0.19728787 4278190335
-0.13327828 -3.5508029 -0.1963042 4278190335
-0.15541206 -3.5578935 -0.19682883 4278190335
-0.17380795 -3.488107 -0.19230399 4278190335
-0.19476047 -3.4790046 -0.19177938 4278190335
-0.21511213 -3.4618094 -0.19073014 4278190335
-0.23805122 -3.4853125 -0.19236957 4278190335
-0.25765184 -3.459904 -0.19079572 4278190335
-0.27879629 -3.4572635 -0.19073014 4278190335
-0.29896775 -3.4435585 -0.18994321 4278190335
-0.32869259 -3.5340595 -0.1960419 4278190335
-0.34987807 -3.5270114 -0.19571401 4278190335
-0.37036145 -3.5138824 -0.19499266 4278190335
-0.39257979 -3.5174937 -0.19538613 4278190335
-0.41544059 -3.5259197 -0.19610748 4278190335
-0.43387151 -3.4975576 -0.19440247 4278190335
-0.44397256 -3.4077559 -0.18863167 4278190335
-0.46487379 -3.4049675 -0.18863167 4278190335
-0.48773327 -3.4158804 -0.18954974 4278190335
-0.50220746 -3.3693984 -0.18666434 4278190335
-0.5260902 -3.3869598 -0.18804146 4278190335
-0.54638445 -3.3807127 -0.18784474 4278190335
-0.61754215 -3.677434 -0.20784581 4278190335
-0.63632488 -3.6519489 -0.20640311 4278190335
-0.66723555 -3.6951096 -0.20955081 4278190335
-0.68696117 -3.6752524 -0.20850158 4278190335
-0.70362699 -3.6405973 -0.20646869 4278190335
-0.66868997 -3.3495045 -0.18725453 4278190335
-0.73394787 -3.5623 -0.2018127 4278190335
-0.78358716 -3.6885202 -0.21060005 4278190335
-0.81343472 -3.6104865 -0.20600964 4278190335
-1.4187418 -4.9931231 -0.30391654 4278190335
-1.5371002 -4.8397884 -0.29650632 4278190335
-1.5926111 -4.8091946 -0.29571939 4278190335
-1.460204 -4.2346172 -0.25715992 4278190335
-1.481855 -4.2133412 -0.25630742 4278190335
-1.4942038 -4.1665993 -0.25368434 4278190335
-1.4902732 -4.076756 -0.24804468 4278190335
-1.5229244 -4.0881062 -0.24948739 4278190335
-1.5518752 -4.0889463 -0.25020874 4278190335
-1.5758559 -4.0765553 -0.25001201 4278190335
-1.6136338 -4.0993061 -0.25230721 4278190335
-1.7791535 -4.3619161 -0.27237386 4278190335
-1.7006751 -4.0974789 -0.25434011 4278190335
-1.4163685 -3.3543422 -0.202075 4278190335
-1.4105351 -3.2841609 -0.19768132 4278190335
-1.4122838 -3.233382 -0.19466478 4278190335
-1.6877027 -3.800081 -0.23604405 4278190335
-1.8859323 -4.1770682 -0.26397997 4278190335
-2.0089271 -4.3776293 -0.27932504 4278190335
-2.0205653 -4.332665 -0.27696428 4278190335
-2.0499988 -4.1925497 -0.26948845 4278190335
-2.0894451 -4.2075963 -0.27152136 4278190335
-2.0945535 -4.1537127 -0.2685048 4278190335
-2.1418309 -4.1834154 -0.27165252 4278190335
-2.3005745 -4.3606811 -0.28680086 4278190335
-2.2999854 -4.17167 -0.27584946 4278190335
-2.2919235 -4.0973916 -0.27132463 4278190335
-1.3457835 -2.3718901 -0.14200622 4278190335
-2.4500613 -4.2566175 -0.28555489 4278190335
-2.083699 -2.1325479 -0.15872842 4278190335
-2.0904286 -2.1133382 -0.15813823 4278190335
-2.1132424 -2.1103423 -0.15905631 4278190335
-2.1005752 -2.0721111 -0.15669553 4278190335
-2.0860901 -2.0327232 -0.15420359 4278190335
2.026032 -3.64047 -0.27517161 4278190335
2.0065329 -3.6580794 -0.27562043 4278190335
1.9849975 -3.6720769 -0.27577004 4278190335
1.9647719 -3.6885886 -0.27614406 4278190335
1.9383963 -3.6935103 -0.27554563 4278190335
1.9161547 -3.7062204 -0.27562043 4278190335
1.8888543 -3.7090209 -0.27487239 4278190335
1.8459505 -3.6804254 -0.27150619 4278190335
1.2607293 -3.8347096 -0.26544699 4278190335
1.2329001 -3.8290834 -0.26439974 4278190335
1.1858187 -3.8439248 -0.26439974 4278190335
1.0911268 -3.8718684 -0.26439974 4278190335
1.0365956 -3.9559302 -0.26941165 4278190335
1.1104674 -4.3467698 -0.29918391 4278190335
1.1184376 -4.4928517 -0.30995578 4278190335
1.1126825 -4.5897627 -0.31691262 4278190335
0.93004733 -3.9413545 -0.26641947 4278190335
0.89893752 -3.9168558 -0.26410052 4278190335
0.86924809 -3.8969913 -0.26215559 4278190335
0.8442657 -3.8973784 -0.26178157 4278190335
0.82156551 -3.9083407 -0.2622304 4278190335
0.80453169 -3.9475086 -0.26484856 4278190335
0.86306542 -4.3720851 -0.29693976 4278190335
0.91006035 -4.7642093 -0.32648763 4278190335
0.83558124 -4.5245414 -0.30778643 4278190335
0.78716564 -4.4137378 -0.29895949 4278190335
0.75618464 -4.3958802 -0.29723898 4278190335
0.72496402 -4.3748584 -0.29529408 4278190335
0.7448321 -4.6726928 -0.31758586 4278190335
0.71705151 -4.6830893 -0.31803468 4278190335
0.68960541 -4.696281 -0.31870794 4278190335
0.62625444 -4.4545331 -0.30008158 4278190335
0.57382059 -4.4796872 -0.30142805 4278190335
0.55379039 -4.5444975 -0.30606595 4278190335
0.49365577 -4.783061 -0.32334581 4278190335
0.46064588 -4.7482824 -0.32050323 4278190335
-0.13748415 -3.5952418 -0.23253293 4278190335
-0.15469612 -3.485744 -0.22437923 4278190335
-0.17562625 -3.4757659 -0.22370598 4278190335
-0.19547628 -3.4487376 -0.22176106 4278190335
-0.21832879 -3.4743443 -0.2237808 4278190335
-0.24033174 -3.4828873 -0.22452883 4278190335
-0.2610229 -3.4723978 -0.2238556 4278190335
-0.28224313 -3.4697371 -0.2237808 4278190335
-0.3058818 -3.494761 -0.22580051 4278190335
-0.3236815 -3.4540982 -0.22288314 4278190335
-0.34208694 -3.4242644 -0.2207886 4278190335
-0.41223323 -3.4777923 -0.22535169 4278190335
-0.4240405 -3.3990061 -0.21959172 4278190335
-0.45293364 -3.4576409 -0.22422962 4278190335
-0.4661271 -3.3965101 -0.21981615 4278190335
-0.48440498 -3.3758192 -0.21846965 4278190335
-0.49830431 -3.3274198 -0.21502864 4278190335
-0.53226244 -3.4110005 -0.22161146 4278190335
-0.54774094 -3.3742051 -0.2190681 4278190335
-0.58686763 -3.4799242 -0.22737141 4278190335
-0.65020031 -3.7159231 -0.24562375 4278190335
-0.67245424 -3.7089202 -0.24539934 4278190335
-0.69538319 -3.7057042 -0.24547414 4278190335
-0.67285305 -3.4683893 -0.22767064 4278190335
-0.66979957 -3.3429585 -0.21839485 4278190335
-0.77758288 -3.6475379 -0.24240716 4278190335
-0.79845029 -3.6358807 -0.24188352 4278190335
-1.468792 -5.2769899 -0.37353978 4278190335
-1.4171996 -4.9734721 -0.35057473 4278190335
-1.4447677 -4.7376647 -0.33419251 4278190335
-1.606239 -4.383863 -0.31287315 4278190335
-1.6215913 -4.3430982 -0.3104046 4278190335
-1.6584959 -4.3600941 -0.31257394 4278190335
-1.5832207 -4.0867052 -0.29140422 4278190335
-1.5745841 -3.9915786 -0.28452221 4278190335
-1.6027644 -3.9910948 -0.28527024 4278190335
-1.627978 -3.9830315 -0.28541985 4278190335
-1.4045978 -3.319947 -0.23305658 4278190335
-1.6256878 -3.7774553 -0.27113214 4278190335
-1.707636 -3.9016871 -0.28212845 4278190335
-1.7059911 -3.8337438 -0.27741575 4278190335
-1.8179218 -3.9538465 -0.28908527 4278190335
-1.5583613 -3.335557 -0.23881653 4278190335
-1.9012251 -3.9421673 -0.29095539 4278190335
-2.0816114 -4.2492032 -0.31758586 4278190335
-2.2908268 -4.2707534 -0.32618842 4278190335
-2.2106395 -4.0613203 -0.30950695 4278190335
-2.3963556 -4.2765746 -0.33037746 4278190335
-2.4107206 -4.2409863 -0.32858214 4278190335
-1.3834935 -2.3665464 -0.16827571 4278190335
-3.2232316 -4.8083248 -0.39687884 4278190335
-4.4574199 -4.9030666 -0.45971477 4278190335
-4.4726276 -4.6263938 -0.44535226 4278190335
-2.0645189 -2.0843623 -0.18271302 4278190335
-2.0779757 -2.0723593 -0.18278782 4278190335
-2.0622289 -2.0315852 -0.17979564 4278190335
-2.1146884 -2.0578272 -0.1839847 4278190335
-2.0992293 -2.0178699 -0.18106732 4278190335
-2.1267614 -2.0193663 -0.18263821 4278190335
2.0111313 -3.705761 -0.31433895 4278190335
1.9841241 -3.7101233 -0.31359056 4278190335
1.9552803 -3.7107677 -0.31250954 4278190335
1.9347712 -3.7271173 -0.31292531 4278190335
1.9145889 -3.7442417 -0.31342426 4278190335
1.895166 -3.7630384 -0.31408951 4278190335
1.7993956 -3.628197 -0.3004519 4278190335
1.2956969 -3.8401864 -0.30070138 4278190335
1.2664757 -3.8310344 -0.29920456 4278190335
1.2232853 -3.8586359 -0.30028558 4278190335
1.041381 -3.9477351 -0.30319604 4278190335
0.93334389 -3.9265375 -0.29928771 4278190335
0.90518868 -3.9147148 -0.29779091 4278190335
0.87743264 -3.9036674 -0.29637724 4278190335
0.85091031 -3.897295 -0.29537937 4278190335
0.82863539 -3.9102416 -0.29604462 4278190335
0.81125396 -3.9474635 -0.29878879 4278190335
0.83903581 -4.2133079 -0.32099146 4278190335
0.86547214 -4.4894166 -0.34402567 4278190335
0.85235184 -4.5720329 -0.350595 4278190335
0.82339835 -4.5722733 -0.35017923 4278190335
0.80215919 -4.6165109 -0.35350546 4278190335
0.77151114 -4.6075864 -0.35234129 4278190335
0.74227268 -4.6063309 -0.35184234 4278190335
0.72636199 -4.6905651 -0.358578 4278190335
0.70827198 -4.7668891 -0.3646484 4278190335
0.49939483 -4.7592077 -0.36182109 4278190335
0.46831968 -4.7433405 -0.36024112 4278190335
-0.12843207 -3.5034313 -0.25504869 4278190335
-0.14687556 -3.4308915 -0.24906145 4278190335
-0.16821523 -3.4358978 -0.24956039 4278190335
-0.18891223 -3.4278357 -0.24897829 4278190335
-0.21097322 -3.4435217 -0.25039196 4278190335
-0.2320983 -3.4421625 -0.25039196 4278190335
-0.25576589 -3.4754589 -0.2533024 4278190335
-0.27779698 -3.4827647 -0.25405082 4278190335
-0.30239475 -3.5187247 -0.25721073 4278190335
-0.32571185 -3.5356579 -0.2587907 4278190335
-0.46211836 -3.406821 -0.24939407 4278190335
-0.47672448 -3.3595204 -0.24565205 4278190335
-0.49937046 -3.3703334 -0.24681623 4278190335
-0.52353364 -3.3898585 -0.24872883 4278190335
-0.58206046 -3.6217461 -0.26860312 4278190335
-0.630009 -3.7724314 -0.28165862 4278190335
-0.6512748 -3.7576933 -0.28074393 4278190335
-0.66323262 -3.6918314 -0.27550507 4278190335
-0.68751073 -3.6965103 -0.27625349 4278190335
-0.71619523 -3.7235386 -0.27891448 4278190335
-0.79040265 -3.6269422 -0.27226201 4278190335
-1.5315706 -5.5401897 -0.44214985 4278190335
-1.4092816 -4.9783597 -0.39425194 4278190335
-1.4261163 -4.8116322 -0.38127959 4278190335
-1.4865012 -4.4121056 -0.3510108 4278190335
-1.5003257 -4.2787948 -0.34086576 4278190335
-1.55036 -4.3361368 -0.34676984 4278190335
-1.5759137 -4.3237333 -0.34652036 4278190335
-1.6131653 -4.3429437 -0.34909821 4278190335
-1.6517693 -4.3646545 -0.35192552 4278190335
-1.6079423 -4.1712446 -0.33554375 4278190335
-1.636054 -4.1677942 -0.33612585 4278190335
-1.6571606 -4.1465716 -0.33512798 4278190335
-1.5928723 -3.9156902 -0.31525367 4278190335
-1.5661874 -3.7185807 -0.29920456 4278190335
-1.663893 -3.8838749 -0.31508738 4278190335
-1.6960477 -3.8927796 -0.31683365 4278190335
-1.919168 -4.2615142 -0.35250759 4278190335
-1.9469384 -4.253283 -0.35284021 4278190335
-1.9742599 -4.2439675 -0.35308969 4278190335
-1.9179696 -3.931915 -0.32756078 4278190335
-2.22662 -4.1680861 -0.35683173 4278190335
-2.3150525 -4.2085609 -0.36331788 4278190335
-2.0622573 -2.0627654 -0.20590346 4278190335
-2.0890489 -2.064085 -0.20756657 4278190335
-2.1109431 -2.0602794 -0.20864759 4278190335
-2.1235449 -2.0472882 -0.20864759 4278190335
-2.1252451 -2.0239079 -0.20740026 4278190335
-2.1572163 -2.0292711 -0.20964548 4278190335
-2.1338654 -1.9827474 -0.20557083 4278190335
-2.1782863 -1.9992756 -0.20922969 4278190335
-2.158036 -1.9564123 -0.20557083 4278190335
2.073796 -3.6636436 -0.35290283 4278190335
2.0454545 -3.6658652 -0.35179439 4278190335
2.0118854 -3.6582806 -0.34966987 4278190335
1.9723177 -3.6390426 -0.34634453 4278190335
1.9386923 -3.6299975 -0.34412763 4278190335
1.9242663 -3.6568041 -0.34569794 4278190335
1.921959 -3.7074368 -0.34976223 4278190335
1.9073267 -3.7351217 -0.3514249 4278190335
1.8834776 -3.7449756 -0.35124016 4278190335
1.8556015 -3.7466469 -0.35022408 4278190335
1.3286594 -3.7905741 -0.33498293 4278190335
1.2393477 -3.6065583 -0.31613934 4278190335
1.2092478 -3.5905044 -0.31383008 4278190335
1.2499354 -3.867517 -0.33941674 4278190335
1.028984 -3.9094276 -0.33738458 4278190335
0.93388098 -3.9383469 -0.33784643 4278190335
0.90410161 -3.9197471 -0.33553717 4278190335
0.87611115 -3.9077322 -0.33387449 4278190335
0.84893817 -3.8984408 -0.33248892 4278190335
0.82870919 -3.9211118 -0.3341516 4278190335
0.80843383 -3.9446561 -0.33590665 4278190335
0.84512913 -4.2562084 -0.36491102 4278190335
0.84663349 -4.4050531 -0.37848949 4278190335
0.890567 -4.7919559 -0.41451401 4278190335
0.8116954 -4.5219359 -0.38855788 4278190335
0.78342414 -4.5238881 -0.38828078 4278190335
0.73532206 -4.4068251 -0.37682682 4278190335
0.70779473 -4.4083047 -0.37654969 4278190335
0.72675246 -4.7107387 -0.40453801 4278190335
0.6976884 -4.7141247 -0.40444562 4278190335
0.67671818 -4.7745109 -0.40971074 4278190335
0.46534219 -4.7406983 -0.40426087 4278190335
0.43861759 -4.7692442 -0.40666252 4278190335
-0.46230343 -3.394891 -0.28020719 4278190335
-0.52222496 -3.5120759 -0.2917535 4278190335
-0.54193592 -3.4969976 -0.29064506 4278190335
-0.57273096 -3.5516057 -0.29609492 4278190335
-0.63250512 -3.7748775 -0.31743252 4278190335
-0.65582591 -3.7719066 -0.31752491 4278190335
-0.67701596 -3.7570319 -0.31650883 4278190335
-0.69056493 -3.7019067 -0.31170556 4278190335
-0.70723373 -3.6663129 -0.30874971 4278190335
-0.72679871 -3.6472564 -0.30736414 4278190335
-0.78382409 -3.5875392 -0.30302271 4278190335
-1.3841726 -4.9954562 -0.44324127 4278190335
-1.4085487 -4.9648366 -0.44111675 4278190335
-1.4026223 -4.8308315 -0.4290162 4278190335
-1.372076 -4.3260746 -0.38338512 4278190335
-1.3896977 -4.290103 -0.38070637 4278190335
-1.4009906 -4.2361169 -0.37627259 4278190335
-1.4247278 -4.2208366 -0.375626 4278190335
-1.4460611 -4.1988344 -0.37433282 4278190335
-1.4694879 -4.1833062 -0.37368622 4278190335
-1.4964713 -4.1779604 -0.37405571 4278190335
-1.5258346 -4.1789885 -0.37507176 4278190335
-1.5757501 -4.2348742 -0.38153771 4278190335
-1.5731204 -4.1497073 -0.37405571 4278190335
-1.5687888 -4.0628777 -0.36638895 4278190335
-1.6173679 -4.11341 -0.37239304 4278190335
-1.623708 -4.0562625 -0.36768213 4278190335
-1.6110362 -3.819257 -0.34689873 4278190335
-1.6356181 -3.8120451 -0.34717587 4278190335
-1.8138616 -4.1569595 -0.38310802 4278190335
-1.8530617 -4.1766982 -0.38624862 4278190335
-1.908945 -4.2324195 -0.39308405 4278190335
-1.9473253 -4.2477818 -0.39585516 4278190335
-1.9967498 -4.2181649 -0.39530092 4278190335
-1.9091145 -3.9698229 -0.37100747 4278190335
-2.147444 -4.1356258 -0.39465433 4278190335
-2.1764932 -4.1294188 -0.39539331 4278190335
-2.2388895 -4.1853504 -0.40269059 4278190335
-2.1549456 -2.1271091 -0.24325895 4278190335
-2.147284 -2.0936859 -0.2405802 4278190335
-2.1644526 -2.0091934 -0.23633115 4278190335
-2.1591277 -1.9797226 -0.23411426 4278190335
-2.1712344 -1.9664372 -0.23411426 4278190335
-2.1854856 -1.9550695 -0.23439138 4278190335
-2.1825182 -1.9284352 -0.23254396 4278190335
-2.1980605 -1.9182812 -0.23300581 4278190335
2.0831332 -3.581553 -0.38600394 4278190335
2.0328338 -3.6479676 -0.38936171 4278190335
1.98216 -3.6089253 -0.38335842 4278190335
1.9992784 -3.6936367 -0.39180374 4278190335
1.9737684 -3.7005677 -0.39119324 4278190335
1.9371434 -3.6861894 -0.38814071 4278190335
1.9167755 -3.7024236 -0.38864946 4278190335
1.8998961 -3.7256362 -0.38997221 4278190335
1.8810182 -3.745225 -0.39088798 4278190335
1.8527108 -3.7459953 -0.38966697 4278190335
1.2720436 -3.5650291 -0.34937364 4278190335
1.2481742 -3.5671332 -0.34876314 4278190335
1.2330403 -3.5944858 -0.3508999 4278190335
1.2746675 -3.7915211 -0.37135181 4278190335
1.263514 -3.8361218 -0.37532011 4278190335
1.2042265 -3.7330282 -0.36341524 4278190335
1.1145636 -3.6059055 -0.34825438 4278190335
1.095008 -3.6212466 -0.34917015 4278190335
1.0716398 -3.6240814 -0.34876314 4278190335
1.0365127 -3.9467947 -0.37959364 4278190335
0.93155754 -3.9381275 -0.3761341 4278190335
0.89845651 -3.9049895 -0.37206408 4278190335
0.87035531 -3.8919828 -0.37013081 4278190335
0.8473025 -3.9011385 -0.37053782 4278190335
0.82704151 -3.9237859 -0.37236932 4278190335
0.804344 -3.9356093 -0.37308156 4278190335
0.90664715 -4.7317061 -0.45499098 4278190335
0.87614763 -4.7293544 -0.45417699 4278190335
0.83134878 -4.6465073 -0.44501942 4278190335
0.73511744 -4.4208364 -0.42059922 4278190335
0.6862514 -4.6550593 -0.44349316 4278190335
0.65809256 -4.6621375 -0.44379839 4278190335
0.59309113 -4.6096749 -0.43759161 4278190335
-0.53078824 -3.5567708 -0.33004099 4278190335
-0.55810809 -3.5888343 -0.33370399 4278190335
-0.56787747 -3.5097263 -0.3258692 4278190335
-0.63395035 -3.7710543 -0.35334191 4278190335
-0.65570909 -3.7592535 -0.35252792 4278190335
-0.67805505 -3.7512436 -0.35212091 4278190335
-0.69776505 -3.7294116 -0.3502894 4278190335
-0.7841121 -3.6878114 -0.34784737 4278190335
-1.3724644 -4.9421277 -0.486839 4278190335
-1.338717 -4.3040133 -0.42324474 4278190335
-1.3710827 -4.1379414 -0.40808386 4278190335
-1.4040966 -4.1520677 -0.41052589 4278190335
-1.4327919 -4.1527781 -0.4115434 4278190335
-1.4556037 -4.1364012 -0.41072938 4278190335
-1.4779325 -4.1189651 -0.40981364 4278190335
-1.4915578 -4.0780544 -0.4063541 4278190335
-1.5002197 -4.0250149 -0.40157181 4278190335
-1.5263013 -4.0194535 -0.40197882 4278190335
-1.5541657 -4.018363 -0.40289459 4278190335
-1.5860846 -4.0272632 -0.40492958 4278190335
-1.6003981 -3.9916019 -0.40208057 4278190335
-1.5927876 -3.8356915 -0.38702145 4278190335
-1.6255859 -3.8478386 -0.38946345 4278190335
-1.7218368 -4.006876 -0.40828738 4278190335
-1.8173089 -4.1584902 -0.42639902 4278190335
-1.8508708 -4.1654425 -0.42843404 4278190335
-1.9603814 -4.2698874 -0.44278091 4278190335
-1.9960103 -4.2104521 -0.43881261 4278190335
-2.2088428 -4.2479863 -0.45193848 4278190335
-2.3352149 -4.1136308 -0.44603693 4278190335
-2.1641765 -2.160439 -0.27499378 4278190335
-2.1448052 -2.1149912 -0.27031323 4278190335
-2.1577423 -2.1017911 -0.27031323 4278190335
-2.180635 -2.0981677 -0.27173775 4278190335
-2.2014005 -2.0922859 -0.27285701 4278190335
-2.1917119 -2.0576332 -0.26970273 4278190335
-2.1302283 -1.9513001 -0.25769615 4278190335
-2.1274064 -1.9248452 -0.25566113 4278190335
2.1115725 -3.6854908 -0.43626058 4278190335
2.0913618 -3.7027051 -0.43681532 4278190335
1.9940259 -3.6872418 -0.43004745 4278190335
1.9676262 -3.6923902 -0.42915988 4278190335
1.9310789 -3.6779935 -0.42583141 4278190335
1.9071056 -3.6871247 -0.42549857 4278190335
1.8916615 -3.7129269 -0.42727375 4278190335
1.8746357 -3.7360127 -0.42871609 4278190335
1.8551973 -3.7545736 -0.42960367 4278190335
1.3410124 -3.8370905 -0.41584605 4278190335
1.3155117 -3.8396051 -0.41518036 4278190335
1.2602254 -3.8309121 -0.4122957 4278190335
1.1012337 -3.6466084 -0.38733226 4278190335
1.0695565 -3.6218414 -0.38367096 4278190335
1.0456607 -3.6226063 -0.38300526 4278190335
0.95025939 -3.9162512 -0.41196284 4278190335
0.9234733 -3.9104009 -0.41063145 4278190335
0.89368308 -3.8908088 -0.40774679 4278190335
0.86936003 -3.894279 -0.40752491 4278190335
0.84439695 -3.8946834 -0.40697014 4278190335
0.82661593 -3.9289687 -0.41029862 4278190335
0.80507231 -3.9466262 -0.41174096 4278190335
0.80189258 -4.1934195 -0.43870145 4278190335
0.81284761 -4.7206974 -0.49683851 4278190335
0.77054524 -4.6451983 -0.48774073 4278190335
0.73889959 -4.6302099 -0.48552176 4278190335
0.70806861 -4.6189389 -0.48374659 4278190335
0.68765503 -4.6772771 -0.48984876 4278190335
0.63099694 -4.4826097 -0.46743715 4278190335
0.60956633 -4.5317063 -0.47254077 4278190335
0.57859236 -4.5107169 -0.46976706 4278190335
0.55402964 -4.5398321 -0.47265172 4278190335
0.54511255 -4.7070293 -0.49106917 4278190335
-0.50561136 -3.5277369 -0.35992795 4278190335
-0.52739489 -3.5255508 -0.36003891 4278190335
-0.54104602 -3.4711881 -0.35426959 4278190335
-0.58686942 -3.6188729 -0.37135565 4278190335
-0.62526596 -3.7112415 -0.38222861 4278190335
-0.65025342 -3.7200613 -0.38367096 4278190335
-0.67466319 -3.7248023 -0.38466948 4278190335
-0.70318907 -3.7508724 -0.38810891 4278190335
-0.76601201 -3.5964091 -0.37257609 4278190335
-1.3698893 -4.9252062 -0.53278583 4278190335
-1.3320855 -4.0991383 -0.44325036 4278190335
-1.3609698 -4.1022062 -0.44458172 4278190335
-1.3908985 -4.1078973 -0.44624597 4278190335
-1.420948 -4.1133747 -0.44791019 4278190335
-1.5016741 -4.2620425 -0.46654955 4278190335
-1.5388912 -4.2836108 -0.47021085 4278190335
-1.5795064 -4.3132806 -0.47487068 4278190335
-1.4998155 -3.9452381 -0.43326497 4278190335
-1.5272261 -3.9443016 -0.4342635 4278190335
-1.6137649 -4.0929437 -0.45323572 4278190335
-1.4566222 -3.6292269 -0.39864901 4278190335
-1.5597098 -3.8180084 -0.42250296 4278190335
-1.5922674 -3.830389 -0.42516571 4278190335
-1.7255901 -4.0113912 -0.44957441 4278190335
-1.7561485 -4.0143843 -0.45123863 4278190335
-1.7880205 -4.0198765 -0.45323572 4278190335
-1.9530058 -4.1816669 -0.47731155 4278190335
-1.9172497 -4.0403237 -0.46133497 4278190335
-1.9895233 -4.0007901 -0.46089116 4278190335
-2.0960433 -4.1508379 -0.48119476 4278190335
-2.1360698 -1.9554142 -0.2853705 4278190335
-2.1222203 -1.918949 -0.28148732 4278190335
-2.1317303 -1.9039059 -0.28115445 4278190335
-2.1344268 -1.8829032 -0.27982309 4278190335
2.0192602 -3.5702314 -0.49234343 4278190335
2.0127144 -3.7166717 -0.50850624 4278190335
1.9800652 -3.7105782 -0.50581241 4278190335
1.950798 -3.7103691 -0.50401658 4278190335
1.925714 -3.7178662 -0.50337517 4278190335
1.901513 -3.7269619 -0.50299037 4278190335
1.8866253 -3.7545094 -0.50529933 4278190335
1.8679516 -3.7749033 -0.50658208 4278190335
1.4252255 -3.9158566 -0.50080967 4278190335
1.3488743 -3.8525553 -0.48977789 4278190335
-0.48160812 -3.5274882 -0.42230454 4278190335
-0.50534487 -3.5391936 -0.42422867 4278190335
-0.56328988 -3.7792931 -0.45604122 4278190335
-0.58525145 -3.7679255 -0.455015 4278190335
-0.60709482 -3.7564313 -0.45398879 4278190335
-0.62652105 -3.7311182 -0.45116672 4278190335
-0.64906263 -3.7252495 -0.45091015 4278190335
-0.67789704 -3.75438 -0.45527154 4278190335
-0.70219558 -3.7569737 -0.45616949 4278190335
-0.75162613 -3.6482196 -0.44359839 4278190335
-1.2858297 -4.9889145 -0.62818807 4278190335
-1.3526576 -4.9938192 -0.63101012 4278190335
-1.4395785 -5.0674748 -0.6431964 4278190335
-1.3395654 -4.2184181 -0.53428978 4278190335
-1.3700123 -4.2242699 -0.53621393 4278190335
-1.4008929 -4.2308478 -0.53826636 4278190335
-1.4261916 -4.2202935 -0.53800976 4278190335
-1.447212 -4.1973991 -0.53608567 4278190335
-1.4920185 -4.2427049 -0.5435257 4278190335
-1.4872323 -4.1475825 -0.53172427 4278190335
-1.5072069 -4.1234751 -0.52967185 4278190335
-1.530057 -4.1076441 -0.5287739 4278190335
-1.5524178 -4.0907602 -0.52774769 4278190335
-1.4597783 -3.7087202 -0.47733507 4278190335
-1.5061114 -3.7586124 -0.48554477 4278190335
-1.5422516 -3.7814417 -0.49003443 4278190335
-2.0124974 -4.1810842 -0.56199747 4278190335
-2.0429051 -4.1784577 -0.56340849 4278190335
2.0221758 -3.7393203 -0.59381175 4278190335
1.9773393 -3.7106264 -0.58689713 4278190335
1.9444225 -3.7034206 -0.58366054 4278190335
1.9116688 -3.6959515 -0.58042389 4278190335
1.8903015 -3.7102559 -0.58086526 4278190335
1.8754817 -3.7376995 -0.58351338 4278190335
1.8525124 -3.7491369 -0.58351338 4278190335
1.3483374 -3.8580637 -0.56939 4278190335
1.3115031 -3.8278968 -0.56335813 4278190335
1.2782366 -3.8068023 -0.55879742 4278190335
-0.42084873 -3.3782852 -0.46787792 4278190335
-0.45313808 -3.4639053 -0.48111865 4278190335
-0.4772093 -3.481638 -0.48420814 4278190335
-0.54087311 -3.7733474 -0.5284909 4278190335
-0.56548142 -3.7797396 -0.52996212 4278190335
-0.58851027 -3.7752216 -0.52981502 4278190335
-0.60722381 -3.7442024 -0.52569568 4278190335
-0.6267308 -3.719924 -0.52260619 4278190335
-0.64937347 -3.715034 -0.52245903 4278190335
-0.6749804 -3.7265515 -0.52481294 4278190335
-0.69783336 -3.7223396 -0.52481294 4278190335
-0.72965795 -3.6446381 -0.51436752 4278190335
-1.2734147 -4.9279866 -0.71856856 4278190335
-1.3107262 -4.9468508 -0.7226879 4278190335
-1.3940752 -4.2019262 -0.61999887 4278190335
-1.4759096 -4.2723775 -0.63382804 4278190335
-1.4537524 -4.1261129 -0.61220157 4278190335
-1.4773694 -4.1124611 -0.61146599 4278190335
-1.4967902 -4.0875301 -0.60896498 4278190335
-1.5090411 -4.0439839 -0.60352159 4278190335
-1.4328978 -3.7693191 -0.56129843 4278190335
-1.4395616 -3.7180295 -0.55453098 4278190335
-1.4710596 -3.731209 -0.55806184 4278190335
1.9977313 -3.694097 -0.7423712 4278190335
1.971792 -3.7002113 -0.74109071 4278190335
1.9412845 -3.6974413 -0.73798108 4278190335
1.919464 -3.7110298 -0.73834693 4278190335
1.8966573 -3.7227376 -0.73834693 4278190335
1.8724571 -3.7316687 -0.73779815 4278190335
1.8538781 -3.7519026 -0.73962736 4278190335
1.809646 -3.8387518 -0.75060266 4278190335
1.7872986 -3.8524592 -0.75115144 4278190335
1.7256742 -3.7801714 -0.73413968 4278190335
1.3722351 -3.9264891 -0.73487139 4278190335
1.3325124 -3.8892591 -0.72590822 4278190335
-0.64135057 -3.6691959 -0.65401989 4278190335
-1.2848701 -4.9722872 -0.91651285 4278190335
-1.5047652 -5.1636586 -0.9616946 4278190335
-1.3357322 -4.1977577 -0.78060186 4278190335
-1.4345409 -4.2367082 -0.7932235 4278190335
-1.3050562 -3.7781022 -0.70468926 4278190335
-1.3193879 -3.7449892 -0.69975036 4278190335
-1.3390162 -3.7275712 -0.69792116 4278190335
-1.5248917 -4.1642256 -0.78608954 4278190335
-1.4499979 -3.8858526 -0.73267633 4278190335
-1.2422621 -4.9431252 -1.1043874 4278190335
1.4927722 -3.3693228 -0.93290108 4278190335
1.4882278 -3.4736035 -0.95766294 4278190335
-2.0013773 1.1965809 0.2628701 4294902015
-1.9948487 1.2093542 0.2629675 4294902015
-1.9797581 1.2168839 0.26209083 4294902015
-1.9714093 1.2284826 0.26199341 4294902015
-1.9747754 1.2474617 0.26325974 4294902015
-1.9545088 1.2515095 0.26179859 4294902015
-1.9647863 1.2923454 0.26481828 4294902015
-1.9642745 1.3093421 0.26569498 4294902015
-1.9578534 1.3224837 0.26588979 4294902015
-1.9349328 1.3418751 0.26511052 4294902015
-1.9291065 1.3554379 0.26540273 4294902015
-2.0353858 1.1837215 0.17963678 4294902015
-2.0263646 1.1951746 0.17951432 4294902015
-2.0121386 1.2034894 0.17902455 4294902015
-1.9953264 1.2101229 0.17835109 4294902015
-1.9844619 1.2202532 0.1781062 4294902015
-1.9676179 1.2266018 0.17743275 4294902015
-1.9583666 1.237586 0.1773103 4294902015
-1.9498954 1.249041 0.17724909 4294902015
-1.9363333 1.2571793 0.17682053 4294902015
-1.9302509 1.2701334 0.17694297 4294902015
-1.9166068 1.278079 0.17651442 4294902015
-1.9252728 1.3009859 0.17773886 4294902015
-1.9287868 1.3206651 0.17859599 4294902015
-1.9247484 1.3353183 0.1789021 4294902015
-1.9165188 1.3471032 0.1789021 4294902015
-1.9090303 1.3594161 0.17896332 4294902015
-2.0745435 1.2082115 0.16033591 4294902015
-2.0309744 1.1995916 0.15815245 4294902015
-2.009867 1.2038223 0.15732065 4294902015
-1.9896382 1.2083576 0.15654084 4294902015
-1.9779342 1.2179254 0.15628091 4294902015
-1.9678824 1.2284528 0.15612493 4294902015
-1.9560879 1.2378348 0.155865 4294902015
-1.9442527 1.2471184 0.15560506 4294902015
-1.934052 1.2573919 0.15544911 4294902015
-1.9279683 1.2703341 0.15555307 4294902015
-1.9193068 1.2815856 0.15550108 4294902015
-1.911407 1.2933381 0.15550108 4294902015
-1.9067301 1.3073003 0.15570904 4294902015
-1.9142573 1.3297987 0.1566968 4294902015
-1.9117788 1.3455421 0.15706071 4294902015
-1.9059263 1.3589861 0.15721667 4294902015
-2.0450563 1.1755099 0.13643126 4294902015
-2.02227 1.1789767 0.13566181 4294902015
-2.0020988 1.1837341 0.1350206 4294902015
-1.9973682 1.197538 0.13514884 4294902015
-1.9805926 1.2040609 0.13467862 4294902015
-1.9740177 1.2167153 0.13472137 4294902015
-1.9639733 1.2272161 0.13459313 4294902015
-1.9471229 1.2333617 0.13412289 4294902015
-1.9395185 1.2452859 0.13412289 4294902015
-1.936865 1.2604333 0.13437939 4294902015
-1.9299285 1.2728442 0.13442214 4294902015
-1.9328796 1.2918806 0.13497785 4294902015
-1.9191264 1.2997937 0.13467862 4294902015
-1.9135859 1.313241 0.13480686 4294902015
-1.9325588 1.3437834 0.13621753 4294902015
-1.9014099 1.3395022 0.1350206 4294902015
-1.9151099 1.3668171 0.13617478 4294902015
-2.0433381 1.1762106 0.11468649 4294902015
-2.0369456 1.1892303 0.11471999 4294902015
-2.0106943 1.1904973 0.1139829 4294902015
-1.999925 1.2007532 0.11384889 4294902015
-1.9916662 1.2124819 0.11381538 4294902015
-1.9790872 1.2215282 0.11361436 4294902015
-1.972402 1.2341791 0.11364786 4294902015
-1.9639482 1.2457227 0.11361436 4294902015
-1.9646724 1.2631578 0.1139494 4294902015
-1.9627448 1.2790108 0.11418393 4294902015
-1.9540263 1.2904788 0.11415043 4294902015
-1.9361067 1.2957699 0.11374838 4294902015
-1.9347352 1.3121154 0.11401641 4294902015
-1.9373531 1.3313245 0.11445196 4294902015
-1.9316078 1.3449008 0.11455248 4294902015
-1.9233193 1.3567277 0.11455248 4294902015
-2.0820379 1.1942846 0.096536316 4294902015
-2.0539284 1.1949793 0.095929004 4294902015
-2.0319178 1.1989285 0.09549883 4294902015
-2.0142267 1.2052178 0.095195174 4294902015
-2.0025194 1.214963 0.095068648 4294902015
-1.9941752 1.2267039 0.095043346 4294902015
-1.9933983 1.2431463 0.095245779 4294902015
-1.9916493 1.2590914 0.095422916 4294902015
-1.9813604 1.269671 0.095347002 4294902015
-1.9802411 1.2861582 0.095549434 4294902015
-1.9873458 1.3081728 0.096004918 4294902015
-1.9709635 1.3147976 0.095751874 4294902015
-1.9620304 1.3263069 0.095726572 4294902015
-1.9555054 1.33945 0.095777176 4294902015
-1.9349277 1.3428783 0.095397606 4294902015
-1.9381031 1.3627715 0.095751874 4294902015
-1.9329624 1.3769567 0.09585309 4294902015
-1.9196122 1.385283 0.095701262 4294902015
-2.0878942 1.1828847 0.07446143 4294902015
-2.0736611 1.1916888 0.074332975 4294902015
-2.0481679 1.1938186 0.073995791 4294902015
-2.0253098 1.197207 0.073706776 4294902015
-2.0179257 1.2096115 0.073706776 4294902015
-2.0104659 1.2219704 0.073706776 4294902015
-2.0054839 1.2358568 0.073754951 4294902015
-1.9995593 1.2491983 0.073787063 4294902015
-2.0011494 1.2673273 0.073963679 4294902015
-2.0051165 1.2871428 0.074188471 4294902015
-2.0047243 1.3043283 0.074332975 4294902015
-1.9975182 1.3171549 0.074349031 4294902015
-1.9960499 1.33383 0.074477486 4294902015
-1.99114 1.3482946 0.07454171 4294902015
-1.9762334 1.3559618 0.074413255 4294902015
-1.94735 1.3537962 0.074011847 4294902015
-1.9479995 1.3720518 0.074188471 4294902015
-2.1062717 1.1935718 0.052131735 4294902015
-2.0642326 1.1865356 0.051866446 4294902015
-2.0474112 1.1936378 0.05179349 4294902015
-2.0219736 1.1954882 0.051654216 4294902015
-2.0094545 1.2047865 0.051614422 4294902015
-2.0174036 1.2264457 0.051733803 4294902015
-2.0132451 1.2409004 0.051760331 4294902015
-2.0064411 1.2537601 0.051766962 4294902015
-2.0020893 1.2681886 0.05179349 4294902015
-2.0178292 1.2955798 0.051979192 4294902015
-2.0131941 1.3101187 0.052005723 4294902015
-2.003448 1.3213454 0.051992457 4294902015
-1.9911461 1.3308346 0.051959295 4294902015
-1.981287 1.3419052 0.051946033 4294902015
-1.9895045 1.3653556 0.052078675 4294902015
-1.9884778 1.3826761 0.052138366 4294902015
-2.2076168 1.2006974 0.03007821 4294902015
-2.1958311 1.2118032 0.030090427 4294902015
-2.1674173 1.2135218 0.030149071 4294902015
-2.1199398 1.2040662 0.03026147 4294902015
-2.0709291 1.1930753 0.030378755 4294902015
-2.0532107 1.1997021 0.030408077 4294902015
-2.0286086 1.202076 0.030456945 4294902015
-2.0220513 1.215016 0.030454503 4294902015
-2.0248036 1.2336475 0.030425182 4294902015
-2.0205984 1.2481517 0.030415406 4294902015
-2.0137491 1.2610573 0.030412965 4294902015
-2.0110381 1.2766072 0.030398304 4294902015
-2.0149376 1.2965022 0.030364094 4294902015
-2.0094569 1.310481 0.030356765 4294902015
-1.9988759 1.321131 0.030364094 4294902015
-1.9940544 1.3355981 0.030354321 4294902015
-1.9883035 1.3494939 0.03034699 4294902015
-1.9808096 1.3622354 0.030344548 4294902015
-1.9765151 1.3772237 0.030332331 4294902015
-1.9778281 1.3962495 0.030303009 4294902015
-1.9440151 1.3903168 0.030378755 4294902015
-1.9135886 1.3863703 0.030444728 4294902015
-2.2256944 1.1879315 0.0090500796 4294902015
-2.2095695 1.1968064 0.0091582881 4294902015
-2.1793962 1.197827 0.0094396295 4294902015
-2.1554089 1.2019297 0.0096452255 4294902015
-2.1366768 1.2087358 0.0097858962 4294902015
-2.1136055 1.2128706 0.0099806711 4294902015
-2.0629039 1.2006819 0.010521713 4294902015
-2.0408556 1.2046813 0.010705667 4294902015
-2.0351419 1.2182076 0.010684025 4294902015
-2.0301938 1.2322276 0.010651562 4294902015
-2.0370753 1.2535653 0.010467608 4294902015
-2.027648 1.2649829 0.01048925 4294902015
-2.0308371 1.2843448 0.010348579 4294902015
-2.0229182 1.2967815 0.010348579 4294902015
-2.0115685 1.3069916 0.010391862 4294902015
-2.0060172 1.3209586 0.0103594 4294902015
-1.9945464 1.3310235 0.010402683 4294902015
-1.9871703 1.3437965 0.010391862 4294902015
-1.9788876 1.3559643 0.010391862 4294902015
-1.9664223 1.3652312 0.010445966 4294902015
-1.9367383 1.3623211 0.010727308 4294902015
-1.9201975 1.368379 0.010835516 4294902015
-1.9117651 1.3801353 0.010835516 4294902015
-1.8992239 1.3888899 0.010889621 4294902015
-1.873788 1.3880241 0.011116858 4294902015
-1.8764367 1.4078929 0.010965367 4294902015
-1.8470573 1.4036572 0.011246708 4294902015
-2.2578681 1.1710501 -0.014560699 4294902015
-2.2276368 1.172775 -0.01403888 4294902015
-2.2018797 1.1765289 -0.013617411 4294902015
-2.1770401 1.1804876 -0.013216013 4294902015
-2.1636236 1.1904504 -0.013075523 4294902015
-2.1440558 1.1968826 -0.012794544 4294902015
-2.1175308 1.1991791 -0.012353006 4294902015
-2.0979948 1.2051787 -0.012072027 4294902015
-2.0905604 1.2180291 -0.012072027 4294902015
-2.0770216 1.2272741 -0.011931537 4294902015
-2.0711675 1.2410229 -0.011971677 4294902015
-2.0635138 1.253708 -0.011971677 4294902015
-2.049823 1.262676 -0.011831187 4294902015
-2.0377965 1.2725823 -0.011730838 4294902015
-2.0299497 1.2850621 -0.011730838 4294902015
-2.0144527 1.2926348 -0.011550208 4294902015
-2.0039687 1.3033359 -0.011489999 4294902015
-1.9967688 1.3161576 -0.011510069 4294902015
-1.9853296 1.3261638 -0.011429789 4294902015
-1.973843 1.3360792 -0.011349509 4294902015
-1.9590113 1.3436421 -0.011188949 4294902015
-1.9334872 1.3436575 -0.01076748 4294902015
-1.9178482 1.3503165 -0.010586851 4294902015
-1.9005724 1.3556734 -0.010366081 4294902015
-1.8881662 1.3643823 -0.010265732 4294902015
-1.8805658 1.3765326 -0.010285802 4294902015
-1.8640522 1.3820919 -0.010085102 4294902015
-1.8683292 1.4031081 -0.010406221 4294902015
-1.8572972 1.41273 -0.010346011 4294902015
-1.8462176 1.4222695 -0.010285802 4294902015
-1.8185357 1.4188131 -0.0098041231 4294902015
-2.2327859 1.1420094 -0.037783701 4294902015
-2.2221885 1.1538451 -0.037665036 4294902015
-2.1956143 1.1572031 -0.03701238 4294902015
-2.1734898 1.1626366 -0.036508054 4294902015
-2.1619232 1.1735662 -0.036359724 4294902015
-2.1301682 1.1733037 -0.035529066 4294902015
-2.1107137 1.1795241 -0.035113741 4294902015
-2.0938723 1.1870294 -0.034787413 4294902015
-2.0830836 1.1978613 -0.034668747 4294902015
-1.9886632 1.2946482 -0.033778761 4294902015
-1.9756764 1.3035226 -0.033600762 4294902015
-1.9510237 1.3045069 -0.033007436 4294902015
-1.9313985 1.3086027 -0.03259211 4294902015
-1.9192128 1.3175998 -0.032443777 4294902015
-1.9086305 1.3276384 -0.03235478 4294902015
-1.8963635 1.336445 -0.03220645 4294902015
-1.8938215 1.3521221 -0.032414112 4294902015
-1.8862993 1.3643028 -0.032443777 4294902015
-1.8690239 1.3693519 -0.032117449 4294902015
-1.8509554 1.3736448 -0.031761453 4294902015
-1.8464866 1.3879796 -0.031909786 4294902015
-1.8403211 1.4011002 -0.031998783 4294902015
-1.8308979 1.4117553 -0.031969119 4294902015
-1.816687 1.4186559 -0.031761453 4294902015
-1.8032444 1.4260553 -0.031583458 4294902015
-1.7960206 1.4383428 -0.031642791 4294902015
-2.2292352 1.1252537 -0.06001053 4294902015
-2.2196217 1.1375426 -0.05989432 4294902015
-2.1922152 1.1405262 -0.059003379 4294902015
-2.1754577 1.1488198 -0.058577277 4294902015
-2.1472342 1.1508105 -0.057647597 4294902015
-2.131356 1.1591867 -0.05726023 4294902015
-2.1163309 1.1678946 -0.056911603 4294902015
-2.0943058 1.1725544 -0.056253079 4294902015
-2.076647 1.1794571 -0.055788241 4294902015
-2.0589831 1.1861874 -0.0553234 4294902015
-1.99103 1.2298721 -0.053928882 4294902015
-1.986833 1.2441883 -0.054083828 4294902015
-1.9741007 1.2531409 -0.053851407 4294902015
-1.9604936 1.2614431 -0.053580254 4294902015
-1.9518797 1.2729026 -0.053541515 4294902015
-1.9473664 1.2870603 -0.053696461 4294902015
-1.9294721 1.2923083 -0.053231623 4294902015
-1.9215063 1.304123 -0.053231623 4294902015
-1.9159375 1.3175882 -0.053347833 4294902015
-1.9086366 1.329891 -0.053386569 4294902015
-1.8906471 1.3346581 -0.052921731 4294902015
-1.8840474 1.347397 -0.052999202 4294902015
-1.8757445 1.3589319 -0.052999202 4294902015
-1.8681762 1.3710072 -0.053037941 4294902015
-1.8541166 1.3782693 -0.052766785 4294902015
-1.8432306 1.387816 -0.052650575 4294902015
-1.8346804 1.3990997 -0.052650575 4294902015
-1.828433 1.412164 -0.052766785 4294902015
-1.8181601 1.4221246 -0.05268931 4294902015
-1.8133152 1.4363576 -0.052882992 4294902015
-1.8083638 1.4505845 -0.053076677 4294902015
-2.2551818 1.133953 -0.081675634 4294902015
-2.2152584 1.130975 -0.079939149 4294902015
-2.1869888 1.1335219 -0.078812778 4294902015
-2.1711507 1.1422718 -0.078343458 4294902015
-2.1526439 1.1494596 -0.077733338 4294902015
-2.1323743 1.1555125 -0.077029355 4294902015
-2.1086102 1.1594361 -0.076137647 4294902015
-2.0857511 1.1635983 -0.07529287 4294902015
-2.0707464 1.1719491 -0.074870482 4294902015
-2.0548518 1.1796628 -0.074401155 4294902015
-2.0277166 1.1806955 -0.073321722 4294902015
-2.0169926 1.1910847 -0.07313399 4294902015
-1.99283 1.2100472 -0.072617739 4294902015
-1.984517 1.2217289 -0.072570808 4294902015
-1.9693549 1.2291255 -0.07214842 4294902015
-1.9609318 1.2406523 -0.072101481 4294902015
-1.947395 1.2488886 -0.071772963 4294902015
-1.9380199 1.2597259 -0.071679093 4294902015
-1.9244133 1.2677492 -0.071350567 4294902015
-1.9174293 1.2800876 -0.071397506 4294902015
-1.9120214 1.2935069 -0.071538299 4294902015
-1.8999281 1.3023921 -0.071303636 4294902015
-1.8951834 1.3163034 -0.071491368 4294902015
-1.8829855 1.3250345 -0.071256705 4294902015
-1.8715655 1.3342451 -0.07106898 4294902015
-1.8625335 1.3451192 -0.071022049 4294902015
-1.8558577 1.3577012 -0.071115911 4294902015
-1.8466893 1.3684685 -0.07106898 4294902015
-1.8406551 1.3815718 -0.071209773 4294902015
-1.8345295 1.3946526 -0.071350567 4294902015
-1.825146 1.4052737 -0.071303636 4294902015
-1.8204287 1.4195158 -0.071538299 4294902015
-1.8132528 1.4318966 -0.071632162 4294902015
-1.8036524 1.442372 -0.071585231 4294902015
-1.8017569 1.459067 -0.072007619 4294902015
-1.7919976 1.4694618 -0.071960688 4294902015
-2.3230734 1.1516124 -0.10925552 4294902015
-2.2740469 1.1447501 -0.10660733 4294902015
-2.2189703 1.1341503 -0.10356475 4294902015
-2.1791775 1.1307341 -0.10148001 4294902015
-2.1642475 1.1398976 -0.10097291 4294902015
-2.1360793 1.1418618 -0.099620648 4294902015
-2.1114795 1.1454277 -0.098493762 4294902015
-2.0921655 1.1516231 -0.09770494 4294902015
-2.0650098 1.1532445 -0.096409023 4294902015
-2.0431261 1.1575286 -0.095451169 4294902015
-2.0255966 1.1640749 -0.094775036 4294902015
-2.008064 1.1704499 -0.094098903 4294902015
-1.9999851 1.1822411 -0.094042562 4294902015
-1.9875548 1.1914111 -0.093704492 4294902015
-1.9767941 1.2015103 -0.093479119 4294902015
-1.9591841 1.2073328 -0.092802987 4294902015
-1.9449645 1.2151003 -0.092352234 4294902015
-1.934098 1.2248752 -0.092126854 4294902015
-1.9215044 1.233484 -0.091788791 4294902015
-1.9138997 1.2452509 -0.091788791 4294902015
-1.902055 1.2542235 -0.09150707 4294902015
-1.8951536 1.2664253 -0.091563411 4294902015
-1.8856938 1.2769104 -0.091450721 4294902015
-1.8778232 1.2884568 -0.091450721 4294902015
-1.8723416 1.3016641 -0.09161976 4294902015
-1.8667685 1.3148525 -0.091788791 4294902015
-1.8586656 1.326282 -0.091788791 4294902015
-1.8456374 1.3341528 -0.091450721 4294902015
-1.8398333 1.3472216 -0.09161976 4294902015
-1.8387501 1.3638374 -0.092126854 4294902015
-1.8311454 1.3756937 -0.092183203 4294902015
-1.8258483 1.3893214 -0.092408575 4294902015
-1.8204528 1.4029359 -0.092633955 4294902015
-1.8118104 1.4140795 -0.092633955 4294902015
-1.8015329 1.423932 -0.092521265 4294902015
-1.7927619 1.4349592 -0.092521265 4294902015
-1.7854748 1.4471895 -0.092633955 4294902015
-1.7819642 1.462551 -0.093028367 4294902015
-1.779868 1.4791998 -0.093535461 4294902015
-2.3047345 1.1267887 -0.13138269 4294902015
-2.2673917 1.1258177 -0.12915306 4294902015
-2.2221301 1.1203874 -0.12633324 4294902015
-2.1983385 1.1253599 -0.12508728 4294902015
-2.1754553 1.1305432 -0.12390688 4294902015
-2.1472967 1.1326944 -0.12233303 4294902015
-2.1139166 1.1317166 -0.12036571 4294902015
-2.0788767 1.1294193 -0.11826723 4294902015
-2.0465672 1.1281809 -0.11636549 4294902015
-2.0430896 1.1426659 -0.1166278 4294902015
-2.0282295 1.1507479 -0.11603761 4294902015
-2.0150769 1.1596863 -0.11557856 4294902015
-1.9984442 1.1664945 -0.11485721 4294902015
-1.9835216 1.174159 -0.11426702 4294902015
-1.9762797 1.1863077 -0.11426702 4294902015
-1.9544741 1.1895902 -0.11315221 4294902015
-1.9437417 1.1994637 -0.11288989 4294902015
-1.9388829 1.2129557 -0.11308663 4294902015
-1.9246629 1.2205535 -0.11256201 4294902015
-1.9087443 1.2269435 -0.11190624 4294902015
-1.898672 1.2369978 -0.11170951 4294902015
-1.8910462 1.2486246 -0.11170951 4294902015
-1.8866662 1.2624243 -0.11197182 4294902015
-1.8805362 1.2750971 -0.11210297 4294902015
-1.8734994 1.2871771 -0.11216854 4294902015
-1.8647473 1.2980782 -0.11210297 4294902015
-1.8575627 1.3100709 -0.11216854 4294902015
-1.8519248 1.3231846 -0.11236528 4294902015
-1.8599361 1.3462262 -0.11367682 4294902015
-1.844399 1.3523022 -0.11308663 4294902015
-1.8464799 1.3713293 -0.11393914 4294902015
-1.8428148 1.386233 -0.11433259 4294902015
-1.8334807 1.3969094 -0.11426702 4294902015
-1.824875 1.408133 -0.11426702 4294902015
-1.8106973 1.4150021 -0.11380798 4294902015
-1.7988514 1.4236084 -0.11354567 4294902015
-1.7869681 1.4321226 -0.11328336 4294902015
-1.7781471 1.4430603 -0.11328336 4294902015
-1.7731135 1.4571118 -0.11361124 4294902015
-1.7633724 1.4673257 -0.11354567 4294902015
-2.3093975 1.113385 -0.15496048 4294902015
-2.2873001 1.1200736 -0.1536888 4294902015
-2.2544951 1.1212012 -0.15151946 4294902015
-2.2182038 1.1201695 -0.14905091 4294902015
-2.1775749 1.116459 -0.14620833 4294902015
-2.1476891 1.1178211 -0.14426342 4294902015
-2.1125801 1.1160622 -0.14186966 4294902015
-2.0793319 1.1148582 -0.13962552 4294902015
-2.0531852 1.1171039 -0.13797982 4294902015
-2.0445466 1.1287165 -0.13783021 4294902015
-2.0254045 1.1344137 -0.13678294 4294902015
-2.0158052 1.1453412 -0.13655853 4294902015
-2.0052843 1.1556953 -0.1362593 4294902015
-1.9947125 1.1659636 -0.13596009 4294902015
-1.9729412 1.1695312 -0.13468841 4294902015
-1.9631644 1.1800727 -0.134464 4294902015
-1.9499276 1.1884612 -0.13394037 4294902015
-1.9434468 1.2009279 -0.13401517 4294902015
-1.9267477 1.2070032 -0.13319232 4294902015
-1.915939 1.2166632 -0.1328931 4294902015
-1.9059227 1.2267762 -0.13266869 4294902015
-1.8975245 1.2379025 -0.13259389 4294902015
-1.8907248 1.2500725 -0.13266869 4294902015
-1.8838471 1.2622056 -0.13274349 4294902015
-1.8768917 1.2743013 -0.1328183 4294902015
-1.8739655 1.2891867 -0.13326712 4294902015
-1.8733807 1.3057956 -0.13394037 4294902015
-1.8628901 1.3155392 -0.13371594 4294902015
-1.8628912 1.3327502 -0.134464 4294902015
-1.8611363 1.3488394 -0.13506244 4294902015
-1.8552358 1.362005 -0.13528685 4294902015
-1.8540436 1.378721 -0.13596009 4294902015
-1.8487343 1.3924723 -0.1362593 4294902015
-1.840948 1.4043947 -0.13633411 4294902015
-1.8315073 1.4150542 -0.1362593 4294902015
-1.8188646 1.4231914 -0.13588528 4294902015
-1.8093164 1.4337054 -0.13581048 4294902015
-1.7958201 1.4410338 -0.13536166 4294902015
-1.7869444 1.4520257 -0.13536166 4294902015
-1.7733824 1.4591596 -0.13491282 4294902015
-1.762864 1.4687362 -0.13476321 4294902015
-1.7667723 1.490461 -0.13603489 4294902015
-2.3594186 1.1156671 -0.18029138 4294902015
-2.3435445 1.1258111 -0.17945983 4294902015
-2.2801607 1.1126562 -0.17422099 4294902015
-2.24382 1.1120331 -0.17147684 4294902015
-2.2102449 1.1123496 -0.16898215 4294902015
-2.1616628 1.1045932 -0.16507383 4294902015
-2.1513054 1.1160018 -0.1647412 4294902015
-2.1117859 1.1120132 -0.16166443 4294902015
-2.0820675 1.1127458 -0.15950236 4294902015
-2.0690672 1.1221766 -0.15892027 4294902015
-2.0403118 1.1228474 -0.15684137 4294902015
-2.0316434 1.1343744 -0.15667506 4294902015
-2.0203083 1.1443648 -0.15625928 4294902015
-2.0054703 1.1522744 -0.15551087 4294902015
-1.9837221 1.1560336 -0.15409721 4294902015
-1.9680104 1.1631167 -0.15326566 4294902015
-1.9582717 1.1736344 -0.15301619 4294902015
-1.944219 1.1814905 -0.15235095 4294902015
-1.9335384 1.191308 -0.15201832 4294902015
-1.9236561 1.2015668 -0.15176885 4294902015
-1.9052992 1.2064213 -0.15068781 4294902015
-1.8936666 1.2153995 -0.15027204 4294902015
-1.8861734 1.2269959 -0.15027204 4294902015
-1.8761126 1.2369015 -0.15002257 4294902015
-1.8709742 1.2500497 -0.15027204 4294902015
-1.8682213 1.2648566 -0.15077098 4294902015
-1.8628911 1.2779862 -0.15102044 4294902015
-1.8623809 1.2945088 -0.15176885 4294902015
-1.8609228 1.3104995 -0.1524341 4294902015
-1.8560926 1.3242071 -0.15276672 4294902015
-1.8552035 1.3408219 -0.15351513 4294902015
-1.8493544 1.353945 -0.15376459 4294902015
-1.8474172 1.3700134 -0.15442984 4294902015
-1.8461494 1.3867069 -0.15517825 4294902015
-1.8368126 1.3974055 -0.15509509 4294902015
-1.829783 1.4098655 -0.1552614 4294902015
-1.8250271 1.4241302 -0.15567718 4294902015
-1.8115619 1.431596 -0.15517825 4294902015
-1.8027437 1.4426847 -0.15517825 4294902015
-1.7923087 1.4524647 -0.15501194 4294902015
-1.7825922 1.4628028 -0.15492877 4294902015
-1.7728163 1.4730765 -0.15484563 4294902015
-1.7652699 1.4852091 -0.15501194 4294902015
-1.7470176 1.4882612 -0.15401407 4294902015
-2.1834064 0.92114007 -0.18220198 4294902015
-2.1456854 0.92078054 -0.17896901 4294902015
-2.3664532 1.1026269 -0.20455568 4294902015
-2.3551431 1.1149966 -0.20409381 4294902015
-2.2989013 1.1056949 -0.19901344 4294902015
-2.2867053 1.1171581 -0.19845921 4294902015
-2.2575071 1.1201065 -0.19614995 4294902015
-2.2434773 1.1303537 -0.19541098 4294902015
-2.1629183 1.1064681 -0.18774423 4294902015
-2.1410651 1.1119189 -0.18617393 4294902015
-2.0839915 1.0985748 -0.1809088 4294902015
-2.0754554 1.110402 -0.18072405 4294902015
-2.0616021 1.119316 -0.17998509 4294902015
-2.0398679 1.1237786 -0.17841479 4294902015
-2.0242419 1.1314168 -0.17749108 4294902015
-2.0137966 1.1418519 -0.17712161 4294902015
-1.9946675 1.1472383 -0.17582841 4294902015
-1.9669471 1.1474169 -0.17361152 4294902015
-1.9555844 1.1569299 -0.17314968 4294902015
-1.9407635 1.1642982 -0.17231834 4294902015
-1.9242245 1.1704936 -0.17130226 4294902015
-1.9161587 1.1817558 -0.17120989 4294902015
-1.9063385 1.1919075 -0.17093277 4294902015
-1.8914193 1.1987858 -0.17010145 4294902015
-1.8857037 1.211445 -0.17028618 4294902015
-1.8723935 1.21919 -0.16963959 4294902015
-1.8648773 1.2306559 -0.16963959 4294902015
-1.8572911 1.2420754 -0.16963959 4294902015
-1.8529323 1.2556821 -0.17000908 4294902015
-1.8534019 1.2726631 -0.17093277 4294902015
-1.8504627 1.2874228 -0.171487 4294902015
-1.848226 1.3027678 -0.17213359 4294902015
-1.8491119 1.3204478 -0.17314968 4294902015
-1.845816 1.3352699 -0.17370389 4294902015
-1.8472271 1.3536319 -0.17481235 4294902015
-1.8628751 1.3827417 -0.17758346 4294902015
-1.8392324 1.3827791 -0.17582841 4294902015
-1.8291287 1.3928322 -0.17564368 4294902015
-1.8181823 1.4022052 -0.17536657 4294902015
-1.8118987 1.4151735 -0.17564368 4294902015
-1.8008382 1.4244115 -0.17536657 4294902015
-1.7959504 1.4385465 -0.17582841 4294902015
-1.7894101 1.4514207 -0.17610553 4294902015
-1.7812402 1.4630048 -0.1761979 4294902015
-1.7722298 1.4739068 -0.1761979 4294902015
-1.7593441 1.4815468 -0.17573605 4294902015
-1.7411271 1.4845626 -0.1746276 4294902015
-2.1442072 0.92127019 -0.20091918 4294902015
-2.1312218 0.93122208 -0.20010516 4294902015
-2.2952361 1.0707439 -0.22126934 4294902015
-2.3083987 1.0941833 -0.22350785 4294902015
-2.3097076 1.1122122 -0.22442362 4294902015
-2.2939038 1.1219914 -0.22340611 4294902015
-2.264704 1.1249787 -0.22086234 4294902015
-2.2373309 1.1285466 -0.21852207 4294902015
-2.1719282 1.1123179 -0.21180651 4294902015
-2.1324062 1.108641 -0.20804173 4294902015
-2.0560622 1.085017 -0.20000342 4294902015
-2.042351 1.093854 -0.19918941 4294902015
-2.0312307 1.1039892 -0.19868065 4294902015
-2.0174501 1.1125877 -0.19786665 4294902015
-1.9958276 1.1166862 -0.19613689 4294902015
-1.9898033 1.1294025 -0.19623864 4294902015
-1.9768014 1.1381152 -0.19552638 4294902015
-1.9534597 1.14069 -0.19359311 4294902015
-1.9370087 1.1470777 -0.19247386 4294902015
-1.9299339 1.1589414 -0.19247386 4294902015
-1.9202375 1.169209 -0.19216861 4294902015
-1.9071022 1.1773106 -0.19145635 4294902015
-1.898156 1.1879345 -0.19125284 4294902015
-1.8874714 1.1974269 -0.19084585 4294902015
-1.8750685 1.2057567 -0.19023533 4294902015
-1.8693016 1.2183257 -0.19043884 4294902015
-1.860961 1.2292242 -0.19033709 4294902015
-1.8550367 1.2417266 -0.1905406 4294902015
-1.852322 1.2564368 -0.1911511 4294902015
-1.8453976 1.2683424 -0.19125284 4294902015
-1.8449271 1.284759 -0.19216861 4294902015
-1.84595 1.3023647 -0.19328786 4294902015
-1.8492538 1.3217667 -0.19471237 4294902015
-1.8499713 1.3395075 -0.19583163 4294902015
-1.8473321 1.3549526 -0.19654389 4294902015
-1.8549531 1.3781295 -0.19857891 4294902015
-1.8321553 1.3787167 -0.19674739 4294902015
-1.828408 1.3935513 -0.19735789 4294902015
-1.8166733 1.4023122 -0.1969509 4294902015
-1.7994143 1.406692 -0.19583163 4294902015
-1.7930888 1.4195594 -0.19613689 4294902015
-1.7913295 1.436136 -0.19705264 4294902015
-1.7786226 1.4439648 -0.19654389 4294902015
-1.773571 1.4580102 -0.19705264 4294902015
-1.7645915 1.4688652 -0.19705264 4294902015
-1.7563061 1.4803061 -0.19715439 4294902015
-1.7381104 1.4833043 -0.19593339 4294902015
-2.1479905 0.93923742 -0.22379404 4294902015
-2.1331072 0.94835883 -0.22268456 4294902015
-2.1055167 0.95159823 -0.2200218 4294902015
-2.1140852 0.97114247 -0.22179697 4294902015
-2.2838333 1.1005554 -0.24509618 4294902015
-2.2939947 1.1228552 -0.2472042 4294902015
-2.2630374 1.1249572 -0.24420859 4294902015
-2.2028692 1.1119335 -0.23755167 4294902015
-2.1349893 1.0941327 -0.22989622 4294902015
-2.0885687 1.0865576 -0.22490354 4294902015
-2.0528667 1.0840275 -0.22124223 4294902015
-2.0409219 1.0937847 -0.22057654 4294902015
-2.0263162 1.1020107 -0.219578 4294902015
-2.0090766 1.1086574 -0.21824662 4294902015
-1.9918324 1.1151342 -0.21691523 4294902015
-1.9745846 1.1214414 -0.21558386 4294902015
-1.9633615 1.131054 -0.21502911 4294902015
-1.9495213 1.1390662 -0.21414152 4294902015
-1.944205 1.1520207 -0.21436343 4294902015
-1.9336931 1.1618797 -0.21391962 4294902015
-1.9239819 1.1721705 -0.21358678 4294902015
-1.9091455 1.1792505 -0.21258825 4294902015
-1.896821 1.187776 -0.21192256 4294902015
-1.8827865 1.1951289 -0.21103497 4294902015
-1.8729111 1.2050447 -0.21070212 4294902015
-1.8679786 1.2181436 -0.21103497 4294902015
-1.8679292 1.2345169 -0.2120335 4294902015
-1.8603193 1.245955 -0.2120335 4294902015
-1.8551055 1.2590215 -0.21236634 4294902015
-1.8596255 1.2788321 -0.21403058 4294902015
-1.8558197 1.2930608 -0.21458532 4294902015
-1.8535326 1.3084376 -0.21536195 4294902015
-1.8575916 1.3284622 -0.21702619 4294902015
-1.8518192 1.3415853 -0.21735904 4294902015
-1.8523636 1.3593937 -0.21857947 4294902015
-1.8543535 1.3784455 -0.2200218 4294902015
-1.8379234 1.383817 -0.21891232 4294902015
-1.831768 1.3968771 -0.21924517 4294902015
-1.8184445 1.4044436 -0.21857947 4294902015
-1.8082275 1.4143498 -0.21835756 4294902015
-1.7995152 1.4254183 -0.21835756 4294902015
-1.7969352 1.4414102 -0.21924517 4294902015
-1.7849724 1.4499012 -0.21880136 4294902015
-1.7768097 1.461458 -0.21891232 4294902015
-1.760938 1.466606 -0.21791378 4294902015
-1.751906 1.4773834 -0.21791378 4294902015
-1.7412969 1.4868138 -0.21769188 4294902015
-1.7313895 1.49682 -0.21758093 4294902015
-2.1755016 0.98229235 -0.27055362 4294902015
-2.1631236 0.99272764 -0.26965567 4294902015
-2.1668789 1.0105914 -0.27106673 4294902015
-2.1427121 1.0153766 -0.26850119 4294902015
-2.2499335 1.0831233 -0.2847923 4294902015
-2.2833395 1.1165076 -0.29056472 4294902015
-2.1017292 1.0761074 -0.26721844 4294902015
-2.065166 1.0734357 -0.26285705 4294902015
-2.0374877 1.074983 -0.25977841 4294902015
-2.0238588 1.0837203 -0.2587522 4294902015
-1.996256 1.0847565 -0.25567356 4294902015
-1.9852197 1.0945913 -0.25503218 4294902015
-1.9689447 1.1014271 -0.25362113 4294902015
-1.9621494 1.1134876 -0.25362113 4294902015
-1.947544 1.1210543 -0.25246665 4294902015
-1.9363461 1.1304836 -0.25182527 4294902015
-1.9268128 1.140828 -0.25144044 4294902015
-1.9155248 1.1500773 -0.25079906 4294902015
-1.9016546 1.1576844 -0.24977285 4294902015
-1.8936714 1.1688102 -0.24964458 4294902015
-1.8839417 1.1788298 -0.24925974 4294902015
-1.874998 1.1893051 -0.24900319 4294902015
-1.8684995 1.2013236 -0.24913147 4294902015
-1.8619242 1.2133073 -0.24925974 4294902015
-1.8594102 1.2279875 -0.25002941 4294902015
-1.8625557 1.2465428 -0.251697 4294902015
-1.8581555 1.2601739 -0.25221011 4294902015
-1.8552928 1.2749211 -0.25297976 4294902015
-1.8563888 1.2925131 -0.25439081 4294902015
-1.8613908 1.3130242 -0.25644323 4294902015
-1.8589479 1.3284564 -0.25734115 4294902015
-1.8628126 1.3485594 -0.2592653 4294902015
-1.8561026 1.3611368 -0.25952184 4294902015
-1.8596591 1.381369 -0.261446 4294902015
-1.8598663 1.3993113 -0.26285705 4294902015
-1.8449341 1.4058889 -0.26183084 4294902015
-1.8221396 1.4062779 -0.25952184 4294902015
-1.8126951 1.4168212 -0.25939357 4294902015
-1.8024122 1.4266862 -0.25913703 4294902015
-1.795946 1.4395792 -0.25952184 4294902015
-1.7870791 1.4505719 -0.25952184 4294902015
-1.7735474 1.4577321 -0.2587522 4294902015
-1.7584708 1.4635124 -0.25772598 4294902015
-1.7471824 1.4723577 -0.25734115 4294902015
-1.7335881 1.4791888 -0.2565715 4294902015
-1.7222277 1.4878533 -0.25618666 4294902015
-1.7294903 1.512755 -0.25900874 4294902015
-2.1302831 1.0426549 -0.31428578 4294902015
-2.104363 1.0460135 -0.31104916 4294902015
-2.0696537 1.0446334 -0.30634138 4294902015
-2.0473633 1.0491873 -0.30369323 4294902015
-2.0329914 1.0576186 -0.30236915 4294902015
-2.0194676 1.0663754 -0.30119219 4294902015
-1.9963254 1.0698631 -0.29839694 4294902015
-1.9845107 1.0792549 -0.29751423 4294902015
-1.9648635 1.0842382 -0.29530746 4294902015
-1.9616253 1.098208 -0.29589593 4294902015
-1.9505504 1.1077796 -0.29516032 4294902015
-1.9334339 1.1137984 -0.29339489 4294902015
-1.9248557 1.1246421 -0.29310066 4294902015
-1.9136649 1.1339089 -0.29236507 4294902015
-1.907519 1.1461394 -0.29251218 4294902015
-1.897917 1.1562773 -0.29207084 4294902015
-1.8899451 1.1673808 -0.2919237 4294902015
-1.8844229 1.1800058 -0.29221794 4294902015
-1.8829913 1.195259 -0.29324779 4294902015
-1.8722954 1.2046483 -0.29265931 4294902015
-1.8690101 1.2188168 -0.29339489 4294902015
-1.8697462 1.2357187 -0.29486609 4294902015
-1.8711666 1.253226 -0.29648441 4294902015
-1.8634417 1.2646837 -0.29648441 4294902015
-1.8678685 1.2845054 -0.29869118 4294902015
-1.8656312 1.2999024 -0.299721 4294902015
-1.8624672 1.3147497 -0.30060372 4294902015
-1.861604 1.3313339 -0.3019278 4294902015
-1.8670133 1.3526016 -0.30442882 4294902015
-1.8714342 1.3734 -0.30678272 4294902015
-1.8605912 1.3830858 -0.30634138 4294902015
-1.8694489 1.4075714 -0.30957797 4294902015
-1.8505551 1.4112147 -0.30766544 4294902015
-1.820731 1.4062109 -0.30369323 4294902015
-1.8019431 1.4094304 -0.30178067 4294902015
-1.7932609 1.4204603 -0.30178067 4294902015
-1.7906821 1.4363904 -0.30295762 4294902015
-1.7741597 1.4411117 -0.30148643 4294902015
-1.759938 1.4475703 -0.30045661 4294902015
-1.7403855 1.4494759 -0.29839694 4294902015
-1.7367502 1.4645929 -0.29942676 4294902015
-1.7156993 1.4649408 -0.29707289 4294902015
-1.7126626 1.4806179 -0.29824984 4294902015
-1.6946169 1.4832778 -0.29648441 4294902015
-1.692144 1.4995545 -0.29780847 4294902015
-2.1227291 1.0228544 -0.39939258 4294902015
-2.0978725 1.0267773 -0.39555123 4294902015
-2.0695276 1.0286822 -0.39097819 4294902015
-2.0429943 1.031165 -0.38677096 4294902015
-2.0313802 1.040989 -0.38567343 4294902015
-2.0118744 1.0466231 -0.38292962 4294902015
-1.9958535 1.0538948 -0.38091746 4294902015
-1.9806858 1.0614741 -0.37908825 4294902015
-1.973272 1.0731373 -0.37890533 4294902015
-1.9580442 1.0804718 -0.37707612 4294902015
-1.9462317 1.0895823 -0.37597859 4294902015
-1.9369454 1.1000462 -0.37542981 4294902015
-1.9293076 1.1114192 -0.37524688 4294902015
-1.9224517 1.1232363 -0.37524688 4294902015
-1.9163691 1.1355126 -0.37542981 4294902015
-1.9076806 1.1462364 -0.37506396 4294902015
-1.903969 1.1599675 -0.37579566 4294902015
-1.8968158 1.1716282 -0.37579566 4294902015
-1.8912572 1.184289 -0.37616149 4294902015
-1.8847847 1.1963984 -0.37634441 4294902015
-1.8798881 1.2095375 -0.37689319 4294902015
-1.872431 1.2210495 -0.37689319 4294902015
-1.8657236 1.233058 -0.37707612 4294902015
-1.8597559 1.2455773 -0.37744194 4294902015
-1.8585842 1.2613844 -0.37890533 4294902015
-1.8629574 1.2811253 -0.38164917 4294902015
-1.8647386 1.29928 -0.38384423 4294902015
-1.8719875 1.3214756 -0.38731974 4294902015
-1.8662422 1.3346536 -0.38786849 4294902015
-1.8651812 1.3512732 -0.3895148 4294902015
-1.8616091 1.3661841 -0.39061233 4294902015
-1.8579241 1.3811018 -0.39170986 4294902015
-1.8713999 1.4090416 -0.39683169 4294902015
-1.8619374 1.4199014 -0.39664876 4294902015
-1.8765259 1.4493361 -0.40213642 4294902015
-1.8683717 1.4614289 -0.40231934 4294902015
-1.8516651 1.4667583 -0.40049011 4294902015
-1.8334305 1.4707069 -0.39829504 4294902015
-1.8152174 1.4744873 -0.39609998 4294902015
-1.8000635 1.480599 -0.3946366 4294902015
-1.780372 1.4828039 -0.39207572 4294902015
-1.7772508 1.4987727 -0.39353907 4294902015
-1.7605468 1.5032628 -0.39170986 4294902015
-1.7431115 1.5069613 -0.38969773 4294902015
-2.1160061 1.0022917 -0.48594609 4294902015
-2.0939932 1.007635 -0.4820042 4294902015
-2.0833888 1.0183206 -0.48090923 4294902015
-2.0596249 1.0224015 -0.47652933 4294902015
-2.0437305 1.0301851 -0.47412038 4294902015
-2.0217395 1.0346984 -0.47017848 4294902015
-2.0127556 1.0457336 -0.46952149 4294902015
-1.9985352 1.0539646 -0.46755055 4294902015
-1.9817096 1.0606784 -0.46492261 4294902015
-1.9743069 1.0723519 -0.46470362 4294902015
-1.9617094 1.0811468 -0.46317065 4294902015
-1.9524843 1.0917337 -0.46251366 4294902015
-1.9449003 1.1032116 -0.46229467 4294902015
-1.9397856 1.1160984 -0.46273264 4294902015
-1.9303732 1.1265035 -0.46207568 4294902015
-1.9209062 1.136835 -0.46141869 4294902015
-1.9180768 1.1511121 -0.46251366 4294902015
-1.9143109 1.1648897 -0.46338964 4294902015
-1.9062971 1.1761011 -0.46317065 4294902015
-1.8982177 1.187258 -0.46295166 4294902015
-1.8892493 1.1978374 -0.46251366 4294902015
-1.8826847 1.2099348 -0.46273264 4294902015
-1.8760426 1.2219969 -0.46295166 4294902015
-1.8693233 1.2340229 -0.46317065 4294902015
-1.8609055 1.2449268 -0.46295166 4294902015
-1.855654 1.2579651 -0.46360862 4294902015
-1.8503126 1.2709857 -0.46426561 4294902015
-1.8528875 1.289565 -0.46711254 4294902015
-1.8481288 1.3031602 -0.46798852 4294902015
-1.8472416 1.3195827 -0.46995947 4294902015
-1.8541247 1.3417665 -0.47412038 4294902015
-1.8655249 1.3675469 -0.47959524 4294902015
-1.8704123 1.3888615 -0.48331818 4294902015
-1.8797855 1.4138077 -0.48835504 4294902015
-1.8718511 1.4259069 -0.48857403 4294902015
-1.8530265 1.4296136 -0.4857271 4294902015
-1.8380706 1.4361485 -0.48397514 4294902015
-1.8223394 1.4419481 -0.4820042 4294902015
-1.8050842 1.4463881 -0.47959524 4294902015
-1.7901158 1.4525161 -0.47784328 4294902015
-1.7939819 1.4740077 -0.48156622 4294902015
-3.4354436 1.3522652 -0.20541945 4278255615
-3.6506348 1.4141867 -0.25632083 4278255615
-3.4545217 1.3626053 -0.24121028 4278255615
-3.5119128 1.3787364 -0.27733451 4278255615
-3.509208 1.3798459 -0.31216741 4278255615
-3.5024543 1.379357 -0.34723687 4278255615
-3.5105171 1.383996 -0.38333812 4278255615
-3.5176895 1.384604 -0.45078188 4278255615
-3.51281 1.4076372 -0.45129499 4278255615
-3.5177441 1.386847 -0.52393025 4278255615
-3.5100861 1.408774 -0.52407736 4278255615
-3.4631932 1.3899413 -0.65530038 4278255615
-3.4658127 1.3888776 -0.79845166 4278255615
-3.4635491 1.4126983 -0.79998463 4278255615
1.5967309 -2.7721388 0.95775533 4294967295
1.581115 -2.7843895 0.95858926 4294967295
1.5682253 -2.8015814 0.96109116 4294967295
1.560885 -2.7077479 0.80941522 4294967295
1.5461601 -2.7206488 0.81038022 4294967295
1.5356064 -2.7410896 0.81351638 4294967295
1.5647773 -2.6764233 0.68294519 4294967295
1.5263196 -2.6478233 0.67371213 4294967295
1.510528 -2.6579895 0.67391729 4294967295
1.6559503 -2.9557703 0.74326795 4294967295
1.5061331 -2.57618 0.54577541 4294967295
1.4917749 -2.5879343 0.54628295 4294967295
1.4753804 -2.5961821 0.54611379 4294967295
1.7683427 -3.1562665 0.65455657 4294967295
1.461509 -2.5354631 0.42769125 4294967295
1.4518031 -2.5547214 0.4292908 4294967295
1.4293157 -2.5514781 0.42742467 4294967295
1.5190804 -2.7510428 0.45674944 4294967295
1.4115603 -2.5208414 0.31741926 4294967295
1.3797064 -2.4998343 0.31410733 4294967295
1.3652933 -2.5100012 0.31430215 4294967295
1.3468822 -2.4772127 0.20816657 4294967295
1.3226956 -2.4687169 0.20700334 4294967295
1.3047255 -2.4714911 0.206636 4294967295
1.3445165 -2.476758 0.18206663 4294967295
1.322227 -2.4717534 0.18128683 4294967295
1.3088987 -2.4833534 0.18149477 4294967295
1.3382853 -2.5773032 0.18653755 4294967295
1.307963 -2.4479275 0.15425698 4294967295
1.2915223 -2.4532545 0.15412875 4294967295
1.2732258 -2.4549243 0.15382951 4294967295
1.3731929 -2.5365469 0.13234313 4294967295
1.3105885 -2.4567297 0.12899272 4294967295
1.2848009 -2.4443743 0.12822212 4294967295
1.2697784 -2.4522116 0.12822212 4294967295
1.3229194 -2.470175 0.10670875 4294967295
1.2984015 -2.4605658 0.10620266 4294967295
1.2777426 -2.4578443 0.10589901 4294967295
1.2717562 -2.4834313 0.1064051 4294967295
1.1695712 -2.3936079 -0.088246129 4294967295
1.1522623 -2.395339 -0.087964535 4294967295
1.1838483 -2.3884413 -0.11336865 4294967295
1.1643529 -2.3857908 -0.11274886 4294967295
1.1427723 -2.3784924 -0.11184736 4294967295
1.1718929 -2.3681746 -0.13643214 4294967295
1.1494745 -2.3591731 -0.13525175 4294967295
1.1306627 -2.3571842 -0.13459598 4294967295
1.16828 -2.3647168 -0.16049603 4294967295
1.1498252 -2.3637688 -0.15982278 4294967295
1.1236788 -2.3464923 -0.15780306 4294967295
1.1572 -2.3704185 -0.18261975 4294967295
1.1378819 -2.3675959 -0.18170503 4294967295
1.1258919 -2.3799372 -0.18220396 4294967295
1.1133723 -2.3913171 -0.18261975 4294967295
1.1533808 -2.3654215 -0.20649545 4294967295
1.137552 -2.3697612 -0.20621835 4294967295
1.1127783 -2.3550906 -0.20400144 4294967295
1.0953672 -2.3555543 -0.20335485 4294967295
1.1507679 -2.3628821 -0.23103742 4294967295
1.126788 -2.3501627 -0.2287989 4294967295
1.1055549 -2.3426371 -0.22717088 4294967295
1.090741 -2.3484743 -0.22706914 4294967295
1.1476338 -2.3582065 -0.25485966 4294967295
1.1245604 -2.3472757 -0.25264069 4294967295
1.0986995 -2.3298578 -0.24964507 4294967295
1.0839649 -2.3356538 -0.24953412 4294967295
1.1351434 -2.3668747 -0.30133992 4294967295
1.1045073 -2.3397174 -0.29646543 4294967295
1.0805173 -2.3257651 -0.29351509 4294967295
1.0645765 -2.3287437 -0.29300198 4294967295
1.0951536 -2.3223321 -0.34341532 4294967295
1.0775546 -2.3218293 -0.3422384 4294967295
1.0587715 -2.3184986 -0.34062007 4294967295
1.0437154 -2.3231468 -0.34032583 4294967295
1.0349433 -2.3036041 -0.43085515 4294967295
1.0160241 -2.2991185 -0.42866009 4294967295
1.0007232 -2.3026042 -0.42811131 4294967295
0.97885549 -2.2906177 -0.4244529 4294967295
-5.0379734 0.27281827 1.4920431 4278190080
-5.0093565 0.30211097 1.4842595 4278190080
-4.9719448 0.33049089 1.4739741 4278190080
-4.9257522 0.35779831 1.4611868 4278190080
-4.8851585 0.38500327 1.4500674 4278190080
-4.8721757 0.41407782 1.4470096 4278190080
-4.8628469 0.44335577 1.4450636 4278190080
-4.8562107 0.47281364 1.4439517 4278190080
-4.8551292 0.50279945 1.4445076 4278190080
-4.9588976 0.54430056 1.475642 4278190080
-5.0232134 0.5825631 1.495379 4278190080
-5.0996394 0.62314767 1.5187297 4278190080
-5.1214447 0.65772617 1.5262353 4278190080
-5.1668177 0.69579679 1.5406905 4278190080
-5.1995482 0.73270822 1.551532 4278190080
-5.2652817 0.77493739 1.5721029 4278190080
-5.2860641 0.81115979 1.5796086 4278190080
-5.3227248 0.85023952 1.5918399 4278190080
-5.2889786 0.87816745 1.5835003 4278190080
-5.2730775 0.9088105 1.5804424 4278190080
-5.2579455 0.93946034 1.5776626 4278190080
-5.2360244 0.96873653 1.5729369 4278190080
-5.1912985 0.99344963 1.5615394 4278190080
-5.1483526 1.018023 1.550698 4278190080
-5.0412998 1.0290537 1.5209537 4278190080
-4.771687 1.0046018 1.4431177 4278190080
-4.7166162 1.0232795 1.4286624 4278190080
-4.6821232 1.0459234 1.4203229 4278190080
-4.6372328 1.0658175 1.4089255 4278190080
-4.6100383 1.0893946 1.4028099 4278190080
-4.5976663 1.1163019 1.4011419 4278190080
-4.579545 1.1417053 1.397806 4278190080
-4.5584936 1.1662146 1.3936363 4278190080
-4.5382433 1.1907524 1.3897445 4278190080
-4.5243578 1.2168308 1.3877987 4278190080
-4.4797616 1.2343688 1.3766792 4278190080
-4.4536128 1.2566192 1.3711195 4278190080
-4.4042869 1.2719368 1.3586102 4278190080
-4.3696828 1.2910488 1.3505486 4278190080
-4.3561611 1.3161705 1.3488806 4278190080
-4.3498392 1.3434411 1.3494366 4278190080
-4.3415141 1.370106 1.3494366 4278190080
-4.3293681 1.3955411 1.3483247 4278190080
-4.3170738 1.4208788 1.3472128 4278190080
-4.2827764 1.4387805 1.3394291 4278190080
-4.2893162 1.4703244 1.344155 4278190080
-4.2357802 1.4810882 1.3305336 4278190080
-4.1940379 1.4954426 1.3205261 4278190080
-4.1811714 1.5198367 1.3194143 4278190080
-4.1762714 1.5471308 1.3208041 4278190080
-4.1541171 1.5679803 1.3169124 4278190080
-4.1399345 1.5917171 1.3155224 4278190080
-4.1175666 1.6121887 1.3116306 4278190080
-4.0933189 1.6317348 1.3071829 4278190080
-4.0680971 1.6506833 1.3024571 4278190080
-4.0641074 1.6781788 1.3044031 4278190080
-4.045763 1.699737 1.3019012 4278190080
-4.0255404 1.7203788 1.2988434 4278190080
-3.6606805 2.0096276 1.2404664 4278190080
-3.6810129 2.0502741 1.2513078 4278190080
-3.6524718 2.0638463 1.2460262 4278190080
-3.6289041 2.0800109 1.2424123 4278190080
-3.6019537 2.0940337 1.2376865 4278190080
-5.0916109 -0.38134342 1.5095562 4278190080
-5.0660639 -0.34818 1.5014946 4278190080
-5.029757 -0.31468293 1.4903753 4278190080
-4.9711728 -0.28039664 1.4728621 4278190080
-4.9516935 -0.2488246 1.4667464 4278190080
-4.927217 -0.21728976 1.4592409 4278190080
-4.9236579 -0.18686986 1.4578509 4278190080
-5.027442 -0.15994097 1.4875953 4278190080
-5.3036857 0.026539506 1.5668212 4278190080
-5.266923 0.058681052 1.5562577 4278190080
-5.2424526 0.090586185 1.5493081 4278190080
-5.199544 0.12176894 1.5370767 4278190080
-5.1602921 0.15254146 1.5259573 4278190080
-5.1438994 0.18365569 1.5215095 4278190080
-5.106205 0.21369441 1.5109462 4278190080
-5.0760131 0.24364467 1.5026066 4278190080
-5.4408484 0.29265642 1.3869544 4278190080
-5.432169 0.32562992 1.3852657 4278190080
-5.3758407 0.35537866 1.3717561 4278190080
-5.3522639 0.38682184 1.3664486 4278190080
-5.3381796 0.41874653 1.3635538 4278190080
-5.267818 0.44577581 1.3466666 4278190080
-5.2456536 0.476338 1.3418417 4278190080
-5.2233133 0.50664502 1.3370168 4278190080
-5.1776309 0.53430879 1.3264021 4278190080
-5.1810079 0.56680578 1.3280908 4278190080
-5.1533308 0.59580266 1.3220596 4278190080
-5.1110439 0.62272316 1.3124099 4278190080
-5.0869117 0.65148664 1.3073437 4278190080
-5.0751233 0.68165487 1.3054138 4278190080
-5.037209 0.70805997 1.2969702 4278190080
-4.990521 0.73275828 1.2863555 4278190080
-4.9744196 0.7616052 1.2834606 4278190080
-4.9524016 0.78936666 1.2791182 4278190080
-4.9216142 0.81546044 1.2726046 4278190080
-4.9136486 0.84515053 1.2718809 4278190080
-4.8883061 0.87170982 1.2668147 4278190080
-4.8685503 0.89904654 1.263196 4278190080
-4.8314843 0.92289913 1.255235 4278190080
-4.7857413 0.94464099 1.2451026 4278190080
-4.7513266 0.96817988 1.2378653 4278190080
-4.7395978 0.99611861 1.2364179 4278190080
-4.7039928 1.0188185 1.2289393 4278190080
-4.6768136 1.0430188 1.223632 4278190080
-4.6741095 1.0725631 1.224597 4278190080
-4.6513829 1.097437 1.2204958 4278190080
-4.6219249 1.1204734 1.2147059 4278190080
-4.5772924 1.1394416 1.2050561 4278190080
-4.5485873 1.1619852 1.1995075 4278190080
-4.5329227 1.1876607 1.1973363 4278190080
-4.4486918 1.1948245 1.1775542 4278190080
-4.4478269 1.2238997 1.179243 4278190080
-4.4196825 1.2453812 1.1739357 4278190080
-4.3289647 1.2485566 1.1524649 4278190080
-4.3538013 1.2847018 1.1609083 4278190080
-4.3384037 1.3091506 1.1589785 4278190080
-4.2579517 1.3134471 1.1401614 4278190080
-4.2498126 1.3395487 1.1401614 4278190080
-4.2396655 1.3650054 1.1396788 4278190080
-4.2542596 1.3985664 1.14571 4278190080
-4.2686009 1.4323575 1.1517411 4278190080
-4.2248402 1.4465828 1.1425738 4278190080
-4.2103872 1.4705598 1.1411264 4278190080
-4.1903138 1.4924613 1.1382314 4278190080
-4.1482358 1.5062269 1.1295466 4278190080
-4.1516585 1.5363646 1.1329241 4278190080
-4.160316 1.5686541 1.137749 4278190080
-4.1569548 1.5965861 1.1394377 4278190080
-4.1416569 1.6199427 1.1379901 4278190080
-4.1424594 1.6496314 1.1408851 4278190080
-4.1295609 1.6739248 1.1401614 4278190080
-4.1434364 1.7092193 1.146675 4278190080
-4.1785116 1.7537565 1.1589785 4278190080
-4.214087 1.7991687 1.1715231 4278190080
-4.2074194 1.8269237 1.1727294 4278190080
-4.1916909 1.8507465 1.1715231 4278190080
-4.1740584 1.8736507 1.1698345 4278190080
-4.1465898 1.8919786 1.1654921 4278190080
-4.1243367 1.9124889 1.1625971 4278190080
-4.1160359 1.9394133 1.1635621 4278190080
-4.1031833 1.9642135 1.1633208 4278190080
-4.0526495 1.970687 1.152706 4278190080
-4.03613 1.9933686 1.1514999 4278190080
-3.9842758 2.0909183 1.1510174 4278190080
-3.9739411 2.1166942 1.1517411 4278190080
-3.9386795 2.1290438 1.1454687 4278190080
-3.9263928 2.1536374 1.14571 4278190080
-6.0480771 -0.75518829 1.5476233 4278190080
-6.0207953 -0.71428639 1.5396621 4278190080
-5.8466806 -0.36798623 1.4887596 4278190080
-5.8701439 -0.33331817 1.494067 4278190080
-5.9127855 -0.29936019 1.5041993 4278190080
-5.952322 -0.2647616 1.5136077 4278190080
-5.9567437 -0.22834578 1.5143315 4278190080
-6.0385389 -0.19439457 1.5343548 4278190080
-6.05514 -0.15774567 1.5382147 4278190080
-6.0860724 -0.1211922 1.5456933 4278190080
-6.0847607 -0.083819479 1.5452108 4278190080
-5.7891779 -0.044180423 1.4716313 4278190080
-5.731112 -0.0085622706 1.4571565 4278190080
-5.6708884 0.026332922 1.4421995 4278190080
-5.6541233 0.060952973 1.4380983 4278190080
-5.6526728 0.095628604 1.437857 4278190080
-5.6597409 0.13048874 1.4397869 4278190080
-5.5889897 0.1631851 1.4224174 4278190080
-5.526782 0.19532537 1.4072189 4278190080
-5.5070562 0.2284719 1.4026353 4278190080
-5.4638677 0.26027912 1.3922619 4278190080
-5.533226 0.29761094 1.1946626 4278190080
-5.5516634 0.50407594 1.2016387 4278190080
-5.5309305 0.53643286 1.1979455 4278190080
-5.5041695 0.56795251 1.1930212 4278190080
-5.4889054 0.60043943 1.190559 4278190080
-5.4530334 0.63040322 1.1837881 4278190080
-5.385911 0.65616679 1.1704514 4278190080
-5.3575134 0.6860975 1.1653219 4278190080
-5.3241014 0.71505392 1.1591666 4278190080
-5.3312445 0.74934143 1.1616287 4278190080
-5.3042736 0.77877277 1.1569096 4278190080
-4.3655686 1.0583743 0.97471029 4278190080
-4.2915578 1.0683671 0.96014255 4278190080
-4.2868185 1.0951637 0.96055293 4278190080
-4.2449861 1.1122746 0.95296127 4278190080
-4.2645488 1.1454039 0.95870632 4278190080
-4.3074565 1.185302 0.96958083 4278190080
-4.2963343 1.2106487 0.96876007 4278190080
-4.3236213 1.2470165 0.97635174 4278190080
-4.2961745 1.2677091 0.97204298 4278190080
-4.2648888 1.2869818 0.96691346 4278190080
-4.2466235 1.309955 0.96465647 4278190080
-4.2301044 1.3333408 0.96280986 4278190080
-4.2115946 1.3559736 0.96055293 4278190080
-4.1985464 1.3802625 0.95952702 4278190080
-4.2633052 1.4305817 0.9757362 4278190080
-4.2988954 1.4719236 0.9855848 4278190080
-4.4256182 1.5456876 1.0157461 4278190080
-4.436336 1.5800341 1.0202601 4278190080
-4.4587584 1.6189103 1.0274414 4278190080
-4.5175877 1.6717007 1.0428299 4278190080
-4.5649438 1.7211316 1.0557561 4278190080
-4.6008968 1.7669969 1.0662203 4278190080
-4.6346345 1.8126547 1.076274 4278190080
-4.3906322 1.7484055 1.0237482 4278190080
-4.3308372 1.755468 1.0126685 4278190080
-4.6846337 1.9323504 1.0953557 4278190080
-4.2475967 1.782737 0.99871629 4278190080
-4.2410793 1.8106868 0.99974215 4278190080
-5.5544906 2.4521589 1.3058698 4278190080
-5.5313034 2.4825888 1.3040231 4278190080
-5.5818624 2.5465336 1.3192065 4278190080
-5.8929105 2.7321911 1.3947124 4278190080
-5.8928585 2.776221 1.3986109 4278190080
-5.8977847 2.8228874 1.4037404 4278190080
-5.4868774 2.667778 1.3120252 4278190080
-5.7771163 2.9862971 1.396354 4278190080
-5.7630172 3.0239618 1.3973798 4278190080
-5.7469459 3.0606461 1.3979954 4278190080
-5.7771392 3.1223698 1.4096906 4278190080
-5.8608565 3.2142208 1.4343121 4278190080
-5.5048909 3.0631428 1.3536766 4278190080
-5.6129947 3.1685333 1.3842484 4278190080
-5.4668865 3.1304655 1.3536766 4278190080
-5.8337193 3.4361916 1.4523679 4278190080
-5.5167384 3.2952931 1.3801447 4278190080
-5.2402287 3.1739597 1.3173598 4278190080
-5.7337971 3.6680973 1.4599595 4278190080
-5.6938214 3.7920005 1.4671408 4278190080
-5.1712508 3.6303542 1.3575751 4278190080
-5.1576524 3.6682546 1.3598319 4278190080
-5.0608578 3.6937726 1.3464953 4278190080
-5.193152 3.8393576 1.3869157 4278190080
-5.196135 3.8910925 1.3938918 4278190080
-5.0770168 3.8507576 1.3688599 4278190080
-5.4666495 4.2528658 1.4849914 4278190080
-5.0875449 4.0083561 1.3908141 4278190080
-5.3528385 4.2708049 1.468577 4278190080
-5.3508964 4.3232484 1.4751428 4278190080
-5.3295717 4.3603373 1.4765791 4278190080
-5.4866357 4.5452838 1.5266428 4278190080
-5.5628824 4.6662807 1.5551628 4278190080
-5.5410118 4.8244338 1.5732186 4278190080
-5.4848719 4.8350458 1.5658321 4278190080
-5.3667378 4.7897644 1.5410054 4278190080
-5.3016605 4.7904558 1.5309516 4278190080
-5.3082786 4.8559222 1.5412105 4278190080
-5.3394265 4.944922 1.5586509 4278190080
-5.3161254 4.9842844 1.5607026 4278190080
-5.0352831 4.9587488 1.5145372 4278190080
-4.9072251 4.9527354 1.4946349 4278190080
-4.9075532 5.0142241 1.5038679 4278190080
-4.7610326 4.9246354 1.4689875 4278190080
-6.4687052 -0.76748836 1.3986109 4278190080
-6.4577312 -0.72603106 1.395328 4278190080
-6.4445462 -0.68453044 1.3916348 4278190080
-6.3882465 -0.63892764 1.3789136 4278190080
-6.3520947 -0.59596437 1.3705013 4278190080
-6.1437035 -0.38672376 1.3235153 4278190080
-6.0814691 -0.34534818 1.3099734 4278190080
-6.022871 -0.30494949 1.2972523 4278190080
-6.000185 -0.26689738 1.2921228 4278190080
-5.5876961 0.12883848 1.2047163 4278190080
-5.5515814 0.16209854 1.1973299 4278190080
-5.5230947 0.19519563 1.1915849 4278190080
-5.5149479 0.22879809 1.1901486 4278190080
-5.5075746 0.26235437 1.1889175 4278190080
-4.3192806 1.0191437 0.79531223 4278190080
-4.3608403 1.0572289 0.80377108 4278190080
-4.4240913 1.1013339 0.81612104 4278190080
-4.4153404 1.1279713 0.81578267 4278190080
-4.3597102 1.1423111 0.80715466 4278190080
-4.3497634 1.1682739 0.80664712 4278190080
-4.4090352 1.2132331 0.81848955 4278190080
-4.3948669 1.2383937 0.81730527 4278190080
-4.3720331 1.2609695 0.81459844 4278190080
-4.3490882 1.283312 0.81189162 4278190080
-4.3165979 1.302575 0.80749297 4278190080
-4.2830944 1.3211976 0.80292523 4278190080
-4.2730269 1.346861 0.80258685 4278190080
-4.2900143 1.3812051 0.80715466 4278190080
-4.2580495 1.3998115 0.80292523 4278190080
-4.2260194 1.4180779 0.79869574 4278190080
-4.2554712 1.4570644 0.80563205 4278190080
-4.4493055 1.5539558 0.84251273 4278190080
-4.4526863 1.5858542 0.84488124 4278190080
-4.5132837 1.6386967 0.85773873 4278190080
-4.5512118 1.6841366 0.86653596 4278190080
-4.6016626 1.7349685 0.87770164 4278190080
-4.6240549 1.7758863 0.88379204 4278190080
-4.6451993 1.8167847 0.88971323 4278190080
-4.709969 1.8755033 0.90375501 4278190080
-4.7723637 1.9343438 0.91745836 4278190080
-4.7895627 1.9756116 0.92287207 4278190080
-4.8320394 2.0628631 0.93539119 4278190080
-5.0435104 2.1897836 0.9773472 4278190080
-5.6539464 2.4960494 1.094418 4278190080
-5.6565089 2.5387633 1.0978016 4278190080
-5.754159 2.7108994 1.1253775 4278190080
-5.8583288 2.8040087 1.1483856 4278190080
-5.6220655 2.7334845 1.1065989 4278190080
-5.4911795 2.7536848 1.0879893 4278190080
-6.0173512 3.1104393 1.1962628 4278190080
-5.5263433 2.9431968 1.1082906 4278190080
-5.8614249 3.2145324 1.1810369 4278190080
-5.764935 3.2077961 1.1659801 4278190080
-5.5600166 3.2292364 1.1372199 4278190080
-5.6749954 3.4372122 1.1724088 4278190080
-5.8830996 3.612741 1.2185943 4278190080
-5.7495337 3.5795054 1.1960937 4278190080
-5.5274124 3.4884963 1.1554911 4278190080
-5.5955753 3.5796967 1.1737622 4278190080
-5.4097548 3.5078137 1.1402651 4278190080
-5.7505655 3.779057 1.2147032 4278190080
-5.8298173 3.8825476 1.2358505 4278190080
-5.8875861 3.9733696 1.2527682 4278190080
-5.5490389 3.7947109 1.1874657 4278190080
-5.5070162 3.8157794 1.1835746 4278190080
-5.4754319 3.8438363 1.1818827 4278190080
-5.6139979 3.9927275 1.2160566 4278190080
-5.3238859 3.8358533 1.1598897 4278190080
-5.3854399 3.9306083 1.1779917 4278190080
-5.1781316 3.8282561 1.1389117 4278190080
-5.2673693 3.9444213 1.1631041 4278190080
-5.2195072 3.9588022 1.1580287 4278190080
-5.1169505 3.9307239 1.141111 4278190080
-5.3090134 4.1302609 1.1881423 4278190080
-5.7055368 4.4951267 1.2803441 4278190080
-5.4397655 4.3401427 1.2280682 4278190080
-5.5763412 4.5053506 1.2641031 4278190080
-5.7255831 4.6842489 1.3033522 4278190080
-5.6686487 4.6960316 1.2970927 4278190080
-5.6518106 4.7408586 1.2997994 4278190080
-5.6211123 4.7741723 1.2994611 4278190080
-5.6305747 4.8419843 1.3082584 4278190080
-5.5940685 4.8706179 1.3067358 4278190080
-5.5603805 4.9015927 1.3058898 4278190080
-5.4963717 4.9054337 1.2981077 4278190080
-5.5071254 4.9760647 1.3075817 4278190080
-5.4641252 4.9984546 1.3047056 4278190080
-5.4159956 5.0158172 1.3006454 4278190080
-5.2441792 4.9168448 1.2674866 4278190080
-5.0130181 4.7582917 1.2199477 4278190080
-5.0619097 4.8640695 1.2385572 4278190080
-5.0128922 4.8764844 1.2339895 4278190080
-4.9224772 4.8476844 1.2194402 4278190080
-4.9736147 4.9585061 1.2390648 4278190080
-4.7835279 4.8279214 1.2001539 4278190080
-5.0089169 5.1177664 1.2627497 4278190080
-5.0980039 5.2730999 1.2925248 4278190080
-4.5345502 4.7483826 1.1605664 4278190080
-4.5810847 4.8564043 1.1795143 4278190080
-4.6714835 5.0134797 1.209797 4278190080
-4.4750843 4.8622236 1.1678411 4278190080
-5.1254826 5.637733 1.3414172 4278190080
-5.1770692 5.76513 1.3635794 4278190080
-5.1422515 5.7975249 1.3637486 4278190080
-4.418716 5.0439687 1.1845896 4278190080
-4.2567525 4.9197035 1.1502466 4278190080
-6.7969723 -0.67986125 1.2060752 4278190080
-4.3914723 0.97943509 0.63922936 4278190080
-4.3853798 1.0063622 0.63922936 4278190080
-4.4254246 1.0441673 0.6456275 4278190080
-4.3861852 1.0633684 0.64109546 4278190080
-4.4093928 1.0976777 0.64522761 4278190080
-4.4544296 1.1379496 0.65242547 4278190080
-4.3984666 1.1524582 0.6456275 4278190080
-4.3080359 1.157075 0.63403088 4278190080
-4.26932 1.1748157 0.62963217 4278190080
-4.2210102 1.1894388 0.62390047 4278190080
-4.1783967 1.2051606 0.61896861 4278190080
-4.1661706 1.2293745 0.61830217 4278190080
-4.171833 1.2589204 0.62016827 4278190080
-4.2000194 1.2955889 0.62523347 4278190080
-4.2250762 1.3317568 0.62989873 4278190080
-4.2432413 1.3661559 0.63363099 4278190080
-4.1688695 1.3705126 0.62430036 4278190080
-4.162261 1.3966967 0.62456697 4278190080
-4.1695538 1.4276644 0.62683296 4278190080
-4.1775579 1.4591005 0.62923229 4278190080
-4.2236142 1.5043148 0.63709664 4278190080
-4.5142899 1.6390618 0.68001741 4278190080
-4.5692153 1.6907951 0.68934798 4278190080
-4.6051254 1.7362734 0.69601274 4278190080
-4.6499004 1.7858071 0.70401037 4278190080
-4.6840849 1.8319857 0.71054178 4278190080
-4.7436595 1.8889122 0.72080547 4278190080
-4.8164873 1.9522197 0.73306853 4278190080
-4.8328218 1.9934471 0.73720068 4278190080
-5.593677 2.3474026 0.84996766 4278190080
-4.7004323 2.0067034 0.72147197 4278190080
-5.6562738 2.4557199 0.86343038 4278190080
-5.579443 2.4631705 0.85436636 4278190080
-5.4557157 2.4486759 0.83837104 4278190080
-5.8716159 2.6786752 0.90208572 4278190080
-5.5439491 2.5704536 0.85596591 4278190080
-5.5423846 2.6528368 0.86049789 4278190080
-5.5236316 2.72767 0.86263061 4278190080
-5.4961596 2.7561812 0.86103112 4278190080
-5.9324741 3.1128507 0.93514276 4278190080
-5.9272594 3.1566453 0.93727541 4278190080
-5.3691912 3.6236088 0.90528482 4278190080
-5.7307796 4.1289401 0.98406172 4278190080
-5.3322539 3.8918004 0.92194659 4278190080
-5.6007757 4.140636 0.97086561 4278190080
-6.02987 4.5152602 1.0472432 4278190080
-6.1110325 4.63481 1.0656378 4278190080
-5.9213428 4.5484715 1.0383126 4278190080
-5.9074039 4.5956707 1.0407119 4278190080
-5.874423 4.6281519 1.0399121 4278190080
-5.8629599 4.6777058 1.0428445 4278190080
-4.4841628 3.6231487 0.80944622 4278190080
-5.972353 4.8860908 1.0719028 4278190080
-5.8636422 4.8575306 1.0581734 4278190080
-5.9878821 5.0226965 1.0852321 4278190080
-5.9667716 5.0676823 1.086965 4278190080
-5.9460859 5.1132441 1.0888311 4278190080
-5.8271379 5.0734992 1.0732356 4278190080
-5.9148622 5.214004 1.0945628 4278190080
-5.9079013 5.2726331 1.0990947 4278190080
-4.2383685 3.8299189 0.80238158 4278190080
-5.3525162 5.2710853 1.0444441 4278190080
-5.0771995 5.0617514 0.99832422 4278190080
-4.9769793 5.023119 0.9851281 4278190080
-5.0389671 5.1484623 1.0029895 4278190080
-5.3062863 5.4884863 1.0608393 4278190080
-5.2615566 5.5094752 1.0587065 4278190080
-5.4731879 5.8018818 1.1068258 4278190080
-4.5867553 4.9225702 0.93900824 4278190080
-5.3847961 5.8503809 1.1034935 4278190080
-5.3094583 5.8400497 1.0956291 4278190080
-5.329154 5.9344535 1.1068258 4278190080
-5.2992177 5.9744544 1.1081587 4278190080
-5.1089664 5.8316898 1.0768346 4278190080
-4.5613618 5.2716608 0.97166538 4278190080
-4.5482488 5.3221498 0.9756642 4278190080
-4.312839 5.1098962 0.93340993 4278190080
-4.4972582 1.0038345 0.48564494 4278190080
-4.4851937 1.0300747 0.48506048 4278190080
-4.5155973 1.0662605 0.48876202 4278190080
-4.5070357 1.0934786 0.4885672 4278190080
-4.5002413 1.1211126 0.4885672 4278190080
-4.4788136 1.1450095 0.48710608 4278190080
-4.4447465 1.1654067 0.48437861 4278190080
-4.3952198 1.1812989 0.48009261 4278190080
-4.289052 1.1810495 0.47005945 4278190080
-4.2395749 1.1954678 0.46577346 4278190080
-4.210166 1.2151157 0.46353304 4278190080
-4.1940398 1.238391 0.46265638 4278190080
-4.2768793 1.291415 0.47191024 4278190080
-4.2327356 1.3064859 0.4682087 4278190080
-4.1838236 1.3195683 0.4640201 4278190080
-4.1244907 1.3287451 0.45875999 4278190080
-4.1162601 1.3540275 0.45875999 4278190080
-4.1899624 1.4068029 0.46723461 4278190080
-4.1680694 1.4279722 0.46587086 4278190080
-4.1855378 1.4627085 0.46859834 4278190080
-4.2918034 1.5294341 0.48057967 4278190080
-4.3674679 1.5866483 0.4894439 4278190080
-4.3968525 1.6279233 0.49353507 4278190080
-4.3430123 1.6383688 0.48895684 4278190080
-4.5800128 1.7599006 0.51486772 4278190080
-4.6924024 1.8361843 0.52782315 4278190080
-4.7707367 1.9006567 0.5372718 4278190080
-4.8014131 1.9470912 0.54175264 4278190080
-4.7930555 1.9780335 0.54214227 4278190080
-5.0970201 2.1769915 0.5771122 4278190080
-5.0041437 2.1737397 0.56863755 4278190080
-4.9779654 2.1987758 0.56727386 4278190080
-6.1356606 2.755028 0.69293171 4278190080
-6.0326228 2.7533774 0.68367785 4278190080
-5.0847254 2.3586931 0.58324897 4278190080
-5.9117975 2.8308635 0.67617732 4278190080
-5.5515161 2.7003961 0.63886958 4278190080
-6.1202259 3.0235088 0.70277005 4278190080
-5.7199068 2.8695986 0.66098148 4278190080
-5.7101731 2.9087057 0.6618582 4278190080
-5.7037115 2.9496295 0.6631245 4278190080
-5.6722865 2.9776344 0.66166335 4278190080
-5.8111458 3.0961311 0.67909962 4278190080
-5.720994 3.1846642 0.67549545 4278190080
-5.4259486 3.8604493 0.6864053 4278190080
-5.4659486 3.9396341 0.69410062 4278190080
-5.4738274 3.9965692 0.69799697 4278190080
-5.4371977 4.0212054 0.69653583 4278190080
-5.5924559 4.1893215 0.71855032 4278190080
-5.9589176 4.5789852 0.77017719 4278190080
-5.9982615 4.6680212 0.77855438 4278190080
-5.8420844 4.6043363 0.76267672 4278190080
-5.8479519 4.6674089 0.76696271 4278190080
-5.6156116 4.5386944 0.74134409 4278190080
-5.9596925 4.8774753 0.78839272 4278190080
-5.6767488 4.763464 0.75994927 4278190080
-4.5255504 3.8452597 0.61588103 4278190080
-4.3166509 3.7599864 0.59493804 4278190080
-4.3472495 3.8337903 0.60195154 4278190080
-4.3264585 3.9108713 0.60545826 4278190080
-5.1923509 4.7515669 0.72351819 4278190080
-5.0723395 5.0586767 0.73579174 4278190080
-5.4992995 5.5520973 0.79949737 4278190080
-5.5911231 5.7144823 0.81712842 4278190080
-5.14853 5.3272138 0.75975442 4278190080
-5.5893083 5.8546433 0.82686937 4278190080
-5.0909643 5.3986812 0.76092333 4278190080
-4.5328283 4.9877453 0.69429547 4278190080
-4.4762068 4.9865832 0.6904965 4278190080
-4.2454367 4.7883391 0.66098148 4278190080
-4.373363 4.9939733 0.68435973 4278190080
-4.3511033 5.030498 0.68562603 4278190080
-4.2451558 4.9693317 0.67432654 4278190080
-4.2953663 5.1548414 0.69137317 4278190080
-4.2769384 5.197237 0.69341874 4278190080
-4.4927135 0.9171682 0.31646961 4278190080
-4.4840708 0.94410133 0.31628594 4278190080
-4.4781933 0.97159731 0.31628594 4278190080
-4.488708 1.002753 0.31732672 4278190080
-4.4250755 1.0170954 0.31371459 4278190080
-4.4517794 1.0520266 0.31579617 4278190080
-4.4694905 1.0852056 0.31732672 4278190080
-4.4666214 1.1135745 0.31757161 4278190080
-4.4606719 1.1412075 0.31763285 4278190080
-4.4410343 1.1652653 0.31683695 4278190080
-4.4222336 1.1893843 0.31610227 4278190080
-4.4004178 1.2125218 0.31518394 4278190080
-4.3804064 1.2359781 0.31438804 4278190080
-4.3430114 1.254253 0.31249014 4278190080
-4.3227892 1.2772033 0.31169423 4278190080
-4.2995825 1.2990873 0.31071466 4278190080
-4.3096514 1.3310375 0.31187791 4278190080
-4.253808 1.3424455 0.30881676 4278190080
-4.1970387 1.3529129 0.3056944 4278190080
-4.1952953 1.380823 0.30612296 4278190080
-4.2094531 1.4141632 0.3075923 4278190080
-4.244132 1.4548453 0.31040856 4278190080
-4.2464323 1.4848107 0.31114322 4278190080
-4.2795515 1.5259153 0.31389827 4278190080
-4.2053766 1.5286298 0.30967388 4278190080
-4.1884298 1.5516323 0.3091841 4278190080
-4.2712846 1.6121798 0.31524515 4278190080
-4.693624 1.8044769 0.34365252 4278190080
-4.7187138 1.8474277 0.34604019 4278190080
-4.778687 1.904792 0.35075435 4278190080
-4.8085327 1.9509573 0.35350937 4278190080
-4.9966841 2.0630529 0.36679471 4278190080
-5.9189415 2.4862833 0.42899701 4278190080
-6.284502 2.6852622 0.45440444 4278190080
-6.0811505 2.6426435 0.44191501 4278190080
-6.2446852 2.7593575 0.45397589 4278190080
-6.3988152 2.8744946 0.46548578 4278190080
-6.3529091 2.9008541 0.46358788 4278190080
-6.7895207 3.1506395 0.49432167 4278190080
-6.357461 2.9977469 0.4663429 4278190080
-5.7988176 2.7780282 0.42960924 4278190080
-5.4666214 2.6602986 0.40812007 4278190080
-6.2972627 4.6588225 0.51568842 4278190080
-5.7360044 4.4655833 0.48109758 4278190080
-5.3471255 4.2158513 0.45287389 4278190080
-5.2977543 4.2299008 0.4510372 4278190080
-5.5868549 4.5170741 0.47589365 4278190080
-5.3834538 4.4630022 0.46413887 4278190080
-5.1587114 4.3304081 0.4483434 4278190080
-4.6148281 3.9224856 0.40671194 4278190080
-4.3788166 3.7684562 0.38956958 4278190080
-4.2765861 3.7264152 0.38314119 4278190080
-4.3928776 3.8753841 0.3945286 4278190080
-4.4114537 3.9401581 0.3980183 4278190080
-4.4464283 4.0206995 0.40291613 4278190080
-5.8537893 5.3585901 0.52199435 4278190080
-5.8259249 5.3991561 0.52242291 4278190080
-5.8305416 5.4703102 0.52560651 4278190080
-5.5761142 5.2963524 0.50693357 4278190080
-5.6291375 5.4127846 0.51421911 4278190080
-4.685257 4.5610332 0.43628252 4278190080
-5.3482785 5.2705989 0.49579102 4278190080
-4.9214854 4.9706006 0.46426132 4278190080
-4.5307312 4.6325459 0.43267038 4278190080
-4.5258036 4.6846623 0.43475196 4278190080
-4.3805022 4.5903263 0.42440531 4278190080
-4.3399286 4.6040463 0.42330331 4278190080
-4.3496923 4.6714911 0.42673177 4278190080
-4.3101339 4.6863399 0.42575222 4278190080
-5.306304 5.8406839 0.51923937 4278190080
-5.2883673 5.8931885 0.52089238 4278190080
-4.4385815 5.1334238 0.45146576 4278190080
-4.4008427 5.2832689 0.45697582 4278190080
-4.4417443 0.93861544 0.27169284 4278190080
-4.4476109 0.9684006 0.27231669 4278190080
-4.4542537 0.99851143 0.27299252 4278190080
-4.4616666 1.0289644 0.27372035 4278190080
-4.4290323 1.0501025 0.27231669 4278190080
-4.4603472 1.0864739 0.27434421 4278190080
-4.4594097 1.115275 0.27465612 4278190080
-4.4631228 1.1453464 0.27522799 4278190080
-4.43573 1.1673738 0.27413625 4278190080
-4.4034142 1.1878083 0.27278459 4278190080
-4.3844919 1.2116135 0.27216074 4278190080
-4.3616004 1.2341441 0.27132893 4278190080
-4.3232493 1.2519957 0.26966533 4278190080
-4.3183584 1.2793499 0.26982132 4278190080
-4.3018255 1.3032175 0.26935342 4278190080
-4.2698989 1.3222049 0.26805374 4278190080
-4.2426624 1.342356 0.267014 4278190080
-4.1820807 1.3514769 0.26415467 4278190080
-4.1547418 1.3708552 0.26311493 4278190080
-4.1576095 1.4001464 0.26373878 4278190080
-4.2074971 1.4457474 0.26696199 4278190080
-4.2494397 1.4893705 0.26976931 4278190080
-4.216711 1.5070158 0.26846963 4278190080
-4.1933093 1.5277338 0.26768982 4278190080
-4.1613874 1.5450937 0.26644212 4278190080
-4.3377085 1.6409014 0.27678761 4278190080
-4.6909943 1.8074989 0.2970627 4278190080
-4.7095642 1.8479193 0.29872629 4278190080
-4.684226 1.8712256 0.29794648 4278190080
-4.8030982 1.9529623 0.30527669 4278190080
-4.7854877 1.9801061 0.30496475 4278190080
-4.743794 1.9970345 0.30330116 4278190080
-4.7645006 2.0402546 0.30517271 4278190080
-4.7775292 2.0806139 0.30662838 4278190080
-4.7920675 2.1220181 0.30818799 4278190080
-6.3999133 2.8809953 0.40072548 4278190080
-5.9916248 2.7415559 0.37837094 4278190080
-5.9746904 2.7782681 0.37837094 4278190080
-5.336935 2.561857 0.34353939 4278190080
-6.2685575 3.3474641 0.40530038 4278190080
-6.2852507 4.778204 0.44637039 4278190080
-6.0560317 4.7223368 0.43514112 4278190080
-5.4320664 4.2896762 0.39568272 4278190080
-5.4360614 4.3472495 0.39771023 4278190080
-5.2873192 4.3357468 0.39131579 4278190080
-5.385087 4.4714522 0.39973775 4278190080
-5.2726998 4.4330783 0.39396712 4278190080
-5.9298062 5.0479264 0.44075575 4278190080
-4.5628023 3.932848 0.34894606 4278190080
-4.6401658 4.0494108 0.35596436 4278190080
-4.3652635 3.856966 0.33860061 4278190080
-4.4427452 3.9742241 0.34567088 4278190080
-4.3353696 3.9263322 0.33984828 4278190080
-5.946938 5.5200386 0.45775563 4278190080
-5.7022014 5.4246569 0.44507071 4278190080
-5.6019115 5.3951197 0.44023588 4278190080
-5.1432395 5.0146022 0.4093034 4278190080
-4.9687977 4.9043632 0.39880195 4278190080
-4.6482582 4.6446562 0.37743515 4278190080
-5.255784 5.3165016 0.42453569 4278190080
-5.5063109 5.7083387 0.44824195 4278190080
-4.6837463 4.9156618 0.38882038 4278190080
-4.7356324 5.0315704 0.39505887 4278190080
-4.7855897 5.1475658 0.40124536 4278190080
-5.3517284 5.8277764 0.44725418 4278190080
-5.0320487 5.5476279 0.42526352 4278190080
-5.0438976 5.6297193 0.42885065 4278190080
-4.5830903 5.3088837 0.40046555 4278190080
-4.4972963 5.2745938 0.39620259 4278190080
-4.4156876 0.9924708 0.22915067 4278190080
-4.3890734 1.0148185 0.22825298 4278190080
-4.5460587 1.0805545 0.23543456 4278190080
-4.4743156 1.0925455 0.23257048 4278190080
-4.4743114 1.1216799 0.23286971 4278190080
-4.4586363 1.146872 0.23248498 4278190080
-4.4350929 1.1698751 0.23175827 4278190080
-4.4056487 1.1910679 0.23077509 4278190080
-4.3655214 1.2090098 0.22932166 4278190080
-4.2695932 1.2106924 0.22538888 4278190080
-4.240016 1.2304616 0.22440569 4278190080
-4.2314286 1.2561703 0.22436295 4278190080
-4.2045217 1.2763048 0.223508 4278190080
-4.171802 1.2943801 0.22239657 4278190080
-4.237113 1.3432055 0.22568813 4278190080
-4.282969 1.3867239 0.22812474 4278190080
-4.253511 1.4060775 0.22718428 4278190080
-4.3479867 1.4669704 0.23184377 4278190080
-4.2198768 1.4526395 0.22645758 4278190080
-4.2108841 1.4785048 0.22645758 4278190080
-4.518714 1.6178237 0.2408635 4278190080
-4.5246568 1.6513436 0.2415902 4278190080
-4.2438216 1.578405 0.22923617 4278190080
-4.6021466 1.7439221 0.2460787 4278190080
-4.6696515 1.8023511 0.24966949 4278190080
-4.6854696 1.8415697 0.25090918 4278190080
-4.7807512 1.9129742 0.25582513 4278190080
-4.7670727 1.9415185 0.25573963 4278190080
-4.6932335 1.9451001 0.25287557 4278190080
-5.5345807 2.3337462 0.29250252 4278190080
-6.0490246 2.5945294 0.31712511 4278190080
-4.7298946 2.063117 0.25629535 4278190080
-4.8267388 2.140713 0.26142508 4278190080
-4.8116913 2.1694674 0.26133958 4278190080
-4.8282609 2.212688 0.26275024 4278190080
-7.7163239 3.5938687 0.39971334 4278190080
-5.6974759 2.6961756 0.30519855 4278190080
-6.3816571 3.3626516 0.34414154 4278190080
-6.2763286 3.3565111 0.34003779 4278190080
-6.2508526 4.8189845 0.37320986 4278190080
-6.2825885 4.9052081 0.37654418 4278190080
-5.8495607 4.6251435 0.35457194 4278190080
-5.3105521 4.470387 0.33251423 4278190080
-5.2959485 4.5139055 0.33324093 4278190080
-5.4617772 4.7134252 0.34418431 4278190080
-4.5615554 3.9855819 0.29468265 4278190080
-4.4981041 3.9790719 0.29245979 4278190080
-4.5502572 4.0752549 0.29686278 4278190080
-5.1779361 4.6950388 0.33456609 4278190080
-5.6443381 5.1814432 0.36333519 4278190080
-5.9036999 5.4866848 0.38034871 4278190080
-5.287097 4.9744062 0.34610793 4278190080
-5.1940117 5.0083976 0.34422705 4278190080
-4.7914362 4.6772542 0.32199833 4278190080
-5.0653634 5.005743 0.34020877 4278190080
-4.692008 4.6940084 0.31947622 4278190080
-4.6546946 4.7141781 0.31896326 4278190080
-4.5691795 4.6847143 0.31550071 4278190080
-4.6436281 4.8198709 0.32187009 4278190080
-4.6697536 4.9068975 0.32533264 4278190080
-4.6744552 4.9725847 0.32751277 4278190080
-4.7431054 5.1080685 0.33375388 4278190080
-5.4335542 5.9241972 0.37945101 4278190080
-5.3971019 5.9574256 0.37945101 4278190080
-4.435195 5.2081304 0.3281967 4278190080
-4.6288643 5.5036325 0.3432011 4278190080
-4.4449968 5.3513184 0.33315542 4278190080
-4.487587 1.0701554 0.19030513 4278190080
-4.4828777 1.0981464 0.19037214 4278190080
-4.4809012 1.1268518 0.19053966 4278190080
-4.4526134 1.1488278 0.18980257 4278190080
-4.4261575 1.1710109 0.1891325 4278190080
-4.4073143 1.1950065 0.18873043 4278190080
-4.3642702 1.2121241 0.18749079 4278190080
-4.3307962 1.2314942 0.18658619 4278190080
-4.3001285 1.2513379 0.18578209 4278190080
-4.2933273 1.2779847 0.18581559 4278190080
-4.2825365 1.3034304 0.18571508 4278190080
-4.228653 1.3154246 0.18410689 4278190080
-4.2328839 1.345284 0.18454243 4278190080
-4.2407093 1.3764797 0.185112 4278190080
-4.249259 1.4081366 0.18571508 4278190080
-4.232965 1.43162 0.18544704 4278190080
-4.2033176 1.45039 0.18470995 4278190080
-4.2282758 1.4881048 0.1859161 4278190080
-4.5069008 1.6173733 0.19616833 4278190080
-4.5813613 1.6759133 0.1991837 4278190080
-4.6262407 1.7245994 0.20116045 4278190080
-4.6492052 1.7657334 0.20236659 4278190080
-4.6364193 1.7935057 0.20229958 4278190080
-4.6225376 1.820821 0.20219907 4278190080
-4.6279745 1.8558488 0.20280214 4278190080
-4.6498098 1.8978125 0.20400828 4278190080
-4.7515984 1.9734781 0.20812929 4278190080
-4.9198298 2.0788708 0.21469608 4278190080
-6.5009022 2.7943881 0.2728591 4278190080
-5.296864 2.3152747 0.22943786 4278190080
-7.6825609 3.4147925 0.31748649 4278190080
-6.3645778 2.8757048 0.26977673 4278190080
-6.2805152 2.8842466 0.26733094 4278190080
-5.3696375 2.5460541 0.23486552 4278190080
-5.5844059 2.6900213 0.24344255 4278190080
-6.7630892 3.5704646 0.29202342 4278190080
-6.2521553 3.34987 0.27342868 4278190080
-6.6485262 3.6149883 0.28934312 4278190080
-6.8169785 3.7609851 0.29664698 4278190080
-6.7623787 3.7851655 0.29544085 4278190080
-5.6044321 4.0593715 0.26763248 4278190080
-5.6011739 4.1096492 0.26853707 4278190080
-5.6884661 4.3924932 0.27657807 4278190080
-5.792872 4.5301476 0.28217325 4278190080
-6.0054774 4.7561264 0.29245898 4278190080
-5.1696649 4.4132118 0.26351148 4278190080
-5.2037292 4.4977951 0.26622531 4278190080
-5.1782894 4.5316148 0.26632583 4278190080
-4.5759416 4.0542107 0.24059471 4278190080
-4.5279183 4.0615206 0.23955609 4278190080
-5.8189883 5.2847319 0.2991598 4278190080
-5.8254414 5.3561931 0.30093551 4278190080
-4.960772 4.6174974 0.2628414 4278190080
-5.1898065 4.8905206 0.27470183 4278190080
-4.9384418 4.711144 0.2644496 4278190080
-4.8296528 4.6642804 0.26073065 4278190080
-4.7316308 4.6260448 0.25748074 4278190080
-5.2422347 5.1886849 0.28291032 4278190080
-4.7196851 4.7290406 0.25962502 4278190080
-4.7565265 4.8248219 0.26277438 4278190080
-5.5376573 5.6867514 0.3017396 4278190080
-4.6179838 4.8007059 0.25895494 4278190080
-5.4922352 5.7803645 0.30294576 4278190080
-4.7591019 5.0705585 0.26877162 4278190080
-4.9092999 5.2953763 0.2777172 4278190080
-5.061635 5.5273809 0.2868973 4278190080
-5.4425735 6.01719 0.30763632 4278190080
-5.4182 6.0646338 0.3082729 4278190080
-5.3564215 6.0700355 0.30703324 4278190080
-4.5534859 5.2242084 0.26796752 4278190080
-4.4744039 5.1975083 0.26555523 4278190080
-4.4553742 5.2400951 0.26622531 4278190080
-4.4128556 5.2550869 0.26568925 4278190080
-4.5775061 1.0234144 0.1545091 4278190080
-4.5857544 1.0548409 0.15488866 4278190080
-4.5714126 1.0811195 0.15468623 4278190080
-4.5540071 1.1065544 0.15440787 4278190080
-4.4850521 1.1190001 0.15278839 4278190080
-4.4519525 1.1398091 0.15210515 4278190080
-4.4390731 1.1655821 0.15195332 4278190080
-4.4231491 1.1904612 0.15172559 4278190080
-4.3849211 1.2090811 0.15091585 4278190080
-4.3158441 1.2185903 0.14929634 4278190080
-4.2967606 1.2417207 0.1489927 4278190080
-4.2813907 1.2657957 0.14879026 4278190080
-4.2362223 1.2807662 0.14780338 4278190080
-4.2588491 1.3161747 0.14861313 4278190080
-4.2602262 1.3452902 0.14886618 4278190080
-4.2595034 1.3738587 0.14906861 4278190080
-4.2215567 1.3902805 0.14828417 4278190080
-4.2176847 1.417749 0.14841069 4278190080
-4.1947212 1.4387393 0.14803112 4278190080
-4.1961946 1.4680799 0.14830947 4278190080
-4.2520795 1.516965 0.15005548 4278190080
-4.2953057 1.5621507 0.15147254 4278190080
-4.6006155 1.705156 0.15997487 4278190080
-4.6405711 1.7524149 0.16134132 4278190080
-4.6418614 1.7855195 0.16167028 4278190080
-4.7052884 1.8431243 0.16369465 4278190080
-4.7486796 1.8938001 0.16518763 4278190080
-4.7258539 1.9183916 0.16488397 4278190080
-4.6446929 1.9187382 0.16298613 4278190080
-4.7203894 1.9839845 0.16539006 4278190080
-4.7412205 2.0270531 0.16630103 4278190080
-4.7121906 2.048934 0.16584554 4278190080
-6.4231162 2.8395176 0.21354467 4278190080
-6.4785218 2.9116509 0.21556902 4278190080
-6.7906256 3.1020942 0.22475459 4278190080
-5.492528 2.5912063 0.18950531 4278190080
-5.5666795 2.6680539 0.19203578 4278190080
-6.8379951 3.539057 0.23067586 4278190080
-6.6895909 3.5144758 0.22705731 4278190080
-6.6114421 3.5253594 0.22543781 4278190080
-6.6925602 3.6215129 0.22839844 4278190080
-6.9488854 3.8154833 0.23644529 4278190080
-6.8711948 3.8278911 0.23487641 4278190080
-6.7239871 3.800149 0.23128317 4278190080
-5.6211925 4.107151 0.21200109 4278190080
-5.7134199 4.4496102 0.21908636 4278190080
-5.7244749 4.5149131 0.22032629 4278190080
-5.7786884 4.6154504 0.22298327 4278190080
-6.1238298 5.1421814 0.23819132 4278190080
-5.2805972 4.5459146 0.21215291 4278190080
-5.1764827 4.511898 0.20959714 4278190080
-5.0977254 4.4986024 0.20787643 4278190080
-5.4159684 4.838799 0.21961775 4278190080
-5.8651619 5.3050928 0.23596451 4278190080
-5.8155413 5.3254547 0.23538251 4278190080
-5.817215 5.3929772 0.23657182 4278190080
-5.2751756 4.9511027 0.21890923 4278190080
-4.8004031 4.5613213 0.20339753 4278190080
-4.9884892 4.798573 0.21098889 4278190080
-4.764123 4.6394119 0.20410605 4278190080
-4.8046298 4.7366247 0.2065606 4278190080
-4.8122745 4.8027329 0.20787643 4278190080
-4.8797736 4.9302077 0.21136847 4278190080
-5.5323071 5.6583385 0.23609103 4278190080
-5.4801202 5.6742029 0.23545842 4278190080
-5.4921293 5.7569022 0.23717913 4278190080
-4.9306049 5.2970715 0.21895984 4278190080
-5.3371878 5.8047752 0.23538251 4278190080
-5.4418035 6.0662689 0.24206291 4278190080
-4.6638627 5.2638555 0.2137977 4278190080
-5.3946056 6.1641846 0.24312571 4278190080
-5.0395837 5.8303947 0.23085299 4278190080
-4.5428128 5.3214417 0.21288674 4278190080
-4.5641074 0.99543279 0.11094143 4278190080
-4.5540113 1.022543 0.1108772 4278190080
-4.5690842 1.055416 0.11123044 4278190080
-4.55474 1.081584 0.11110199 4278190080
-4.4741912 1.0915055 0.10988171 4278190080
-4.4548006 1.1157807 0.10967298 4278190080
-4.4575548 1.1455821 0.10983355 4278190080
-4.4591436 1.1752043 0.10997805 4278190080
-4.4354386 1.1981114 0.10970509 4278190080
-4.3952389 1.2162398 0.10915918 4278190080
-4.3732629 1.239098 0.10891833 4278190080
-4.3454108 1.260062 0.10858115 4278190080
-4.3117151 1.2790253 0.10814763 4278190080
-4.2750807 1.2967523 0.10766593 4278190080
-4.2622685 1.3214792 0.10758565 4278190080
-4.245501 1.3448901 0.10744115 4278190080
-4.2704659 1.3816853 0.10800312 4278190080
-4.2960868 1.4191506 0.10858115 4278190080
-4.2844558 1.4445261 0.10853298 4278190080
-4.2670021 1.4678611 0.10838847 4278190080
-4.2748981 1.4999731 0.10867748 4278190080
-4.2477264 1.5197765 0.10837241 4278190080
-4.2157764 1.5375905 0.10798706 4278190080
-4.6158395 1.7156348 0.11500368 4278190080
-4.6351485 1.7552541 0.11551749 4278190080
-4.6849298 1.807047 0.11656115 4278190080
-4.7398319 1.861709 0.11770115 4278190080
-4.7812395 1.9119151 0.11861636 4278190080
-4.7870145 1.948377 0.11892143 4278190080
-4.7370939 1.9620279 0.11826312 4278190080
-4.7443156 1.9992099 0.1186003 4278190080
-4.7255263 2.0255258 0.11848791 4278190080
-6.2345543 2.717649 0.14514144 4278190080
-5.7451591 2.5464084 0.1368403 4278190080
-6.6693091 3.00506 0.15339439 4278190080
-7.1861959 3.291127 0.16285157 4278190080
-7.0155635 3.4771581 0.1616634 4278190080
-6.890451 3.5211325 0.16018622 4278190080
-6.8491898 3.5532162 0.15983298 4278190080
-6.7794838 3.5700195 0.15896595 4278190080
-6.7018948 3.5818608 0.15795439 4278190080
-6.3271842 3.4821007 0.15190116 4278190080
-5.8537021 4.5678706 0.15516059 4278190080
-6.2954831 4.9750304 0.16477834 4278190080
-5.77847 4.6243677 0.15477523 4278190080
-5.7694073 4.6754737 0.15517664 4278190080
-5.4870791 4.5027528 0.14991017 4278190080
-6.1345787 5.0973597 0.16400763 4278190080
-6.1360869 5.1625834 0.16469805 4278190080
-5.016499 4.3808937 0.14287749 4278190080
-5.220994 4.6162329 0.14783889 4278190080
-5.0919938 4.5581565 0.14567129 4278190080
-4.7201471 4.2777796 0.13822114 4278190080
-4.7439108 4.3526254 0.13931298 4278190080
-4.7229753 4.3870955 0.13944143 4278190080
-4.8882723 4.5968151 0.1436803 4278190080
-4.8085561 4.577776 0.14254031 4278190080
-5.1655588 4.9783897 0.15113045 4278190080
-4.9252157 4.8054104 0.14642593 4278190080
-4.9255166 4.8650503 0.1471003 4278190080
-4.7732487 4.7728772 0.14432256 4278190080
-5.0966396 5.1591396 0.15238284 4278190080
-4.5907116 4.7044349 0.14148058 4278190080
-5.4853945 5.690639 0.16285157 4278190080
-4.7849965 5.0254354 0.14735721 4278190080
-4.6140742 4.9665756 0.14478819 4278190080
-5.3190727 5.7962866 0.16225749 4278190080
-4.5458856 5.0774808 0.14536622 4278190080
-5.4254336 6.1351337 0.16744369 4278190080
-5.3600602 6.1366806 0.16676933 4278190080
-5.2824631 6.1232734 0.16578989 4278190080
-4.6017156 0.97512996 0.067273051 4278190080
-4.5682907 0.99737322 0.067087352 4278190080
-4.5572071 1.0242882 0.06705419 4278190080
-4.4725003 1.1212257 0.066656254 4278190080
-4.4568205 1.1464049 0.066596568 4278190080
-4.4322982 1.1691378 0.066477187 4278190080
-4.4047699 1.1908302 0.066337913 4278190080
-4.3819613 1.2135637 0.066231795 4278190080
-4.356154 1.2352437 0.066105783 4278190080
-4.275507 1.2407635 0.065601736 4278190080
-4.2534342 1.2627045 0.065502256 4278190080
-4.2762251 1.298076 0.065714486 4278190080
-4.2605395 1.321919 0.06566143 4278190080
-4.2342372 1.3422936 0.065535419 4278190080
-4.1859651 1.3553095 0.065256864 4278190080
-4.2051039 1.3900722 0.065449193 4278190080
-4.2268147 1.4260796 0.06566143 4278190080
-4.2340584 1.4575223 0.065774173 4278190080
-4.3193841 1.5166087 0.066437393 4278190080
-4.3109388 1.5434206 0.066444024 4278190080
-4.2299967 1.5437829 0.065939978 4278190080
-4.226068 1.5718006 0.065979771 4278190080
-4.6567631 1.7646219 0.069103539 4278190080
-4.6887603 1.8097278 0.069408618 4278190080
-4.7371297 1.8618774 0.069833085 4278190080
-4.8045292 1.9224904 0.070396818 4278190080
-4.7806034 1.9470302 0.0703106 4278190080
-4.7611766 1.9732634 0.070257545 4278190080
-4.7351584 1.9966117 0.070158057 4278190080
-4.7338462 2.030359 0.070237644 4278190080
-6.8779564 3.0002153 0.08584322 4278190080
-7.0120702 3.110074 0.086950794 4278190080
-7.5753551 3.4157131 0.091188774 4278190080
-5.7152638 2.6192403 0.077771828 4278190080
-5.4180799 2.52337 0.075715847 4278190080
-6.8679886 3.4589405 0.087076806 4278190080
-6.6694632 3.4104116 0.085757002 4278190080
-6.8347874 3.5480292 0.087149762 4278190080
-6.4466395 3.3968959 0.084404029 4278190080
-6.6205492 3.5406141 0.085869744 4278190080
-6.4448972 3.4976931 0.084709115 4278190080
-5.843533 4.4480467 0.084782064 4278190080
-5.7923727 4.4655008 0.084583104 4278190080
-5.8949118 4.6025023 0.085677415 4278190080
-5.8900919 4.6571937 0.085876383 4278190080
-5.8731136 4.7026224 0.085975863 4278190080
-5.4618421 4.540782 0.083183706 4278190080
-5.7261019 4.8202229 0.085717209 4278190080
-5.7862549 5.0557442 0.087037012 4278190080
-5.6547651 5.0023656 0.086148299 4278190080
-5.2351422 4.6887021 0.08268629 4278190080
-4.7203341 4.2800789 0.078335568 4278190080
-5.6928492 5.2259793 0.087328836 4278190080
-4.8688831 4.5248947 0.080159418 4278190080
-4.747808 4.4669719 0.079310499 4278190080
-5.2235279 4.975369 0.083919883 4278190080
-4.7876487 4.6165252 0.08018595 4278190080
-4.9023395 4.7855234 0.081512392 4278190080
-5.2235622 5.2258348 0.085080519 4278190080
-5.5556045 5.6961703 0.088847607 4278190080
-4.6904769 4.9286752 0.081200674 4278190080
-5.1937437 5.6627131 0.087037012 4278190080
-4.5963054 5.0734272 0.081479229 4278190080
-4.6811109 5.2312012 0.082633235 4278190080
-5.1575012 5.8352799 0.087726764 4278190080
-5.3793783 6.1621246 0.090326585 4278190080
-4.5961847 1.0383228 0.024705045 4278190080
-4.5829091 1.0649194 0.02472215 4278190080
-4.5607271 1.0892998 0.024761245 4278190080
-4.5374475 1.1132097 0.024802784 4278190080
-4.4694424 1.1256326 0.024956722 4278190080
-4.4430885 1.1480285 0.02500559 4278190080
-4.4166288 1.1701435 0.025054459 4278190080
-4.3948908 1.1932882 0.025091112 4278190080
-4.3730354 1.2162105 0.025127763 4278190080
-4.3424091 1.2364433 0.025186406 4278190080
-4.30018 1.252987 0.02527437 4278190080
-4.269412 1.2724894 0.025333013 4278190080
-4.2471762 1.2942867 0.025369665 4278190080
-4.2124233 1.3119911 0.025438081 4278190080
-4.1766605 1.3290147 0.025508942 4278190080
-4.1665254 1.3539987 0.02551383 4278190080
-4.1856618 1.3886757 0.025442969 4278190080
-4.2225237 1.4297351 0.025325684 4278190080
-4.2580924 1.4709717 0.025210841 4278190080
-4.2725644 1.5053835 0.025149753 4278190080
-4.5239167 1.6252718 0.024472916 4278190080
-4.2415628 1.5532285 0.025181519 4278190080
-4.3125196 1.6093072 0.024971381 4278190080
-4.6857743 1.781507 0.023969565 4278190080
-4.681282 1.8127537 0.02395246 4278190080
-4.7528615 1.8741044 0.023734992 4278190080
-4.8210769 1.9352823 0.023524854 4278190080
-4.8489146 1.9810972 0.023419786 4278190080
-4.8385143 2.0115805 0.023414899 4278190080
-5.8022771 2.4543083 0.020824833 4278190080
-6.5035639 2.7982285 0.018918935 4278190080
-6.8655324 3.0040815 0.017907344 4278190080
-7.6902342 3.4214253 0.015652031 4278190080
-7.6490517 3.4594793 0.015705787 4278190080
-5.4834948 2.5204301 0.02147235 4278190080
-6.795177 3.1742053 0.017892683 4278190080
-6.6593366 3.2108712 0.018154133 4278190080
-6.6336985 3.4016285 0.018002639 4278190080
-6.6118145 3.4418063 0.018005082 4278190080
-5.4211745 4.574007 0.01888717 4278190080
-5.6940651 4.8644376 0.017919561 4278190080
-5.8024392 5.081542 0.017372226 4278190080
-5.7651649 5.1117411 0.017391773 4278190080
-4.7582073 4.271153 0.020595148 4278190080
-4.7267308 4.2955599 0.020612251 4278190080
-4.8165445 4.4314747 0.020226186 4278190080
-4.7109761 4.3880057 0.020487634 4278190080
-4.6766882 4.4099679 0.020512071 4278190080
-5.2548871 5.016613 0.018466895 4278190080
-5.1336093 5.0226684 0.018669702 4278190080
-4.5016971 4.458662 0.020736868 4278190080
-5.219861 5.2339973 0.018156575 4278190080
-4.9420495 5.0165663 0.019011786 4278190080
-5.6621928 5.818738 0.016380182 4278190080
-4.6788201 4.9275451 0.01961532 4278190080
-4.6521287 5.0836616 0.019380748 4278190080
-5.3208179 5.8866892 0.016829778 4278190080
-4.5876603 0.99700862 -0.014452764 4278190080
-4.6136599 1.0323387 -0.014809851 4278190080
-4.6160088 1.0626456 -0.014907238 4278190080
-4.6035633 1.0895681 -0.014842314 4278190080
-4.6842413 1.1390429 -0.015816187 4278190080
-4.5258126 1.1300036 -0.014128138 4278190080
-4.4752021 1.1465921 -0.013641201 4278190080
-4.4506736 1.169459 -0.013446426 4278190080
-4.4202404 1.190509 -0.013186727 4278190080
-4.3877888 1.2106981 -0.012905385 4278190080
-4.3648806 1.2332512 -0.012732252 4278190080
-4.3197665 1.2491841 -0.012310239 4278190080
-4.2861295 1.268012 -0.012018077 4278190080
-4.2485967 1.2853171 -0.011682631 4278190080
-4.2310762 1.3084095 -0.011574423 4278190080
-4.2105727 1.3304321 -0.011433752 4278190080
-4.1899581 1.3522525 -0.011293082 4278190080
-4.2129245 1.3882574 -0.011650168 4278190080
-4.2934232 1.4440287 -0.012667326 4278190080
-4.2381349 1.4544499 -0.012137106 4278190080
-4.2300744 1.4807575 -0.012147927 4278190080
-4.2463379 1.5157562 -0.012440089 4278190080
-4.3205934 1.572199 -0.013403143 4278190080
-4.6380916 1.7199622 -0.017179612 4278190080
-4.6854496 1.7702909 -0.017850505 4278190080
-4.6950312 1.8069048 -0.018088562 4278190080
-4.6847868 1.8360436 -0.018099383 4278190080
-4.8257565 1.9255031 -0.019873999 4278190080
-4.8305283 1.9618472 -0.020068774 4278190080
-6.9698925 2.9809005 -0.045681678 4278190080
-6.8872809 2.9956994 -0.044924222 4278190080
-7.7202048 3.4143569 -0.054998413 4278190080
-7.798522 3.5063484 -0.056177884 4278190080
-7.4230623 3.3924854 -0.051968582 4278190080
-5.436532 4.681777 -0.041288424 4278190080
-4.904943 4.2767897 -0.034070928 4278190080
-4.9295897 4.351799 -0.034806747 4278190080
-4.7931852 4.2840242 -0.033216082 4278190080
-4.7779317 4.3234167 -0.033378396 4278190080
-4.6923208 4.2986236 -0.032512728 4278190080
-4.9657574 4.6054006 -0.036938448 4278190080
-4.9461546 4.6439958 -0.0370683 4278190080
-5.1408215 4.8864126 -0.040401116 4278190080
-5.1850576 5.0509887 -0.041980956 4278190080
-5.2224741 5.2138391 -0.043506693 4278190080
-5.605381 5.6651144 -0.049890984 4278190080
-4.8736014 4.9865174 -0.039102614 4278190080
-5.6222653 5.8233876 -0.051243585 4278190080
-4.7204647 5.0731449 -0.038637318 4278190080
-4.68045 5.0924439 -0.038496647 4278190080
-4.6349983 5.1055212 -0.038269412 4278190080
-5.3493648 5.9653425 -0.05035628 4278190080
-4.6133285 5.2735014 -0.039470524 4278190080
-4.5864177 0.99945593 -0.057731137 4278190080
-4.5792232 1.0273601 -0.057711069 4278190080
-4.5591946 1.0522913 -0.057430089 4278190080
-4.5409784 1.077477 -0.057189249 4278190080
-4.4604578 1.0873283 -0.055663932 4278190080
-4.4692202 1.1185597 -0.055985052 4278190080
-4.4593678 1.1452154 -0.055924844 4278190080
-4.4416213 1.1697557 -0.055704072 4278190080
-4.4015412 1.1881301 -0.055021696 4278190080
-4.3806772 1.2113854 -0.054740716 4278190080
-4.3385296 1.2284384 -0.054018199 4278190080
-4.2819347 1.2408469 -0.052994631 4278190080
-4.2646546 1.264256 -0.052793931 4278190080
-4.2501192 1.2883698 -0.052653443 4278190080
-4.1886525 1.2978563 -0.051529527 4278190080
-4.1663127 1.3190075 -0.051228479 4278190080
-4.1781187 1.3510051 -0.051649947 4278190080
-4.1982327 1.3860173 -0.052252043 4278190080
-4.2834496 1.4433514 -0.054238968 4278190080
-4.2660031 1.466682 -0.054058339 4278190080
-4.2144666 1.4779441 -0.053155191 4278190080
-4.1864896 1.4970442 -0.052753791 4278190080
-4.2072849 1.5336591 -0.053396031 4278190080
-4.2043557 1.5618824 -0.053536519 4278190080
-4.6388588 1.7557304 -0.063069738 4278190080
-4.7184896 1.8190404 -0.065016523 4278190080
-4.7854161 1.8786435 -0.066702403 4278190080
-4.7906723 1.9832333 -0.067585476 4278190080
-4.8862205 2.0579906 -0.06993366 4278190080
-7.4412699 3.1878669 -0.12600906 4278190080
-7.3951907 3.2761083 -0.12586857 4278190080
-7.564568 3.4068122 -0.13004312 4278190080
-5.3735204 2.4599025 -0.082136184 4278190080
-7.5113134 3.4943244 -0.12980229 4278190080
-5.7705865 4.9141364 -0.11565298 4278190080
-4.6893334 4.1962633 -0.08982297 4278190080
-5.0036044 4.5330539 -0.099035069 4278190080
-4.6816959 4.2940388 -0.091027163 4278190080
-4.6706467 4.3369699 -0.091448635 4278190080
-4.6760011 4.3956761 -0.092331715 4278190080
-4.6561847 4.4311771 -0.092532411 4278190080
-5.1468701 5.0198979 -0.1078257 4278190080
-4.4543052 4.3981233 -0.089160658 4278190080
-5.740932 5.8092489 -0.1274541 4278190080
-5.4327955 5.5653563 -0.11962683 4278190080
-5.5415125 5.7468405 -0.12376124 4278190080
-5.6971617 5.9812613 -0.12932061 4278190080
-5.182817 5.5085907 -0.11533186 4278190080
-4.6251898 5.1009092 -0.10172445 4278190080
-4.5261626 0.98900336 -0.10085414 4278190080
-4.4966049 1.0114906 -0.10014214 4278190080
-4.472785 1.0350049 -0.099608153 4278190080
-4.4498196 1.0584965 -0.099103831 4278190080
-4.4500375 1.0874416 -0.099311493 4278190080
-4.4452205 1.1152126 -0.099370822 4278190080
-4.4286141 1.1399746 -0.099074163 4278190080
-4.421536 1.1671265 -0.099074163 4278190080
-4.4075375 1.192407 -0.0988665 4278190080
-4.3760571 1.2127534 -0.098124839 4278190080
-4.3396859 1.2313941 -0.097234853 4278190080
-4.2552576 1.2356938 -0.094861552 4278190080
-4.2169342 1.2526702 -0.093912236 4278190080
-4.198648 1.2753249 -0.093585908 4278190080
-4.1821527 1.2983954 -0.093318909 4278190080
-4.1788707 1.3255436 -0.093467243 4278190080
-4.2315154 1.3708797 -0.095365882 4278190080
-4.2828097 1.4165969 -0.097234853 4278190080
-4.2825603 1.445727 -0.097501852 4278190080
-4.2698283 1.4706748 -0.097383186 4278190080
-4.356914 1.5306457 -0.10040914 4278190080
-4.5855088 1.6426487 -0.1079147 4278190080
-4.6035104 1.6810414 -0.10880469 4278190080
-4.6296434 1.7228544 -0.10996167 4278190080
-4.6703892 1.7707214 -0.11159331 4278190080
-4.7144494 1.8205932 -0.11334363 4278190080
-4.770164 1.8758277 -0.1154796 4278190080
-4.9684253 2.06019 -0.12298515 4278190080
-5.3111739 2.2406254 -0.13443632 4278190080
-4.8591824 2.0851316 -0.12028553 4278190080
-7.7677503 3.3900073 -0.21489118 4278190080
-7.6691446 3.4031417 -0.21236955 4278190080
-5.3302102 2.4044108 -0.13689862 4278190080
-7.477797 3.428669 -0.20750429 4278190080
-4.7636995 4.112401 -0.15012977 4278190080
-5.7581115 5.0329285 -0.19032753 4278190080
-5.4441805 4.81776 -0.17911369 4278190080
-5.2544618 4.7076631 -0.17273545 4278190080
-4.6968775 4.2603054 -0.15155375 4278190080
-4.7133479 4.3282595 -0.15327439 4278190080
-4.6735249 4.3448472 -0.1527404 4278190080
-4.9750371 4.6824198 -0.16611987 4278190080
-4.9158201 4.683897 -0.1648739 4278190080
-4.9992118 4.8222322 -0.16950183 4278190080
-5.15975 5.0385842 -0.17739305 4278190080
-5.8342719 5.9109998 -0.20984791 4278190080
-5.671598 5.8171425 -0.20447832 4278190080
-5.0408988 5.2340865 -0.1790247 4278190080
-5.2043428 5.4705982 -0.1874499 4278190080
-5.1316633 5.4609075 -0.18575893 4278190080
-4.617599 5.2262225 -0.17033248 4278190080
-4.3823695 1.0466661 -0.13787113 4278190080
-4.4331203 1.087594 -0.14015658 4278190080
-4.4360528 1.1172168 -0.14054395 4278190080
-4.4291139 1.1444149 -0.14054395 4278190080
-4.4191113 1.1708016 -0.14042774 4278190080
-4.4022012 1.1952746 -0.14004038 4278190080
-4.3803444 1.2182447 -0.13945933 4278190080
-4.3583717 1.2409916 -0.13887829 4278190080
-4.3247743 1.2601583 -0.13783239 4278190080
-4.27387 1.273819 -0.13608925 4278190080
-4.2372994 1.2912749 -0.13492714 4278190080
-4.2464685 1.322602 -0.13562441 4278190080
-4.2201824 1.3428726 -0.13488841 4278190080
-4.2251673 1.3730681 -0.13543072 4278190080
-4.2100244 1.3967636 -0.13515957 4278190080
-4.2051601 1.4238521 -0.13531451 4278190080
-4.2671757 1.4741116 -0.13821976 4278190080
-4.2571082 1.4999344 -0.13818102 4278190080
-4.2957821 1.5432662 -0.14015658 4278190080
-4.5986695 1.6840745 -0.15305588 4278190080
-4.6603312 1.7391735 -0.1560386 4278190080
-4.6887984 1.7826574 -0.15766554 4278190080
-4.6982708 1.8193356 -0.15851775 4278190080
-4.7465091 1.8715984 -0.16099688 4278190080
-4.9239006 2.0117481 -0.16940273 4278190080
-4.9649763 2.0641804 -0.17164946 4278190080
-4.92553 2.0833132 -0.17052609 4278190080
-7.8871446 3.5090556 -0.29785335 4278190080
-5.3208456 2.4062049 -0.18958451 4278190080
-7.4776158 3.4373467 -0.28224251 4278190080
-5.5468574 4.564724 -0.24168526 4278190080
-5.9386148 4.9486279 -0.26287419 4278190080
-4.7705874 4.0753298 -0.20643494 4278190080
-4.7538047 4.1117167 -0.20686103 4278190080
-4.7397609 4.1506844 -0.20744209 4278190080
-5.3152561 4.7713151 -0.24009706 4278190080
-5.0973301 4.6324434 -0.23021922 4278190080
-4.7158799 4.3388338 -0.21162564 4278190080
-4.6562686 4.3370357 -0.2098825 4278190080
-5.1558542 4.8619251 -0.23792781 4278190080
-4.6092 4.4000592 -0.21023113 4278190080
-5.2157826 5.040812 -0.24439682 4278190080
-5.5139866 5.3949137 -0.26225439 4278190080
-5.5553164 5.5024886 -0.26632175 4278190080
-5.1520333 5.3597813 -0.25140816 4278190080
-5.5909905 5.8884463 -0.27798146 4278190080
-5.2348757 5.5815058 -0.25985274 4278190080
-4.7428737 5.119411 -0.23374425 4278190080
-5.1653137 5.6445885 -0.25981399 4278190080
-5.7031727 6.3881688 -0.29518053 4278190080
-4.5612936 5.236867 -0.23242721 4278190080
-4.4830794 1.1201763 -0.18018614 4278190080
-4.4703159 1.1461755 -0.17990455 4278190080
-4.4409785 1.1677449 -0.17882511 4278190080
-4.4154038 1.1900367 -0.17793339 4278190080
-4.3791308 1.2091364 -0.17652543 4278190080
-4.362978 1.2335392 -0.17610304 4278190080
-4.3313375 1.2533498 -0.17492974 4278190080
-4.2948294 1.2714021 -0.17352177 4278190080
-4.248703 1.2861615 -0.17164449 4278190080
-4.2311883 1.309256 -0.17117517 4278190080
-4.2354574 1.3391056 -0.1717853 4278190080
-4.2822971 1.382862 -0.17450735 4278190080
-4.2177572 1.3906678 -0.17173836 4278190080
-4.1911559 1.4104713 -0.17084664 4278190080
-4.2372217 1.4549662 -0.17356871 4278190080
-4.2404709 1.4852282 -0.17417882 4278190080
-4.2491522 1.5175993 -0.17507054 4278190080
-4.2378831 1.5429599 -0.17497668 4278190080
-4.2255263 1.5678922 -0.17483588 4278190080
-4.6708913 1.7657276 -0.19769181 4278190080
-4.7186999 1.8169577 -0.20064853 4278190080
-4.769774 1.870298 -0.20379299 4278190080
-7.895154 3.4933596 -0.36871243 4278190080
-5.3081474 2.3880506 -0.2365516 4278190080
-5.2952113 2.4214063 -0.23664546 4278190080
-7.7226162 3.5884326 -0.36317444 4278190080
-5.7799492 4.8569355 -0.31779107 4278190080
-4.7776012 4.1159186 -0.25936061 4278190080
-5.7503691 5.0779748 -0.32351682 4278190080
-4.7988415 4.3438592 -0.26719826 4278190080
-4.7735705 4.3745718 -0.26729214 4278190080
-4.671937 4.3344922 -0.26250505 4278190080
-4.6459813 4.3637609 -0.26255199 4278190080
-4.6690731 4.4396734 -0.26579031 4278190080
-4.6028776 4.4308357 -0.26325598 4278190080
-4.892561 4.7677908 -0.28404689 4278190080
-5.3235455 5.3165798 -0.31657085 4278190080
-5.9497933 6.0152259 -0.36059317 4278190080
-5.2132201 5.3357854 -0.31356719 4278190080
-5.5210185 5.7205424 -0.33661085 4278190080
-4.7689033 5.0024753 -0.28780147 4278190080
-5.6702518 6.0212736 -0.35167608 4278190080
-5.793777 6.2285447 -0.36275205 4278190080
-4.4695821 1.119482 -0.22295827 4278190080
-4.4597278 1.1461405 -0.22278924 4278190080
-4.4400601 1.1701763 -0.22205676 4278190080
-4.4135189 1.1921918 -0.22092988 4278190080
-4.3859134 1.2136599 -0.21974665 4278190080
-4.3534079 1.2334737 -0.2182817 4278190080
-4.3275375 1.2548804 -0.21721116 4278190080
-4.2948689 1.2740293 -0.21574621 4278190080
-4.2344217 1.2844222 -0.21264727 4278190080
-4.2188315 1.308015 -0.21219651 4278190080
-4.2392807 1.3429202 -0.21388684 4278190080
-4.2556596 1.3768959 -0.21535179 4278190080
-4.2717805 1.411123 -0.21681675 4278190080
-4.2895322 1.4462373 -0.21839438 4278190080
-4.2701921 1.4689583 -0.2177746 4278190080
-4.2658091 1.4967846 -0.21805632 4278190080
-4.482163 1.6036376 -0.23157895 4278190080
-4.5735421 1.6680497 -0.23766413 4278190080
-4.4284549 1.6459994 -0.22955056 4278190080
-4.6937213 1.7774307 -0.24617212 4278190080
-4.7106729 1.8169748 -0.24786244 4278190080
-4.6985059 1.8454797 -0.2478061 4278190080
-4.567503 1.8264605 -0.24053769 4278190080
-7.9858665 3.5394263 -0.45588553 4278190080
-5.3514628 2.4113271 -0.29417744 4278190080
-7.8080258 3.6340058 -0.44895518 4278190080
-7.8045354 3.6908095 -0.45013842 4278190080
-4.7896056 4.0802593 -0.31801108 4278190080
-5.7571855 4.9657431 -0.39199111 4278190080
-5.7988038 5.0640182 -0.39740017 4278190080
-5.7391987 5.0743747 -0.39525908 4278190080
-4.7568889 4.3110747 -0.32522315 4278190080
-5.2968369 4.859899 -0.36860824 4278190080
-4.8492045 4.5043368 -0.33643565 4278190080
-5.0215001 4.7220888 -0.35193032 4278190080
-4.6366401 4.4141254 -0.32420895 4278190080
-6.0681477 5.8482041 -0.43853149 4278190080
-5.1810002 5.0549521 -0.37142545 4278190080
-5.5880957 5.5875912 -0.40889439 4278190080
-5.2484674 5.3128171 -0.38438463 4278190080
-5.2325058 5.3620701 -0.38573688 4278190080
-5.5140953 5.7204113 -0.4113172 4278190080
-4.775929 5.0159135 -0.35378969 4278190080
-4.4797697 1.1255506 -0.26634076 4278190080
-4.4631166 1.1505253 -0.26568496 4278190080
-4.4366794 1.1727874 -0.26437342 4278190080
-4.4111009 1.1950296 -0.26312748 4278190080
-4.3681097 1.2121983 -0.26070109 4278190080
-4.3509912 1.2362498 -0.26004532 4278190080
-4.3145795 1.2545637 -0.25807801 4278190080
-4.2895851 1.275892 -0.25689763 4278190080
-4.2587638 1.2952187 -0.25532377 4278190080
-4.2602649 1.3242882 -0.25597954 4278190080
-4.2444506 1.3479871 -0.25545493 4278190080
-4.2370491 1.374313 -0.25552049 4278190080
-4.2777929 1.4166 -0.2589305 4278190080
-4.2794185 1.4463364 -0.25965187 4278190080
-4.2732935 1.4735432 -0.25984859 4278190080
-4.3554783 1.5318553 -0.2662096 4278190080
-4.5150628 1.6191927 -0.2780135 4278190080
-4.6184402 1.6883273 -0.28594837 4278190080
-4.6341753 1.7263889 -0.28778452 4278190080
-4.6841331 1.7778095 -0.29204705 4278190080
-4.0598025 1.5693786 -0.24883161 4278190080
-7.6782541 3.3541429 -0.51343596 4278190080
-7.75565 3.5019119 -0.5220266 4278190080
-7.7871504 3.6318312 -0.52746952 4278190080
-5.8061986 4.9541068 -0.46438417 4278190080
-5.7892828 5.0013819 -0.46556455 4278190080
-4.7623739 4.2697535 -0.38313389 4278190080
-5.3267703 4.8950505 -0.43821883 4278190080
-5.3243957 4.9534717 -0.44071075 4278190080
-4.8072381 4.5276508 -0.39677396 4278190080
-4.6031618 4.389039 -0.38077313 4278190080
-4.6220908 4.461555 -0.38497007 4278190080
-5.0777669 4.9619918 -0.42936587 4278190080
-5.4430442 5.3846569 -0.465958 4278190080
-5.240623 5.3132191 -0.45323601 4278190080
-4.7638154 5.0110083 -0.4171685 4278190080
-4.4634628 1.1249568 -0.30793607 4278190080
-4.4458566 1.149575 -0.3071132 4278190080
-4.4146233 1.1704392 -0.3052431 4278190080
-4.3929243 1.1935802 -0.30412102 4278190080
-4.3807149 1.2191745 -0.303747 4278190080
-4.3683567 1.244664 -0.30337298 4278190080
-4.3233032 1.2605511 -0.3004556 4278190080
-4.2734432 1.2745067 -0.29716417 4278190080
-4.2951097 1.3097262 -0.29948312 4278190080
-4.322216 1.3470407 -0.30225089 4278190080
-4.3100686 1.3723249 -0.30195168 4278190080
-4.2693262 1.3882548 -0.29940832 4278190080
-4.2749228 1.4191401 -0.3005304 4278190080
-4.2869115 1.4523872 -0.30217609 4278190080
-4.2835736 1.4806195 -0.30262494 4278190080
-4.3505812 1.5337448 -0.30868411 4278190080
-4.3457799 1.562098 -0.30905813 4278190080
-4.6057577 1.6875864 -0.33060187 4278190080
-4.6504307 1.7364047 -0.33501536 4278190080
-4.6909475 1.784415 -0.33912963 4278190080
-7.8834386 3.4512565 -0.60820204 4278190080
-7.8930874 3.5133538 -0.61074543 4278190080
-7.8513947 3.5526726 -0.60909975 4278190080
-5.840219 4.9910932 -0.53893292 4278190080
-5.8192868 5.0353174 -0.53990537 4278190080
-5.5444613 4.9177413 -0.51858604 4278190080
-5.7780676 5.2530947 -0.54843313 4278190080
-5.8036842 5.3418064 -0.55434269 4278190080
-5.8911633 5.4894986 -0.56668544 4278190080
-4.8927193 4.6153498 -0.46719524 4278190080
-4.7042265 4.492372 -0.45058858 4278190080
-4.3943524 4.3007221 -0.42388332 4278190080
-5.1625795 5.1151915 -0.50781417 4278190080
-5.2493625 5.2654276 -0.52038139 4278190080
-5.2344465 5.3153028 -0.52225149 4278190080
-4.6531677 4.9022393 -0.4696638 4278190080
-4.4554491 1.1440299 -0.34635404 4278190080
-4.4415994 1.1695714 -0.34577197 4278190080
-4.41221 1.1908344 -0.34385937 4278190080
-4.3913722 1.2141694 -0.34269518 4278190080
-4.3311 1.2261714 -0.33812159 4278190080
-4.2718048 1.2377571 -0.33363119 4278190080
-4.2755957 1.2673414 -0.33462906 4278190080
-4.2639241 1.2923965 -0.33429644 4278190080
-4.293992 1.3303242 -0.33762267 4278190080
-4.3351555 1.3722758 -0.34194678 4278190080
-4.3304467 1.4000756 -0.3422794 4278190080
-4.3132572 1.4238105 -0.34153101 4278190080
-4.3138838 1.4534293 -0.34236255 4278190080
-4.2596459 1.4643296 -0.33837107 4278190080
-4.3267584 1.5171335 -0.34510672 4278190080
-4.2920308 1.5345995 -0.3428615 4278190080
-4.5943379 1.6744859 -0.37055248 4278190080
-4.6671243 1.7335117 -0.37795335 4278190080
-4.6750417 1.7691669 -0.37961647 4278190080
-4.6492195 1.792087 -0.37828597 4278190080
-4.5315571 1.8109319 -0.36972091 4278190080
-4.7271476 1.9227734 -0.38834786 4278190080
-7.9317298 3.512856 -0.68637919 4278190080
-7.8282413 3.5246446 -0.67889518 4278190080
-5.8307014 5.0264716 -0.60488629 4278190080
-5.8027534 5.064774 -0.60521889 4278190080
-5.5415468 4.8970633 -0.57960683 4278190080
-5.7810154 5.1721425 -0.60979247 4278190080
-5.8141737 5.2663817 -0.61711019 4278190080
-5.8008485 5.3194671 -0.61927229 4278190080
-4.6755667 4.3946218 -0.49794757 4278190080
-4.6925578 4.4651256 -0.50302011 4278190080
-4.9399886 4.7585897 -0.53486884 4278190080
-5.0840888 4.9578562 -0.55507576 4278190080
-5.2879281 5.2847123 -0.58634245 4278190080
-5.2554021 5.317059 -0.58634245 4278190080
-5.9502668 6.0942483 -0.67324054 4278190080
-4.636342 4.9270401 -0.52705216 4278190080
-4.4501777 1.1453485 -0.38865024 4278190080
-4.4430661 1.1726327 -0.38865024 4278190080
-4.4165635 1.1946741 -0.38680285 4278190080
-4.3937969 1.2174978 -0.38532493 4278190080
-4.3680429 1.2392722 -0.38356987 4278190080
-4.3259315 1.2560577 -0.38024452 4278190080
-4.3057342 1.2788926 -0.3790437 4278190080
-4.2949476 1.3044201 -0.3787666 4278190080
-4.2640395 1.3236656 -0.37654969 4278190080
-4.2472949 1.3470956 -0.37571836 4278190080
-4.2294765 1.3700633 -0.37479466 4278190080
-4.2238269 1.3969269 -0.37507176 4278190080
-4.2472529 1.4336426 -0.37821236 4278190080
-4.1395211 1.4256384 -0.36851346 4278190080
-4.3392582 1.5242583 -0.38901973 4278190080
-4.3551345 1.5599186 -0.39151374 4278190080
-4.2276268 1.5435897 -0.37987503 4278190080
-4.2152762 1.5684594 -0.37959793 4278190080
-4.7074308 1.7845064 -0.42938569 4278190080
-4.6573787 1.7982957 -0.42550611 4278190080
-4.7070665 1.8841717 -0.43271104 4278190080
-4.7710328 1.9438208 -0.44028541 4278190080
-7.9267535 3.5749152 -0.76903236 4278190080
-5.8113918 5.0785942 -0.6783244 4278190080
-5.7920527 5.1247134 -0.67980236 4278190080
-5.7538238 5.1541772 -0.67897099 4278190080
-5.634315 5.1097875 -0.66797888 4278190080
-5.5925875 5.1348352 -0.6666857 4278190080
-5.5507646 5.1595635 -0.66539252 4278190080
-4.5900617 4.319437 -0.54706579 4278190080
-5.4992871 5.2389669 -0.6669628 4278190080
-4.8427577 4.6705794 -0.58650804 4278190080
-5.2479119 5.1238151 -0.64276177 4278190080
-5.2539086 5.1930161 -0.64765739 4278190080
-4.7017674 4.7046986 -0.57939553 4278190080
-5.2030783 5.2705612 -0.64941239 4278190080
-4.6399112 4.9978895 -0.59500617 4278190080
-4.4194221 1.1400841 -0.42904454 4278190080
-4.4219608 1.1697243 -0.43006206 4278190080
-4.4156604 1.1970953 -0.4301638 4278190080
-4.3871446 1.2183094 -0.42792529 4278190080
-4.3633199 1.2405795 -0.4261955 4278190080
-4.3384323 1.2623252 -0.424364 4278190080
-4.3220239 1.2863669 -0.42344823 4278190080
-4.2978706 1.3079375 -0.42171848 4278190080
-4.2726665 1.3289647 -0.41988695 4278190080
-4.255899 1.3524443 -0.41897121 4278190080
-4.1604695 1.3502742 -0.40961012 4278190080
-4.1256657 1.3670142 -0.40676111 4278190080
-4.1049495 1.3881594 -0.40543833 4278190080
-4.1781683 1.441554 -0.41429067 4278190080
-4.5277061 1.5933319 -0.45315948 4278190080
-4.5431256 1.6301564 -0.45590675 4278190080
-4.5610652 1.6682551 -0.45895928 4278190080
-4.5171862 1.6836998 -0.45529625 4278190080
-4.7104387 1.7887387 -0.47757968 4278190080
-4.6752515 1.8082761 -0.47493416 4278190080
-4.6600957 1.8684746 -0.47574818 4278190080
-5.7692461 4.9858332 -0.74213183 4278190080
-5.747529 5.0290003 -0.74335283 4278190080
-4.6122198 4.3454823 -0.6103645 4278190080
-4.9724913 4.8608093 -0.67345005 4278190080
-5.2890377 5.2341218 -0.72330791 4278190080
-5.265255 5.2749252 -0.72452897 4278190080
-5.2502503 5.3248434 -0.72707272 4278190080
-5.1980448 5.3370028 -0.72422367 4278190080
-4.7428732 5.1149917 -0.67568856 4278190080
-5.022357 5.7612553 -0.74396336 4278190080
-4.9499154 5.7489915 -0.73816353 4278190080
-4.4328971 1.1453931 -0.47320646 4278190080
-4.3960061 1.1646756 -0.46976706 4278190080
-4.3811045 1.1895423 -0.46887946 4278190080
-4.3670211 1.2145365 -0.46810281 4278190080
-4.3384595 1.2353177 -0.46566194 4278190080
-4.3269815 1.2608019 -0.46521816 4278190080
-4.3239255 1.2887484 -0.4657729 4278190080
-4.3045292 1.3117765 -0.46444151 4278190080
-4.2859626 1.3349111 -0.4632211 4278190080
-4.2606454 1.3557565 -0.46122402 4278190080
-4.1870337 1.3606677 -0.45356855 4278190080
-4.1672873 1.3825756 -0.45223719 4278190080
-4.1050735 1.3899417 -0.44591311 4278190080
-4.1753683 1.442377 -0.4552328 4278190080
-4.2648544 1.5026653 -0.46688238 4278190080
-4.2779994 1.5368741 -0.46954516 4278190080
-4.4653854 1.6352384 -0.4929553 4278190080
-4.6554418 1.7373481 -0.51680923 4278190080
-4.6976409 1.786021 -0.52313334 4278190080
-4.6560125 1.8029635 -0.519472 4278190080
-4.6501369 1.8666309 -0.52146912 4278190080
-5.7815146 5.0632129 -0.8200317 4278190080
-5.7614918 5.1084838 -0.82169598 4278190080
-4.5764022 4.2626252 -0.66026574 4278190080
-4.6022148 4.3397231 -0.66825408 4278190080
-4.6813712 4.5800986 -0.69321752 4278190080
-5.2198634 5.2339997 -0.7873019 4278190080
-5.1716099 5.2496443 -0.7847501 4278190080
-5.1905851 5.3339901 -0.79296029 4278190080
-5.7631211 6.0697732 -0.89647532 4278190080
-4.8964243 5.2205634 -0.76111805 4278190080
-5.0074692 5.4050827 -0.78463912 4278190080
-4.9476976 5.7514982 -0.80904782 4278190080
-4.434782 1.1430435 -0.55417264 4278190080
-4.4286437 1.1704867 -0.5543009 4278190080
-4.4127631 1.1953052 -0.55314642 4278190080
-4.3804989 1.2154664 -0.54981118 4278190080
-4.3576941 1.2379864 -0.54775882 4278190080
-4.3357315 1.2605493 -0.54583466 4278190080
-4.315557 1.2834548 -0.54416704 4278190080
-4.3047543 1.309045 -0.54378223 4278190080
-4.2966409 1.3354338 -0.54378223 4278190080
-4.2864757 1.3611722 -0.5435257 4278190080
-4.2818165 1.3886714 -0.54403877 4278190080
-4.2713323 1.4142947 -0.54378223 4278190080
-4.254118 1.4376194 -0.54262775 4278190080
-4.3746047 1.5082968 -0.56032985 4278190080
-4.2754507 1.5035316 -0.54801536 4278190080
-4.2894835 1.5381041 -0.55122226 4278190080
-4.5743155 1.6719625 -0.5917576 4278190080
-4.5872049 1.7086513 -0.5949645 4278190080
-4.7527547 1.837028 -0.62087631 4278190080
-4.6400256 4.3161044 -0.78147829 4278190080
-4.7064071 4.6551595 -0.81803703 4278190080
-4.5618625 4.6243162 -0.80200249 4278190080
-4.4558792 1.151336 -0.64603895 4278190080
-4.4085755 1.1680083 -0.63985991 4278190080
-4.3726907 1.1872561 -0.63544637 4278190080
-4.378664 1.217777 -0.63750607 4278190080
-4.3501816 1.238658 -0.63426942 4278190080
-4.3111634 1.2561897 -0.6294145 4278190080
-4.2701998 1.2727243 -0.62426531 4278190080
-4.2670403 1.3003443 -0.62500095 4278190080
-4.2457609 1.3223815 -0.62294126 4278190080
-4.2771516 1.3610125 -0.62912023 4278190080
-4.2649579 1.3860074 -0.62853181 4278190080
-4.2479243 1.4093457 -0.6272077 4278190080
-4.2495017 1.4388754 -0.62882602 4278190080
-4.4640207 1.5421538 -0.66398746 4278190080
-4.3686528 1.5392592 -0.65045249 4278190080
-4.5387716 1.6306117 -0.67884648 4278190080
-4.6169114 1.6907585 -0.69282275 4278190080
-4.6361022 1.730127 -0.69753057 4278190080
-4.7243199 1.7961694 -0.71327227 4278190080
-4.7325788 1.8326274 -0.71636176 4278190080
-4.6105404 4.6228862 -0.93262661 4278190080
-4.3944983 1.1931816 -0.80822307 4278190080
-4.3776231 1.2174872 -0.80639386 4278190080
-4.3284683 1.232471 -0.79834527 4278190080
-4.2943974 1.2513009 -0.7932235 4278190080
-4.287581 1.2779083 -0.79340643 4278190080
-4.296586 1.3093542 -0.79669899 4278190080
-4.3138132 1.3435912 -0.80163789 4278190080
-4.3082981 1.3709298 -0.80218667 4278190080
-4.286716 1.3930829 -0.79962575 4278190080
-4.2930164 1.4243156 -0.80255252 4278190080
-4.2860584 1.4512612 -0.80291837 4278190080
-4.2789311 1.478175 -0.80328417 4278190080
-4.6231365 1.6609377 -0.87498957 4278190080
-4.6331668 1.6967145 -0.87901384 4278190080
-4.6549044 1.7371473 -0.88541615 4278190080
-4.6965346 1.7856002 -0.89584267 4278190080
-4.7459946 1.8378251 -0.90791553 4278190080
-2.0849519 -6.2146249 1.6619731 4294901760
-2.2657046 -6.3626204 1.7114282 4294901760
-1.9111806 -6.3348231 1.4201547 4294901760
-1.972602 -6.2595501 1.4088699 4294901760
-2.0190666 -6.2724843 1.4144098 4294901760
-2.029717 -6.1753631 1.3957384 4294901760
-2.1763241 -6.3574166 1.4416986 4294901760
-2.2594268 -6.3449841 1.4449815 4294901760
-2.272943 -6.2610793 1.4293878 4294901760
-2.2593741 -6.1065679 1.3979954 4294901760
-1.8325009 -6.5047598 1.1935561 4294901760
-1.8671929 -6.4753995 1.1903417 4294901760
-1.9367104 -6.279819 1.1615815 4294901760
-1.9823128 -6.2903786 1.1656418 4294901760
-2.1234579 -6.3294492 1.1795143 4294901760
-2.1102431 -6.1643028 1.1519383 4294901760
-2.162643 -6.1931124 1.1595514 4294901760
-2.235306 -6.2772202 1.177315 4294901760
-2.2717631 -6.2578278 1.1762999 4294901760
-2.3802068 -6.1983895 1.1732547 4294901760
-2.4761367 -6.219079 1.1825595 4294901760
-1.6763831 -6.7359123 0.96766657 4294901760
-1.7402843 -6.3257895 0.91648149 4294901760
-1.9015579 -6.7500062 0.97726375 4294901760
-1.9039644 -6.602983 0.95833594 4294901760
-1.9452847 -6.5940285 0.95873582 4294901760
-1.9213275 -6.3684721 0.92874461 4294901760
-1.963287 -6.366034 0.93007755 4294901760
-2.002609 -6.3548131 0.93021083 4294901760
-2.228281 -6.3811569 0.94314039 4294901760
-2.1942759 -6.1619525 0.91381562 4294901760
-1.6564592 -6.8293524 0.72244668 4294901760
-1.7753663 -6.9464025 0.73637623 4294901760
-1.6847718 -6.4270468 0.68494415 4294901760
-1.8597012 -6.9212093 0.73608398 4294901760
-1.9068866 -6.9269404 0.73783737 4294901760
-1.806836 -6.4093161 0.6864053 4294901760
-1.8453014 -6.3952398 0.68611306 4294901760
-1.8692979 -6.3322506 0.68085295 4294901760
-1.9219168 -6.3663969 0.68552864 4294901760
-1.938063 -6.280304 0.67793071 4294901760
-1.9783568 -6.2739892 0.67851514 4294901760
-2.017426 -6.2636271 0.67870998 4294901760
-1.8481817 -6.709003 0.46205729 4294901760
-1.9082735 -6.7647829 0.4663429 4294901760
-1.8545407 -6.4230552 0.44528228 4294901760
-1.9097446 -6.4651623 0.44871074 4294901760
-2.0864182 -6.9071941 0.47779155 4294901760
-2.1036305 -6.9445324 0.41309848 4294901760
-2.0689917 -6.4028869 0.38564914 4294901760
-1.4343226 -6.5690708 0.32319525 4294901760
-1.4130213 -6.2862406 0.31118318 4294901760
-1.9659731 -6.4759564 0.32507613 4294901760
-2.0068564 -6.4675884 0.32524714 4294901760
-1.999697 -6.3075376 0.31862128 4294901760
-2.0023477 -6.1839418 0.31361979 4294901760
-1.4434783 -6.3985291 0.25553751 4294901760
-1.8264179 -6.2749429 0.25473341 4294901760
-1.8529025 -6.2233887 0.25332624 4294901760
-2.00985 -6.3225212 0.25805032 4294901760
-2.059721 -6.3442903 0.25925645 4294901760
-2.0366404 -6.1446495 0.25265616 4294901760
-1.4533317 -6.6948943 0.20919228 4294901760
-1.4712818 -6.5824337 0.20650999 4294901760
-1.511026 -6.3907094 0.20200577 4294901760
-1.7261068 -6.2613711 0.20018384 4294901760
-1.3826721 -6.340147 0.14013186 4294901760
-1.8067387 -6.8560209 0.14978172 4294901760
-1.8344355 -6.0481067 0.13741833 4294901760
-1.9538002 -6.1681213 0.13982679 4294901760
-2.0393088 -6.3034739 0.14231552 4294901760
-1.5103247 -6.5315075 0.080537461 4294901760
-1.8114996 -6.8669271 0.083177075 4294901760
-1.8071624 -6.3725696 0.080006883 4294901760
-1.9224035 -6.1954589 0.079098269 4294901760
-2.0159948 -6.3589368 0.080318592 4294901760
-1.5313087 -6.5883856 0.019691069 4294901760
-1.6794245 -6.1840153 0.020560939 4294901760
-2.1126449 -7.2483954 0.01777051 4294901760
-1.954999 -6.2755361 0.020157769 4294901760
-2.0092452 -6.3129706 0.020030709 4294901760
-2.0504169 -6.3081312 0.020011161 4294901760
-1.5987159 -6.5760832 -0.036884345 4294901760
-1.7051158 -6.8310156 -0.03983843 4294901760
-1.6641663 -6.4968786 -0.036224276 4294901760
-1.6968888 -6.459465 -0.035921291 4294901760
-1.7793945 -6.1545825 -0.032978024 4294901760
-2.1581588 -7.2971234 -0.045995485 4294901760
-1.9726542 -6.244462 -0.034514584 4294901760
-2.0133879 -6.2398539 -0.034601148 4294901760
-2.1129394 -6.413537 -0.03672203 4294901760
-2.2038114 -6.423068 -0.037133224 4294901760
-1.6539108 -6.4406953 -0.09698794 4294901760
-1.7646776 -6.7011428 -0.10260752 4294901760
-1.7252691 -6.3919215 -0.096405908 4294901760
-1.9062425 -6.7329416 -0.10397228 4294901760
-2.0012152 -6.9064579 -0.10784578 4294901760
-2.1870275 -7.3781328 -0.11798109 4294901760
-1.9797322 -6.2538018 -0.095181644 4294901760
-2.0897253 -6.4631944 -0.099857941 4294901760
-2.1698387 -6.4399061 -0.099918149 4294901760
-1.7085972 -6.4723239 -0.16202593 4294901760
-1.6866599 -6.2340117 -0.15502469 4294901760
-1.7960567 -6.329196 -0.15861431 4294901760
-1.9861174 -6.3968086 -0.1621446 4294901760
-2.1677666 -6.4209557 -0.16448823 4294901760
-1.6525464 -6.5599823 -0.22545461 4294901760
-1.7085267 -6.6106668 -0.22789502 4294901760
-1.7190942 -6.4870515 -0.22336283 4294901760
-1.7179915 -6.3259525 -0.21731992 4294901760
-2.1106248 -7.0795383 -0.24958752 4294901760
-1.514962 -6.7668447 -0.28888091 4294901760
-1.5806333 -6.6748409 -0.28536099 4294901760
-1.671123 -6.8688459 -0.29521674 4294901760
-1.7209809 -6.8894758 -0.29671857 4294901760
-1.7208291 -6.7133188 -0.28869319 4294901760
-1.7213742 -6.5480566 -0.28118405 4294901760
-1.763598 -6.5450873 -0.2815595 4294901760
-1.9331338 -6.8392105 -0.29700017 4294901760
-2.2268839 -7.5247512 -0.33177686 4294901760
-2.2128947 -6.5770578 -0.28911558 4294901760
-1.4661512 -6.7230172 -0.35125419 4294901760
-1.5310202 -6.6286397 -0.34685934 4294901760
-1.6477658 -6.9396873 -0.36545295 4294901760
-1.6931547 -6.9410858 -0.3661291 4294901760
-1.6782365 -6.7010293 -0.35277548 4294901760
-1.7118679 -6.6615953 -0.35108516 4294901760
-1.7280354 -6.5573168 -0.34561977 4294901760
-1.7999946 -6.6641836 -0.35249376 4294901760
-2.1830049 -7.3598356 -0.3961606 4294901760
-1.4665012 -6.6995468 -0.4134962 4294901760
-1.645283 -7.098063 -0.44162884 4294901760
-1.6548011 -6.9451461 -0.43198898 4294901760
-1.6565742 -6.7681546 -0.42070967 4294901760
-1.692721 -6.7365718 -0.41926697 4294901760
-1.6993928 -6.5917511 -0.41015175 4294901760
-1.732155 -6.5522585 -0.40818441 4294901760
-1.7984246 -6.6378183 -0.41474214 4294901760
-1.9194531 -6.9160681 -0.43448091 4294901760
-2.2835617 -6.7560968 -0.43146434 4294901760
-1.5498842 -6.8531647 -0.48971143 4294901760
-1.5810549 -6.796906 -0.48612082 4294901760
-1.6160021 -6.7589517 -0.48395148 4294901760
-1.6733865 -6.8137913 -0.4889634 4294901760
-1.7151636 -6.8033953 -0.4889634 4294901760
-1.6984193 -6.5668397 -0.47145909 4294901760
-1.7368907 -6.5495477 -0.47093546 4294901760
-1.7652713 -6.4954653 -0.46756926 4294901760
-1.8878843 -6.4733596 -0.46846691 4294901760
-1.9258574 -6.4559207 -0.46801808 4294901760
-2.3492668 -6.7951341 -0.50197941 4294901760
-1.4598284 -7.1216207 -0.56912917 4294901760
-1.5377088 -6.8572469 -0.54892224 4294901760
-1.6185241 -6.824285 -0.54775804 4294901760
-1.6323069 -6.6990051 -0.53786248 4294901760
-1.6272095 -6.50421 -0.52197969 4294901760
-1.6529714 -6.4390826 -0.51723975 4294901760
-1.7284578 -6.5656691 -0.52904797 4294901760
-1.768452 -6.553978 -0.52896476 4294901760
-2.2546518 -7.4408565 -0.61128926 4294901760
-2.3315065 -7.5277896 -0.62010384 4294901760
-2.275418 -7.03965 -0.57985628 4294901760
-2.3880963 -6.9485083 -0.57561535 4294901760
-1.448728 -7.0456486 -0.62964511 4294901760
-1.540164 -6.848752 -0.61357266 4294901760
-1.5381795 -6.6490307 -0.59546798 4294901760
-1.6554176 -6.961082 -0.62613505 4294901760
-1.6395041 -6.7109065 -0.60322714 4294901760
-1.6377813 -6.5297704 -0.58687752 4294901760
-1.6696284 -6.4877758 -0.58382928 4294901760
-1.7741838 -6.7229161 -0.60738379 4294901760
-1.8559514 -6.8618503 -0.62179363 4294901760
-2.1711829 -7.3105917 -0.66982633 4294901760
-2.2408786 -7.3790703 -0.6777702 4294901760
-2.2704713 -7.3147798 -0.67287457 4294901760
-1.3481805 -6.9676623 -0.68810213 4294901760
-1.3840826 -6.9251161 -0.68454087 4294901760
-1.5573101 -7.1083655 -0.70651907 4294901760
-1.568939 -6.9569931 -0.69166344 4294901760
-1.5369496 -6.625505 -0.65788215 4294901760
-1.6498089 -6.9188304 -0.68973017 4294901760
-1.6837093 -6.8737926 -0.6860671 4294901760
-1.6603415 -6.6028457 -0.65859443 4294901760
-1.686657 -6.5376277 -0.6527946 4294901760
-1.9521917 -7.3792353 -0.74294585 4294901760
-2.0291967 -7.4842548 -0.75535947 4294901760
-1.8234602 -6.4129324 -0.64414579 4294901760
-2.1952279 -7.3749943 -0.74925441 4294901760
-2.2650621 -7.4422798 -0.75790322 4294901760
-1.5450692 -7.4744883 -0.81415147 4294901760
-1.5066128 -6.8628473 -0.74647284 4294901760
-1.5421189 -6.8243933 -0.74314433 4294901760
-1.6069252 -6.913538 -0.75446111 4294901760
-1.6589413 -6.7601056 -0.73915023 4294901760
-1.6654125 -6.6110287 -0.72317362 4294901760
-1.7116681 -6.6228156 -0.72572541 4294901760
-1.7838558 -6.7313066 -0.73948306 4294901760
-1.67287 -7.219862 -0.92040157 4294901760
-1.6546484 -6.9470468 -0.88551039 4294901760
-1.6324372 -6.6718469 -0.85023439 4294901760
-1.6675466 -6.6386199 -0.84715575 4294901760
-1.7017639 -6.4393139 -0.82329637 4294901760
-1.5380787 -7.0060968 -1.028401 4294901760
-1.6811613 -7.4393549 -1.0959285 4294901760
-1.5771123 -6.7853417 -0.99765313 4294901760
-1.6161872 -6.764955 -0.9960348 4294901760
-1.6317217 -6.6492462 -0.97985172 4294901760
-1.6703144 -6.630477 -0.97852767 4294901760
-1.5987537 -7.0748796 -1.3105267 4294901760
-1.9721187 3.6799335 1.2401884 4278255360
-1.9521942 3.6970611 1.2418563 4278255360
-1.9343511 3.7183428 1.2449142 4278255360
-1.9167584 3.7403991 1.24825 4278255360
-1.8976687 3.7598069 1.2507519 4278255360
-1.8754187 3.7731001 1.2513078 4278255360
-1.8539218 3.7879872 1.2524198 4278255360
-1.83565 3.809675 1.2557555 4278255360
-1.8155344 3.8278091 1.2579795 4278255360
-1.8038014 3.8641167 1.266041 4278255360
-1.7788543 3.8724935 1.2652071 4278255360
-1.7621837 3.8990901 1.2702109 4278255360
-1.7440822 3.9229944 1.2743806 4278255360
-1.7230583 3.9406624 1.2766045 4278255360
-1.6992261 3.9520431 1.2768825 4278255360
-1.6816801 3.9783196 1.2818862 4278255360
-1.6675628 4.0133991 1.2896698 4278255360
-1.6479919 4.036005 1.2935616 4278255360
-1.6163975 4.0291033 1.2882799 4278255360
-1.5944638 4.0460944 1.2905037 4278255360
-1.5841759 4.0934243 1.3021791 4278255360
-1.5627843 4.1129441 1.3052369 4278255360
-1.5385259 4.1251554 1.3060709 4278255360
-1.51781 4.1471462 1.3099627 4278255360
-1.4949332 4.1636133 1.3121866 4278255360
-1.4728692 4.1826739 1.3152444 4278255360
-1.4957947 4.3323617 1.3583322 4278255360
-1.5415837 4.5552707 1.4236587 4278255360
-1.5278214 4.6074944 1.4367241 4278255360
-1.5063503 4.6377935 1.4431177 4278255360
-1.4819429 4.6597643 1.4470096 4278255360
-1.4681778 4.7164602 1.4614648 4278255360
-1.4406106 4.7299743 1.4628546 4278255360
-1.4099146 4.733201 1.4611868 4278255360
-1.3867579 4.7620521 1.4673024 4278255360
-1.3643521 4.7944918 1.4745301 4278255360
-1.3413429 4.8259096 1.4814796 4278255360
-1.3124616 4.8368301 1.4823136 4278255360
-1.2795604 4.8327208 1.4786998 4278255360
-1.2472398 4.8302507 1.475642 4278255360
-1.1669033 4.63661 1.4155972 4278255360
-0.85581756 4.4185863 1.3344254 4278255360
-0.83063698 4.4341393 1.3374833 4278255360
-0.80923647 4.4712896 1.3469348 4278255360
0.17212462 4.8194261 1.4275506 4278255360
0.20313302 4.8528304 1.4375581 4278255360
0.23497081 4.8946695 1.4500674 4278255360
0.26639757 4.919034 1.4575729 4278255360
0.29680583 4.9211421 1.4586849 4278255360
0.32902929 4.9498997 1.4675804 4278255360
0.3614085 4.9755716 1.475642 4278255360
0.39471745 5.0086927 1.4859275 4278255360
0.43063822 5.0674343 1.5037185 4278255360
0.47164699 5.1737523 1.5354089 4278255360
0.50617123 5.1994433 1.5437484 4278255360
0.54162103 5.2306376 1.5537559 4278255360
0.57956547 5.2806883 1.5693231 4278255360
0.6157133 5.3094759 1.5787746 4278255360
0.65409768 5.3532739 1.5926738 4278255360
0.68998748 5.3729792 1.5996234 4278255360
0.77662241 5.5115447 1.6427112 4278255360
0.76753235 5.2149119 1.5573697 4278255360
0.79151088 5.1578822 1.5420805 4278255360
0.82299274 5.1519799 1.5418025 4278255360
0.85238856 5.1335664 1.5379107 4278255360
0.87376553 5.0695467 1.5206757 4278255360
1.3059373 6.0205855 1.814784 4278255360
1.4179913 6.1707525 1.8642654 4278255360
1.4642158 6.1974611 1.8748289 4278255360
1.5060652 6.2042298 1.8795547 4278255360
1.5533932 6.2321558 1.8906741 4278255360
1.6037374 6.2699704 1.9048513 4278255360
1.6684899 6.3603635 1.9348738 4278255360
1.7216959 6.4028831 1.9507189 4278255360
1.8387203 6.5181046 1.9918607 4278255360
1.8917311 6.5519228 2.005482 4278255360
1.9452257 6.5853343 2.0191033 4278255360
2.0072532 6.6450024 2.0407863 4278255360
2.0890656 6.7656507 2.081094 4278255360
2.1683879 6.872715 2.1175101 4278255360
2.321295 7.0545487 2.1811688 4278255360
2.3596456 7.0256023 2.1767211 4278255360
2.4195204 7.0600638 2.1917322 4278255360
2.4865608 7.1130958 2.2125812 4278255360
2.5949702 7.2795796 2.2684562 4278255360
2.7009218 7.432354 2.3204393 4278255360
2.7514777 7.4291539 2.3246093 4278255360
2.8143015 7.4579682 2.3387864 4278255360
2.8886075 7.5149832 2.3618593 4278255360
2.9766698 7.6044617 2.3952174 4278255360
3.03074 7.6047935 2.4010551 4278255360
-1.7705569 3.9139547 1.100356 4278255360
-1.7492712 3.9309509 1.1020447 4278255360
-1.7262862 3.944277 1.1027685 4278255360
-1.7058903 3.9637084 1.105181 4278255360
-1.6872125 3.9875062 1.1087996 4278255360
-1.6705437 4.0165992 1.1138657 4278255360
-1.6473362 4.0303669 1.1148307 4278255360
-1.6236608 4.0431004 1.1155545 4278255360
-1.302086 4.3658528 1.1650095 4278255360
-1.2796223 4.3886662 1.1688695 4278255360
-1.2585241 4.4169669 1.1741768 4278255360
-1.2337418 4.4330201 1.1763481 4278255360
-1.2054995 4.4367609 1.1753831 4278255360
-1.1862174 4.4740901 1.1831028 4278255360
-1.1621462 4.4944377 1.1864803 4278255360
-1.1419048 4.5306549 1.1939589 4278255360
-1.1228834 4.5733886 1.2031262 4278255360
-1.0984131 4.5952935 1.2069861 4278255360
-1.0682163 4.5934401 1.2048149 4278255360
-1.0466511 4.6292505 1.2122935 4278255360
-1.0215608 4.6507506 1.2161534 4278255360
-0.99401784 4.6616769 1.2173595 4278255360
-0.96441197 4.6629367 1.2161534 4278255360
-0.94322735 4.7058749 1.2255619 4278255360
-0.92321718 4.7573018 1.2371416 4278255360
-0.89418876 4.7638307 1.2373829 4278255360
-0.87204874 4.8083768 1.2472739 4278255360
-0.84453845 4.8251081 1.2501688 4278255360
-0.81847173 4.8512511 1.2554762 4278255360
-0.79180437 4.8753395 1.2603011 4278255360
-0.76367331 4.8916121 1.263196 4278255360
-0.7323488 4.8875685 1.2610248 4278255360
-0.70220739 4.8910093 1.2607836 4278255360
-0.67866051 4.9423356 1.2726046 4278255360
-0.67181069 5.1253781 1.317476 4278255360
-0.67886972 5.4375544 1.3946743 4278255360
-0.64881223 5.4695644 1.4016703 4278255360
-0.61806172 5.4985161 1.4079427 4278255360
-0.58585125 5.5166802 1.4115614 4278255360
-0.55605227 5.5607281 1.4216937 4278255360
-0.39507145 5.7174854 1.4571565 4278255360
-0.34311864 5.4524851 1.3905731 4278255360
-0.28632548 5.0446448 1.2885267 4278255360
-0.25492385 5.0375838 1.2863555 4278255360
-0.22465795 5.0535955 1.2899742 4278255360
-0.19480212 5.0849409 1.2974527 4278255360
-0.16366057 5.0879807 1.2979352 4278255360
0.43107417 5.0937543 1.3032426 4278255360
0.46372247 5.1064773 1.3071026 4278255360
0.49934918 5.1479697 1.3181998 4278255360
0.53510451 5.1853538 1.3283321 4278255360
0.69584781 5.1809268 1.3319507 4278255360
0.72357649 5.1477284 1.3247133 4278255360
0.75444466 5.138391 1.3235072 4278255360
0.78185111 5.1068044 1.3167523 4278255360
1.1721125 5.1082864 1.3353281 4278255360
1.4568479 6.1759195 1.6098644 4278255360
1.496086 6.172523 1.6113118 4278255360
1.5470502 6.2159662 1.6248214 4278255360
1.7758069 6.4549761 1.6967123 4278255360
2.087615 6.7693539 1.7934513 4278255360
2.2362185 6.947391 1.8467664 4278255360
2.3063688 7.0174394 1.8687196 4278255360
2.353395 7.0151172 1.8718557 4278255360
2.4108474 7.0427818 1.882953 4278255360
2.5836585 7.2558627 1.947124 4278255360
2.8310766 7.5103903 2.0276997 4278255360
2.9052763 7.5662646 2.0472405 4278255360
2.9883938 7.6422968 2.07233 4278255360
3.0901368 7.7617726 2.1092403 4278255360
3.1989226 7.893774 2.1497693 4278255360
3.2517366 7.8847632 2.1526642 4278255360
3.3315895 7.9398355 2.1729288 4278255360
3.462517 8.1120443 2.2250376 4278255360
3.5991573 8.2909498 2.2793176 4278255360
3.6675937 8.3086634 2.2901735 4278255360
3.7566421 8.3710041 2.313333 4278255360
3.8465922 8.4325619 2.3364925 4278255360
3.9643719 8.5514402 2.3755741 4278255360
4.0357881 8.5673409 2.3866713 4278255360
-1.6144342 4.4062176 1.016772 4278255360
-0.87653023 4.8330631 1.0627322 4278255360
-0.84685862 4.8383503 1.0627322 4278255360
-0.81862199 4.8521409 1.0645789 4278255360
-0.79040509 4.8667331 1.0666306 4278255360
-0.76385343 4.892765 1.0711446 4278255360
-0.73948032 4.9351077 1.0791466 4278255360
-0.71378064 4.9715214 1.0859175 4278255360
-0.68619531 4.9971385 1.0904315 4278255360
-0.65857708 5.0245447 1.0953557 4278255360
-0.62979847 5.045001 1.0988438 4278255360
-0.59940827 5.0536299 1.0998697 4278255360
-0.56784117 5.0523496 1.0988438 4278255360
-0.53714031 5.0586581 1.0994594 4278255360
-0.51047975 5.1056824 1.1086924 4278255360
-0.48747364 5.197392 1.1273638 4278255360
-0.45779875 5.2256346 1.1326984 4278255360
-0.42803431 5.2566342 1.1386486 4278255360
-0.3969498 5.2747769 1.1419315 4278255360
-0.36545584 5.2898059 1.1445988 4278255360
-0.33440858 5.314415 1.149318 4278255360
-0.3045193 5.3642468 1.1593717 4278255360
-0.27328652 5.3992481 1.1663479 4278255360
-0.24124296 5.4252672 1.1714773 4278255360
-0.20836353 5.4374032 1.1737343 4278255360
-0.17490144 5.4356446 1.1731187 4278255360
0.13278313 5.7599068 1.2408279 4278255360
0.17087913 5.8538795 1.2607304 4278255360
0.22331546 6.3222179 1.3592165 4278255360
0.26489261 6.3882031 1.3733739 4278255360
0.30612731 6.4294729 1.3824017 4278255360
0.34656796 6.4460425 1.3863001 4278255360
0.38769075 6.4701734 1.39184 4278255360
0.43414631 6.5702162 1.4133838 4278255360
0.47536737 6.5801191 1.4160511 4278255360
0.51642072 6.5858598 1.4178977 4278255360
0.54932535 6.4938192 1.3992264 4278255360
0.81368876 6.0593886 1.3146925 4278255360
0.85343856 6.0726967 1.3185909 4278255360
0.90218741 6.1457834 1.3352104 4278255360
0.94387507 6.166254 1.3407503 4278255360
0.9924652 6.2280049 1.3551129 4278255360
1.0356152 6.2517314 1.3614734 4278255360
1.0771047 6.2635865 1.3653718 4278255360
1.3794056 6.0123787 1.3261826 4278255360
1.4292965 6.0590529 1.338083 4278255360
1.4749727 6.0853639 1.3456746 4278255360
1.5335467 6.1616793 1.3641407 4278255360
1.5897229 6.2242255 1.3797344 4278255360
1.6390392 6.2569609 1.3889675 4278255360
1.6923683 6.302557 1.4010731 4278255360
1.7419066 6.3316894 1.4096906 4278255360
1.795845 6.3745813 1.4213858 4278255360
1.8742273 6.4998064 1.4511368 4278255360
1.9439702 6.5895705 1.4732962 4278255360
2.0205355 6.6974602 1.4995592 4278255360
2.0774496 6.7363777 1.510844 4278255360
2.1310942 6.762711 1.5194615 4278255360
2.2118192 6.8715587 1.54634 4278255360
2.3116767 7.0335956 1.5851189 4278255360
2.3622589 7.0415492 1.5900433 4278255360
2.4133422 7.0500722 1.5951728 4278255360
2.4711215 6.9397078 1.5773221 4278255360
2.5103178 6.9152141 1.5752703 4278255360
2.5465906 6.8831577 1.5715771 4278255360
2.7613394 7.3253303 1.6741668 4278255360
2.9381125 7.6518078 1.7513143 4278255360
2.9867895 7.6381931 1.7523402 4278255360
3.0806506 7.7379379 1.7790135 4278255360
3.2118611 7.9257107 1.8257943 4278255360
3.2649086 7.9167118 1.8282565 4278255360
3.3315961 7.9398513 1.8381051 4278255360
3.4413285 8.0623903 1.8707286 4278255360
3.6692214 8.3123512 1.9378223 4278255360
3.7622228 8.3834429 1.9593661 4278255360
3.9074028 8.5659037 2.0067625 4278255360
4.0364399 8.7069321 2.0449259 4278255360
4.1039667 8.7121067 2.0519021 4278255360
4.2169085 8.811245 2.0808322 4278255360
-1.2138225 5.5252981 1.0045848 4278255360
-1.1702287 5.48734 0.99663341 4278255360
-1.1283456 5.4548469 0.98969716 4278255360
-1.0853547 5.4143171 0.98140746 4278255360
-1.040085 5.3589549 0.9705801 4278255360
-0.99917585 5.3226156 0.96313626 4278255360
-0.95012587 5.238461 0.94740278 4278255360
-0.91031128 5.2005062 0.93978977 4278255360
-0.8755942 5.1894732 0.93691379 4278255360
-0.83661824 5.1509714 0.92930079 4278255360
-0.79890901 5.1170573 0.92253369 4278255360
-0.76091659 5.0780025 0.91492069 4278255360
-0.72764075 5.0679421 0.91238302 4278255360
-0.68995279 5.0244679 0.90409333 4278255360
-0.65269774 4.9797468 0.89563447 4278255360
-0.61956298 4.9631205 0.89208174 4278255360
-0.58747071 4.9531264 0.88971323 4278255360
-0.55960339 4.9791641 0.89360434 4278255360
-0.53123009 5.0030851 0.89715707 4278255360
-0.50346822 5.0356712 0.90223241 4278255360
-0.47375897 5.0514221 0.9044317 4278255360
-0.44740841 5.1072516 0.9135673 4278255360
-0.41670364 5.1177592 0.91492069 4278255360
0.39899021 6.0371346 1.0720866 4278255360
0.44105911 6.1043682 1.0840982 4278255360
0.48158333 6.1408501 1.0908653 4278255360
0.52008331 6.1476007 1.0925571 4278255360
0.5618872 6.1894455 1.1003392 4278255360
0.6037491 6.2261024 1.1072755 4278255360
0.64385962 6.2409081 1.1104898 4278255360
0.69423485 6.3475523 1.129607 4278255360
0.73791707 6.3842945 1.1367124 4278255360
0.78100479 6.4119329 1.1422952 4278255360
0.82508457 6.4441695 1.148724 4278255360
0.87234092 6.4966192 1.1587055 4278255360
0.91944951 6.5428729 1.1676719 4278255360
0.96901745 6.6014681 1.1788375 4278255360
1.0114421 6.6080637 1.1810369 4278255360
1.0615774 6.6620793 1.1915259 4278255360
1.1071025 6.6836386 1.196432 4278255360
1.1843097 6.8875027 1.2331436 4278255360
1.5047596 6.7489457 1.2204553 4278255360
1.5514283 6.7626414 1.2245156 4278255360
1.6127954 6.8374124 1.2394031 4278255360
1.6670164 6.8781552 1.2483696 4278255360
1.7291728 6.9481382 1.2625804 4278255360
1.7915188 7.0147495 1.2762839 4278255360
1.8512517 7.0675058 1.2876188 4278255360
1.9083779 7.1074166 1.2967542 4278255360
1.9762539 7.1839523 1.3124878 4278255360
2.0344548 7.2219715 1.3214542 4278255360
2.0697222 7.1781001 1.3158714 4278255360
1.948146 6.6037316 1.21538 4278255360
1.9946046 6.6114697 1.2189326 4278255360
2.0540061 6.660327 1.2299292 4278255360
2.125926 6.746304 1.2476928 4278255360
2.187506 6.7959929 1.2590277 4278255360
2.2479293 6.83956 1.2693475 4278255360
2.3218167 6.9209514 1.2866037 4278255360
2.3757265 6.9401445 1.2926941 4278255360
3.6591704 8.2895756 1.5889238 4278255360
3.775727 8.4135418 1.6164998 4278255360
3.8636775 8.4700251 1.6315565 4278255360
4.0535874 8.7439308 1.6878927 4278255360
4.1172414 8.7402935 1.6919529 4278255360
4.1690917 8.7113094 1.6912762 4278255360
-1.309368 5.6295738 0.81144559 4278255360
-1.2135861 5.5242229 0.79478383 4278255360
-1.1759439 5.5141187 0.79238451 4278255360
-1.1330471 5.4775581 0.78638625 4278255360
-1.0877194 5.4261041 0.77838862 4278255360
-1.0402316 5.3597093 0.76839155 4278255360
-1.0007372 5.3309259 0.76359296 4278255360
-0.95366931 5.2579799 0.75279611 4278255360
-0.916942 5.2383509 0.74933046 4278255360
-0.87488008 5.1852446 0.74133277 4278255360
-0.83907133 5.1660595 0.73800045 4278255360
-0.80077642 5.1290054 0.73226875 4278255360
-0.76237994 5.0877571 0.72600394 4278255360
-0.72607118 5.0570235 0.72120535 4278255360
-0.69003356 5.0250554 0.71627349 4278255360
-0.65351295 4.9859581 0.71040851 4278255360
-0.61921936 4.9603715 0.70640969 4278255360
-0.58631665 4.9434099 0.70361048 4278255360
-0.55697107 4.9557786 0.70481014 4278255360
-0.52990645 4.9906392 0.70907557 4278255360
-0.50095344 5.010561 0.71134156 4278255360
-0.47372273 5.0510364 0.71640676 4278255360
-0.44584072 5.0893903 0.72120535 4278255360
-0.41653866 5.115737 0.72440439 4278255360
0.42495376 6.4308267 0.90088606 4278255360
0.46704212 6.464673 0.90581799 4278255360
0.50816947 6.4804587 0.90835059 4278255360
0.55367857 6.5453606 0.91754788 4278255360
0.59705061 6.577373 0.92234647 4278255360
0.64370185 6.6386924 0.93114388 4278255360
0.68818223 6.6710944 0.93607581 4278255360
0.73233098 6.6963024 0.94007462 4278255360
0.7794292 6.7438636 0.9471392 4278255360
0.82582164 6.7802744 0.95273757 4278255360
0.87407315 6.8271823 0.95980215 4278255360
0.92003226 6.8521414 0.9639343 4278255360
0.96949971 6.8993654 0.97113222 4278255360
1.0178552 6.9344716 0.97673053 4278255360
1.0389601 6.7880001 0.95766944 4278255360
1.0692151 6.7100492 0.94793898 4278255360
1.109396 6.6974955 0.9471392 4278255360
1.1620507 6.7579589 0.9563365 4278255360
3.8317745 8.4000702 1.275843 4278255360
3.9628453 8.5481462 1.3013022 4278255360
4.0629373 8.6249876 1.3163645 4278255360
4.1705365 8.7143288 1.3334261 4278255360
4.2564211 8.7554274 1.3434232 4278255360
4.2920766 8.692709 1.3379581 4278255360
4.3026953 8.5811558 1.3251619 4278255360
4.3188515 8.4830503 1.314365 4278255360
4.3612666 8.4379005 1.3115659 4278255360
4.4055924 8.3969393 1.3094332 4278255360
4.4472513 8.3513775 1.3066339 4278255360
4.4974685 8.3221893 1.3063674 4278255360
4.5298662 8.2605438 1.3011689 4278255360
-1.3469487 5.6385989 0.60204893 4278255360
-1.3132273 5.6506348 0.60243857 4278255360
-1.2754582 5.6449957 0.60107481 4278255360
-1.2185907 5.5516205 0.59094429 4278255360
-1.1674842 5.4791775 0.58295673 4278255360
-1.1277952 5.4569993 0.58003443 4278255360
-1.0798165 5.3916049 0.57282615 4278255360
-1.0357169 5.3414621 0.56717646 4278255360
-0.99594587 5.3105464 0.56347489 4278255360
-0.95872462 5.2910962 0.56094223 4278255360
-0.91422993 5.2282553 0.55412358 4278255360
-0.87550998 5.1945114 0.55022722 4278255360
-0.83867466 5.1693325 0.54720753 4278255360
-0.79880428 5.1222644 0.54204488 4278255360
-0.76146054 5.0876989 0.53814852 4278255360
-0.7227326 5.0400629 0.53298581 4278255360
-0.68773216 5.014823 0.53006351 4278255360
-0.65229279 4.9834232 0.52655679 4278255360
-0.616032 4.9419031 0.52207595 4278255360
-0.58511138 4.9406486 0.52158892 4278255360
-0.55645233 4.958981 0.52305007 4278255360
-0.53032237 5.0028787 0.52704382 4278255360
-0.50100136 5.0199027 0.52840757 4278255360
-0.47427911 5.0664821 0.53269356 4278255360
-0.44422495 5.0811939 0.53386247 4278255360
-0.41328126 5.0868001 0.53415471 4278255360
-1.3426812 5.6250987 0.38993689 4278255360
-1.313563 5.6565647 0.39140624 4278255360
-1.2823495 5.6800957 0.39238581 4278255360
-1.2190148 5.5581927 0.38424319 4278255360
-1.1688725 5.4903994 0.37952903 4278255360
-1.1250625 5.4485946 0.37646791 4278255360
-1.081026 5.4025459 0.37316188 4278255360
-1.0413969 5.375761 0.37108031 4278255360
-0.99643445 5.3182836 0.36710081 4278255360
-0.95435244 5.272244 0.36385602 4278255360
-0.91115409 5.2160587 0.35999897 4278255360
-0.87216502 5.180213 0.35742763 4278255360
-0.83269137 5.138175 0.35448894 4278255360
-0.79284406 5.0899324 0.35118291 4278255360
-0.75672275 5.0621262 0.34916255 4278255360
-0.71856427 5.0172734 0.3461014 4278255360
-0.6827479 4.9849997 0.34383619 4278255360
-0.64761388 4.9544563 0.34169337 4278255360
-0.61522633 4.9424891 0.34071383 4278255360
-0.58453608 4.9431977 0.34053016 4278255360
-0.55719924 4.9734726 0.34218317 4278255360
-0.53003877 5.0085597 0.34414229 4278255360
-0.50157654 5.0345612 0.34555042 4278255360
-0.47235 5.0554318 0.34665242 4278255360
-0.44253847 5.072156 0.34750953 4278255360
-0.41253945 5.0887036 0.34836665 4278255360
-1.3690939 5.6023078 0.33558533 4278255360
-1.3453265 5.655293 0.33797675 4278255360
-1.3133034 5.6751165 0.33860061 4278255360
-1.259165 5.5973306 0.33402571 4278255360
-1.2092301 5.5337315 0.33023062 4278255360
-1.1611598 5.4746175 0.32669547 4278255360
-1.1174836 5.4327312 0.32409611 4278255360
-1.0761228 5.3993311 0.32196462 4278255360
-1.034268 5.3607273 0.31957322 4278255360
-0.99091244 5.3110156 0.31660995 4278255360
-0.94767469 5.2580276 0.31349069 4278255360
-0.9064942 5.2125821 0.31078735 4278255360
-0.8640911 5.1559973 0.30751213 4278255360
-0.82623458 5.1227522 0.30548465 4278255360
-0.78881878 5.0892382 0.30345714 4278255360
-0.75243342 5.0594101 0.30163756 4278255360
-0.71714848 5.0342722 0.30007794 4278255360
-0.68112195 5.0009766 0.29810244 4278255360
-0.64282739 4.9466329 0.29503518 4278255360
-0.60976452 4.9286804 0.29389146 4278255360
-0.57962781 4.933321 0.29394343 4278255360
-0.55144614 4.9556422 0.2949312 4278255360
-0.52426517 4.9897208 0.29654282 4278255360
-0.49609679 5.0176888 0.2978425 4278255360
-0.46769702 5.0464921 0.29919416 4278255360
-0.4390485 5.0761299 0.30059782 4278255360
-0.4084537 5.0856967 0.30096173 4278255360
-1.4160466 5.6581478 0.28506446 4278255360
-1.3857969 5.685173 0.28587666 4278255360
-1.3116856 5.5283103 0.27860957 4278255360
-1.2761674 5.5294399 0.27831033 4278255360
-1.2454952 5.5517893 0.27895156 4278255360
-1.198434 5.4997797 0.27634394 4278255360
-1.1572253 5.4718404 0.27480504 4278255360
-1.1085787 5.4054337 0.27159896 4278255360
-1.0623484 5.346478 0.2687349 4278255360
-1.0251842 5.3303299 0.26775169 4278255360
-0.98697996 5.3070526 0.26646927 4278255360
-0.93956435 5.2304068 0.26287848 4278255360
-0.90046078 5.1957121 0.26112583 4278255360
-0.86099613 5.1558089 0.25915945 4278255360
-0.82411528 5.1284423 0.25774878 4278255360
-0.7848596 5.0830455 0.25556865 4278255360
-0.74794847 5.0492215 0.25390151 4278255360
-0.71106136 5.0121698 0.2521061 4278255360
-0.67505991 4.9778271 0.25043896 4278255360
-0.64001942 4.947196 0.24894278 4278255360
-0.60769922 4.9351645 0.24825883 4278255360
-0.57833385 4.9467392 0.24860081 4278255360
-0.5491789 4.9611177 0.24907103 4278255360
-0.52080315 4.9842677 0.24992597 4278255360
-0.49011275 4.9863753 0.24988323 4278255360
-0.46399462 5.0380378 0.25197786 4278255360
-0.43657708 5.0816021 0.25373051 4278255360
-0.40515068 5.0811977 0.25360227 4278255360
-1.3652003 5.619307 0.22950487 4278255360
-1.3366711 5.6528668 0.23037598 4278255360
-1.2990503 5.6482992 0.22994043 4278255360
-1.2454122 5.5713043 0.22702557 4278255360
-1.1946758 5.5026569 0.22441225 4278255360
-1.1522418 5.4688082 0.22300509 4278255360
-1.10727 5.4199581 0.22109535 4278255360
-1.0551862 5.3315463 0.21784545 4278255360
-1.017568 5.3123984 0.21697435 4278255360
-0.97567886 5.2684212 0.21526565 4278255360
-0.93595028 5.2329869 0.21385849 4278255360
-0.89567494 5.1913552 0.21225028 4278255360
-0.85349023 5.1346393 0.21013953 4278255360
-0.81676567 5.1072111 0.20903389 4278255360
-0.77904552 5.0706358 0.20762673 4278255360
-0.74355173 5.0456572 0.2066216 4278255360
-0.70755714 5.0144968 0.20541546 4278255360
-0.67090595 4.975162 0.20394129 4278255360
-0.63718337 4.9544024 0.20310368 4278255360
-0.60531694 4.9463143 0.20270163 4278255360
-0.57495552 4.9499354 0.20270163 4278255360
-0.54620826 4.9682722 0.20320418 4278255360
-0.51900768 5.0033417 0.20427632 4278255360
-0.48965386 5.0203586 0.20474538 4278255360
-0.46156263 5.0531278 0.2057505 4278255360
-0.43097171 5.0608439 0.20591801 4278255360
-0.39991087 5.0633931 0.20591801 4278255360
-1.3840427 5.5028157 0.17940879 4278255360
-1.3593436 5.6992741 0.18409014 4278255360
-1.3257046 5.7133498 0.18424197 4278255360
-1.2624476 5.5965586 0.18100297 4278255360
-1.2098826 5.5211987 0.1788521 4278255360
-1.1612046 5.4590969 0.17705546 4278255360
-1.1232394 5.4445801 0.17649877 4278255360
-1.0754939 5.3798113 0.17465153 4278255360
-1.0310574 5.3274231 0.17313325 4278255360
-0.99117041 5.2953281 0.17214638 4278255360
-0.95029199 5.2550764 0.17095706 4278255360
-0.9111492 5.2214179 0.16994488 4278255360
-0.86681283 5.1539602 0.16807234 4278255360
-0.83005524 5.127604 0.1672626 4278255360
-0.79319239 5.0980287 0.16637693 4278255360
-0.75701952 5.0701728 0.16554189 4278255360
-0.72164369 5.0450349 0.16478275 4278255360
-0.68212867 4.9869704 0.16318856 4278255360
-0.64801812 4.9642982 0.16250534 4278255360
-0.61507595 4.9483404 0.16199924 4278255360
-0.58434975 4.9490433 0.16192333 4278255360
-0.55575275 4.968431 0.1623282 4278255360
-0.52904373 5.0075364 0.16323917 4278255360
-0.49959642 5.0236197 0.16356812 4278255360
-0.4705295 5.0455022 0.16404891 4278255360
-0.44086528 5.0632329 0.16442849 4278255360
-0.41092035 5.0797925 0.16478275 4278255360
-1.4114701 5.6341405 0.12919749 4278255360
-1.3766359 5.6417236 0.12918143 4278255360
-1.3574773 5.7152419 0.1302572 4278255360
-1.3181062 5.7049537 0.12995213 4278255360
-1.2846105 5.7197633 0.13006453 4278255360
-1.2040868 5.5194612 0.12664454 4278255360
-1.155903 5.4592514 0.12553664 4278255360
-1.1157457 5.4339199 0.12500678 4278255360
-1.0728207 5.3926125 0.12422002 4278255360
-1.0226908 5.3107295 0.12277495 4278255360
-0.98697281 5.3001943 0.12250199 4278255360
-0.94133031 5.2333293 0.12131383 4278255360
-0.90338677 5.205512 0.12076791 4278255360
-0.86202592 5.1547456 0.1198527 4278255360
-0.82322943 5.1155157 0.11913016 4278255360
-0.78678137 5.087863 0.1186003 4278255360
-0.75246543 5.071825 0.11826312 4278255360
-0.71725017 5.0476389 0.11779749 4278255360
-0.67576271 4.9746652 0.11654509 4278255360
-0.64278328 4.959878 0.11624002 4278255360
-0.60878617 4.9349508 0.11577439 4278255360
-0.57756335 4.9306488 0.11564594 4278255360
-0.54939407 4.9529815 0.11595101 4278255360
-0.52430648 5.0069752 0.11676988 4278255360
-0.49514377 5.0260186 0.11702678 4278255360
-0.46677878 5.0558443 0.1174603 4278255360
-0.43772289 5.0815253 0.1178296 4278255360
-0.40733254 5.0940824 0.11799017 4278255360
-1.3359402 5.630558 0.074455731 4278255360
-1.3200274 5.7195225 0.075006202 4278255360
-1.2457347 5.5528574 0.073819034 4278255360
-1.1975912 5.4959106 0.073381312 4278255360
-1.1539172 5.4561949 0.073062964 4278255360
-1.1111779 5.4181108 0.072757885 4278255360
-1.0625201 5.3473425 0.072233938 4278255360
-1.0200599 5.3036799 0.071895696 4278255360
-0.97872442 5.2626486 0.071577355 4278255360
-0.93775433 5.2203274 0.071252376 4278255360
-0.89887714 5.1865711 0.070987083 4278255360
-0.85830921 5.1397138 0.07063558 4278255360
-0.82009506 5.103416 0.070357025 4278255360
-0.78571486 5.0885863 0.070224382 4278255360
-0.74729985 5.0448413 0.069899403 4278255360
-0.70734555 4.9859667 0.069474943 4278255360
-0.67257488 4.9594946 0.069269344 4278255360
-0.63943827 4.9427023 0.069130071 4278255360
-0.60836548 4.9405775 0.069090277 4278255360
-0.57850343 4.9481902 0.069116801 4278255360
-0.54868084 4.9566164 0.069149964 4278255360
-0.52064615 4.9827647 0.069302507 4278255360
-0.49152911 5.0007935 0.069401987 4278255360
-0.46358511 5.0335884 0.069600955 4278255360
-0.43525708 5.0662274 0.069799922 4278255360
-0.40352768 5.0608282 0.069746867 4278255360
-1.2910898 5.6226783 0.022122309 4278255360
-1.2271801 5.4987321 0.022452176 4278255360
-1.1857971 5.470974 0.022540141 4278255360
-1.1452125 5.4448743 0.022623219 4278255360
-1.1051928 5.4194632 0.022703853 4278255360
-1.0593315 5.3623729 0.022862677 4278255360
-1.0181531 5.3255534 0.022970188 4278255360
-0.97147399 5.255981 0.023158336 4278255360
-0.92779428 5.1978526 0.02331716 4278255360
-0.89079791 5.173882 0.023390464 4278255360
-0.85445774 5.1516271 0.023458881 4278255360
-0.81795222 5.1261597 0.023534628 4278255360
-0.77906728 5.0826464 0.023654358 4278255360
-0.74103802 5.0408297 0.0237692 4278255360
-0.70424747 5.0036907 0.023871826 4278255360
-0.66714209 4.9603453 0.023989111 4278255360
-0.63199288 4.9276452 0.02407952 4278255360
-0.60017312 4.9185257 0.024111284 4278255360
-0.57044172 4.9260893 0.024101511 4278255360
-0.5436855 4.961307 0.024023321 4278255360
-0.51528651 4.9844437 0.02397445 4278255360
-0.4872033 5.0133901 0.023910921 4278255360
-0.45824152 5.0362034 0.023862051 4278255360
-0.42977706 5.0678167 0.023791192 4278255360
-0.40008137 5.0883031 0.023747209 4278255360
-1.3308675 5.5842876 -0.025771352 4278255360
-1.3092334 5.6468968 -0.026377318 4278255360
-1.2802802 5.6801848 -0.02665866 4278255360
-1.2070937 5.513092 -0.024721732 4278255360
-1.1670026 5.4910531 -0.024397107 4278255360
-1.1191469 5.4295578 -0.023639649 4278255360
-1.0789506 5.4020033 -0.023260919 4278255360
-1.0334352 5.3447099 -0.022557566 4278255360
-0.98535287 5.2693715 -0.021659436 4278255360
-0.94926572 5.2546544 -0.021432199 4278255360
-0.90978688 5.219008 -0.020977724 4278255360
-0.868294 5.1682844 -0.020360937 4278255360
-0.82841682 5.1231732 -0.019809075 4278255360
-0.79204696 5.0965424 -0.019462809 4278255360
-0.75647831 5.0726256 -0.019149004 4278255360
-0.7201004 5.0405469 -0.018748634 4278255360
-0.67723393 4.9576874 -0.017796401 4278255360
-0.64486003 4.9468765 -0.017634088 4278255360
-0.61363101 4.9437938 -0.017558342 4278255360
-0.58398843 4.9534245 -0.017623266 4278255360
-0.55536222 4.9728141 -0.017796401 4278255360
-0.52673012 4.9940276 -0.017991176 4278255360
-0.49785855 5.0150762 -0.018185951 4278255360
-0.46856275 5.0339665 -0.018359084 4278255360
-0.43966094 5.0596585 -0.018607963 4278255360
-0.41054201 5.0861816 -0.018867662 4278255360
-0.37969854 5.0935907 -0.018921766 4278255360
-1.338259 5.6299648 -0.079667583 4278255360
-1.2894958 5.5767031 -0.078403175 4278255360
-1.2440689 5.5347624 -0.077379607 4278255360
-1.1996322 5.4944296 -0.076396182 4278255360
-1.1526279 5.4390907 -0.075111702 4278255360
-1.1103747 5.4029703 -0.074228629 4278255360
-1.067046 5.3586941 -0.073184989 4278255360
-1.0273315 5.3297987 -0.072462469 4278255360
-0.98288083 5.2730989 -0.071177997 4278255360
-0.94483614 5.2475433 -0.070535757 4278255360
-0.90457457 5.2069454 -0.069592468 4278255360
-0.86270034 5.1532335 -0.068388276 4278255360
-0.82661027 5.1307921 -0.067826316 4278255360
-0.78837985 5.0922947 -0.066943236 4278255360
-0.74962461 5.0466003 -0.065919675 4278255360
-0.71526396 5.0273495 -0.065437995 4278255360
-0.67914575 4.9930077 -0.064655267 4278255360
-0.64218885 4.9484982 -0.063671842 4278255360
-0.6100964 4.9384542 -0.063390858 4278255360
-0.57966655 4.9411116 -0.063370787 4278255360
-0.55110484 4.960474 -0.063691907 4278255360
-0.52180547 4.9747 -0.063912675 4278255360
-0.49529982 5.0186014 -0.064735547 4278255360
-0.46716917 5.0504169 -0.065317571 4278255360
-0.43694592 5.0621529 -0.065498203 4278255360
-0.40579697 5.0637422 -0.065478131 4278255360
-0.37324271 5.0461955 -0.065076731 4278255360
-0.34498024 5.0882907 -0.065879531 4278255360
-0.31572264 5.1222444 -0.066521771 4278255360
-0.28633848 5.1610212 -0.067264356 4278255360
-1.2359349 5.5136828 -0.13105437 4278255360
-1.1963401 5.494792 -0.13025339 4278255360
-1.1514459 5.4492188 -0.12865141 4278255360
-1.1077582 5.4062405 -0.12713844 4278255360
-1.0634741 5.3570509 -0.12544745 4278255360
-1.0230412 5.3242111 -0.12426081 4278255360
-0.97848839 5.2665091 -0.1223325 4278255360
-0.93891871 5.2320762 -0.12111618 4278255360
-0.89656985 5.1786437 -0.11933621 4278255360
-0.86017382 5.1564407 -0.11850555 4278255360
-0.82170868 5.1191835 -0.1172299 4278255360
-0.78175342 5.0688071 -0.11556859 4278255360
-0.74361759 5.0260458 -0.11414462 4278255360
-0.70743787 4.9929061 -0.1130173 4278255360
-0.66981578 4.9456458 -0.11147466 4278255360
-0.63561678 4.9199228 -0.11058466 4278255360
-0.60602641 4.9286904 -0.11073299 4278255360
-0.57623649 4.9362874 -0.11085166 4278255360
-0.54692483 4.9486723 -0.11111866 4278255360
-0.51934856 4.9787774 -0.11191965 4278255360
-0.49171594 5.011714 -0.11280964 4278255360
-0.46205267 5.0265813 -0.11316562 4278255360
-0.43265206 5.0462523 -0.11366995 4278255360
-0.40421566 5.0806971 -0.11461928 4278255360
-0.33835408 5.0334148 -0.11307663 4278255360
-0.30855879 5.0533547 -0.11361063 4278255360
-0.28296554 5.1539607 -0.11654758 4278255360
-1.3270966 5.6211395 -0.18710537 4278255360
-1.2878877 5.6087241 -0.1862919 4278255360
-1.2299583 5.5111895 -0.18210834 4278255360
-1.1891391 5.4864049 -0.18083003 4278255360
-1.143738 5.4378586 -0.17862205 4278255360
-1.0949876 5.369381 -0.17563933 4278255360
-1.0542809 5.3367853 -0.17408986 4278255360
-1.0142031 5.3048749 -0.17257914 4278255360
-0.97292376 5.2638316 -0.17071977 4278255360
-0.9311341 5.2165809 -0.16862801 4278255360
-0.8931796 5.1877284 -0.16727223 4278255360
-0.8518576 5.1359344 -0.16502549 4278255360
-0.81513745 5.1085005 -0.16374719 4278255360
-0.77651769 5.0659947 -0.16188782 4278255360
-0.73859572 5.0241971 -0.1600672 4278255360
-0.70218992 4.9890537 -0.15851775 4278255360
-0.66863781 4.9714808 -0.15766554 4278255360
-0.63063091 4.9170117 -0.15538007 4278255360
-0.59996533 4.916821 -0.15522513 4278255360
-0.57162142 4.9362922 -0.15584491 4278255360
-0.54306108 4.9555998 -0.1564647 4278255360
-0.51408005 4.972754 -0.15700701 4278255360
-0.48674211 5.008636 -0.15828532 4278255360
-0.45762736 5.0294409 -0.15898259 4278255360
-0.42953968 5.065012 -0.16026089 4278255360
-0.39845327 5.0675521 -0.16026089 4278255360
-0.33557728 5.0620894 -0.15987353 4278255360
-0.30277604 5.0351272 -0.15875016 4278255360
-0.2457687 5.1392732 -0.16266257 4278255360
-1.3149965 5.676249 -0.2368332 4278255360
-1.2627938 5.6072288 -0.23312555 4278255360
-1.2080703 5.5221715 -0.22866701 4278255360
-1.1600449 5.4630389 -0.22547562 4278255360
-1.1148077 5.4133105 -0.22275355 4278255360
-1.0745286 5.3847847 -0.221064 4278255360
-1.0293326 5.3285093 -0.21806034 4278255360
-0.98652053 5.2807217 -0.21547908 4278255360
-0.94699746 5.2473559 -0.2136018 4278255360
-0.90809274 5.2146893 -0.21177144 4278255360
-0.8686319 5.1758337 -0.2096595 4278255360
-0.83191454 5.1504974 -0.20820461 4278255360
-0.7929334 5.1081266 -0.20595187 4278255360
-0.75111526 5.0427494 -0.20261969 4278255360
-0.7167691 5.023531 -0.20149331 4278255360
-0.68038887 4.9872565 -0.19956909 4278255360
-0.64435184 4.9497356 -0.19759795 4278255360
-0.61224616 4.9397178 -0.1969409 4278255360
-0.58227599 4.9463577 -0.1970817 4278255360
-0.55202562 4.95083 -0.19712862 4278255360
-0.52310425 4.9680314 -0.19778568 4278255360
-0.49645942 5.0099139 -0.19961603 4278255360
-0.46904245 5.0486717 -0.20130558 4278255360
-0.43952551 5.0683722 -0.20210344 4278255360
-0.40946296 5.0839171 -0.20271355 4278255360
-0.37595919 5.0554538 -0.20125866 4278255360
-0.34622702 5.0766001 -0.20215036 4278255360
-0.31463695 5.07165 -0.20182183 4278255360
-1.3361051 5.6252804 -0.28921914 4278255360
-1.2551566 5.5886497 -0.28617656 4278255360
-1.2036008 5.5172338 -0.28161266 4278255360
-1.1589681 5.4737244 -0.27868277 4278255360
-1.1117014 5.4142289 -0.27485135 4278255360
-1.0673523 5.3651328 -0.27163973 4278255360
-1.0238369 5.3166795 -0.26848444 4278255360
-0.98607582 5.2953787 -0.2669068 4278255360
-0.94454843 5.251215 -0.26403326 4278255360
-0.90377128 5.207727 -0.26121604 4278255360
-0.86175162 5.1531062 -0.25777903 4278255360
-0.82567334 5.1306963 -0.25620139 4278255360
-0.7824235 5.0596924 -0.25186288 4278255360
-0.74696577 5.03477 -0.25017256 4278255360
-0.7133891 5.0204773 -0.24910203 4278255360
-0.6786716 4.9960699 -0.24746804 4278255360
-0.64222664 4.9555845 -0.24493255 4278255360
-0.61058468 4.949523 -0.2443691 4278255360
-0.57822788 4.9363189 -0.24341124 4278255360
-0.5499106 4.9576354 -0.24442545 4278255360
-0.52301806 4.9946775 -0.24634115 4278255360
-0.49334085 5.0077286 -0.2469046 4278255360
-0.46407422 5.0265684 -0.2478061 4278255360
-0.43699571 5.0730891 -0.25028524 4278255360
-0.40737271 5.0945845 -0.2513558 4278255360
-0.37338468 5.0601473 -0.24927105 4278255360
-0.30929902 5.0324593 -0.24746804 4278255360
-1.2382035 5.5328817 -0.33539364 4278255360
-1.1921532 5.4847946 -0.33165574 4278255360
-1.1498288 5.4509988 -0.32890147 4278255360
-1.1033664 5.3944063 -0.32463896 4278255360
-1.0632654 5.3658371 -0.32227817 4278255360
-1.0184838 5.3105206 -0.3181468 4278255360
-0.97896832 5.279387 -0.31565487 4278255360
-0.93952191 5.2460051 -0.31303179 4278255360
-0.89610678 5.1867738 -0.30870369 4278255360
-0.85591114 5.1419749 -0.30535924 4278255360
-0.81598383 5.0949087 -0.30188364 4278255360
-0.77985233 5.0682597 -0.29978517 4278255360
-0.74582648 5.0532064 -0.29847363 4278255360
-0.71006066 5.0240941 -0.296244 4278255360
-0.67000717 4.960124 -0.29171917 4278255360
-0.63675594 4.942369 -0.29027647 4278255360
-0.60471886 4.9323168 -0.28935838 4278255360
-0.57478929 4.9389081 -0.2895551 4278255360
-0.54556596 4.9522605 -0.29021087 4278255360
-0.51661295 4.9694099 -0.29112896 4278255360
-0.49222448 5.0350528 -0.29526034 4278255360
-0.46186635 5.0439401 -0.29565379 4278255360
-0.43269017 5.0675583 -0.29703093 4278255360
-0.40206051 5.076086 -0.29742438 4278255360
-0.37047088 5.0724864 -0.29703093 4278255360
-1.2342736 5.5350986 -0.38805187 4278255360
-1.1878437 5.485064 -0.38363841 4278255360
-1.144124 5.4444294 -0.37997296 4278255360
-1.0981631 5.3897867 -0.37526026 4278255360
-1.0583185 5.3621807 -0.3726421 4278255360
-1.0119379 5.298048 -0.36725616 4278255360
-0.97470671 5.2786608 -0.36531126 4278255360
-0.93285465 5.2315278 -0.3612718 4278255360
-0.89094263 5.1801515 -0.35693312 4278255360
-0.85262758 5.1461678 -0.35394093 4278255360
-0.81209785 5.0951695 -0.34967709 4278255360
-0.77267861 5.0468268 -0.34563762 4278255360
-0.73735631 5.0218735 -0.34339347 4278255360
-0.70153767 4.9907527 -0.34070051 4278255360
-0.66374236 4.9415927 -0.33666107 4278255360
-0.62999296 4.9188657 -0.33464134 4278255360
-0.59871554 4.9137292 -0.3339681 4278255360
-0.56946909 4.9252353 -0.33456653 4278255360
-0.54107857 4.9454889 -0.3358382 4278255360
-0.51194984 4.9606194 -0.33673587 4278255360
-0.48428971 4.9924512 -0.33890519 4278255360
-0.45634812 5.0251226 -0.34114933 4278255360
-0.4285273 5.0636001 -0.3438423 4278255360
-0.39892828 5.0850229 -0.3452636 4278255360
-1.2563089 5.5875716 -0.44040358 4278255360
-1.1994457 5.4919782 -0.43158904 4278255360
-1.1589005 5.4670644 -0.42884487 4278255360
-1.1148909 5.4233155 -0.42452076 4278255360
-1.0761379 5.4026899 -0.42219239 4278255360
-1.0269173 5.3260202 -0.41512412 4278255360
-0.98690546 5.293036 -0.41179788 4278255360
-0.9441548 5.2421098 -0.40697482 4278255360
-0.90240824 5.1928239 -0.40231809 4278255360
-0.86443281 5.1618986 -0.3992413 4278255360
-0.82893437 5.1434941 -0.39724556 4278255360
-0.78789264 5.0874276 -0.3920899 4278255360
-0.74889022 5.0399246 -0.38768262 4278255360
-0.71471828 5.0217338 -0.38577002 4278255360
-0.67891443 4.9894905 -0.38269326 4278255360
-0.64109254 4.9382219 -0.37803653 4278255360
-0.60931128 4.9301949 -0.37703863 4278255360
-0.57835072 4.9279022 -0.37653971 4278255360
-0.55141044 4.9610705 -0.3790344 4278255360
-0.52356398 4.9891376 -0.38111329 4278255360
-0.49617845 5.024982 -0.38385743 4278255360
-0.46782058 5.0547237 -0.38610265 4278255360
-0.43756983 5.0664344 -0.38685107 4278255360
-0.40759206 5.0829306 -0.38801524 4278255360
-0.34633568 5.1044517 -0.38942888 4278255360
-0.31494731 5.1054859 -0.38934574 4278255360
-1.2844436 5.5681739 -0.49247479 4278255360
-1.2434988 5.5458312 -0.4896113 4278255360
-1.1977901 5.4998469 -0.48453093 4278255360
-1.1580482 5.4788413 -0.48185217 4278255360
-1.1102099 5.4165878 -0.47529387 4278255360
-1.0676417 5.3764191 -0.47086006 4278255360
-1.0180886 5.2968211 -0.46273145 4278255360
-0.98029089 5.2745786 -0.46005273 4278255360
-0.93594122 5.213851 -0.4537715 4278255360
-0.89764315 5.1831946 -0.4503538 4278255360
-0.84992003 5.0933375 -0.44139385 4278255360
-0.81912565 5.1014061 -0.44167095 4278255360
-0.7837078 5.0797663 -0.43917698 4278255360
-0.74479467 5.0322752 -0.43428132 4278255360
-0.70984918 5.0081601 -0.43160257 4278255360
-0.67402416 4.9749269 -0.42809248 4278255360
-0.63965535 4.9493437 -0.42532137 4278255360
-0.60672063 4.9324217 -0.4233816 4278255360
-0.57667553 4.9380298 -0.42356634 4278255360
-0.54844576 4.9602795 -0.42532137 4278255360
-0.51862019 4.9694934 -0.4258756 4278255360
-0.49103817 5.0023108 -0.42864671 4278255360
-0.4622516 5.0260515 -0.43058649 4278255360
-0.43446958 5.064508 -0.43391183 4278255360
-0.4056794 5.0958633 -0.43659058 4278255360
-0.3745501 5.1002426 -0.43677533 4278255360
-0.34298098 5.0984712 -0.43640584 4278255360
-1.2875749 5.5967598 -0.54961926 4278255360
-1.2421407 5.5550413 -0.54442996 4278255360
-1.1915681 5.4867301 -0.53649342 4278255360
-1.1461886 5.4384522 -0.53069359 4278255360
-1.1038365 5.4015226 -0.52611482 4278255360
-1.0654577 5.381845 -0.52336758 4278255360
-1.0138869 5.2915535 -0.51329422 4278255360
-0.97324741 5.2536573 -0.50871545 4278255360
-0.93381202 5.2193799 -0.50454366 4278255360
-0.89009839 5.1573691 -0.49752283 4278255360
-0.83804649 5.0400653 -0.484804 4278255360
-0.80317807 5.0205545 -0.48226023 4278255360
-0.7753787 5.0450535 -0.48429525 4278255360
-0.73628664 4.9946022 -0.47859719 4278255360
-0.70340264 4.9832649 -0.47696918 4278255360
-0.67400914 4.9963603 -0.47788495 4278255360
-0.6369949 4.9510674 -0.47279739 4278255360
-0.60104537 4.9094605 -0.46811685 4278255360
-0.57297611 4.9308429 -0.46994838 4278255360
-0.54499304 4.9550319 -0.47208515 4278255360
-0.51827425 4.9939046 -0.47574818 4278255360
-0.48965028 5.0177827 -0.47788495 4278255360
-0.45966691 5.0296092 -0.47880068 4278255360
-0.43116051 5.0600891 -0.48164973 4278255360
-0.40292388 5.0983415 -0.48531273 4278255360
-1.225432 5.4908938 -0.59014624 4278255360
-1.1870893 5.4769406 -0.58770537 4278255360
-1.1426276 5.4325747 -0.58182514 4278255360
-1.0993507 5.3907928 -0.57627767 4278255360
-1.0548978 5.339911 -0.56973171 4278255360
-1.0075682 5.2701416 -0.56107771 4278255360
-0.96979803 5.2469053 -0.55774927 4278255360
-0.89361739 5.0062027 -0.52979022 4278255360
-0.86355698 5.0155096 -0.53023404 4278255360
-0.84040159 5.0667953 -0.53544861 4278255360
-0.79725081 4.9962859 -0.5269056 4278255360
-0.76492465 4.9902778 -0.52568513 4278255360
-0.73255789 4.9830775 -0.52435374 4278255360
-0.70210683 4.9884629 -0.52446473 4278255360
-0.66830969 4.9690375 -0.52180195 4278255360
-0.63465118 4.9484005 -0.51902825 4278255360
-0.60139143 4.9285245 -0.51636547 4278255360
-0.56931281 4.916326 -0.51459026 4278255360
-0.53967655 4.9246664 -0.515145 4278255360
-0.5137344 4.9694052 -0.51980484 4278255360
-0.48563206 4.9971933 -0.5225786 4278255360
-0.45837653 5.0376897 -0.52679461 4278255360
-0.42946875 5.0641742 -0.52945739 4278255360
-0.40048638 5.0934653 -0.532453 4278255360
-1.236572 5.5240011 -0.69399381 4278255360
-1.190852 5.4772158 -0.68681031 4278255360
-1.1518972 5.4591904 -0.68347514 4278255360
-1.1012779 5.3825979 -0.67244339 4278255360
-1.0472064 5.2832184 -0.65846127 4278255360
-0.99813479 5.2028613 -0.64704466 4278255360
-0.93905282 5.0626235 -0.62780321 4278255360
-0.90622205 5.0585284 -0.62652045 4278255360
-0.87094277 5.0395627 -0.62331355 4278255360
-0.83267152 5.0007901 -0.61754113 4278255360
-0.79726332 4.976428 -0.61369282 4278255360
-0.77350545 5.0253344 -0.61946529 4278255360
-0.74482971 5.0447025 -0.62138939 4278255360
-0.70677853 4.9990973 -0.6148473 4278255360
-0.66997963 4.9581313 -0.60894662 4278255360
-0.63497859 4.9267392 -0.60432863 4278255360
-0.60437435 4.9275899 -0.60394382 4278255360
-0.57584912 4.9459815 -0.60586798 4278255360
-0.54722959 4.9651942 -0.60792041 4278255360
-0.51973039 4.9970641 -0.61164039 4278255360
-0.49166736 5.0268087 -0.61510384 4278255360
-0.46298715 5.0534334 -0.61818248 4278255360
-0.43366075 5.0759416 -0.62074804 4278255360
-0.40321293 5.0874047 -0.62190253 4278255360
-1.2211224 5.4715695 -0.79536462 4278255360
-1.1797796 5.4431911 -0.78992122 4278255360
-1.1380178 5.4106407 -0.78388935 4278255360
-1.0550286 5.1732831 -0.74681538 4278255360
-1.046826 5.2990174 -0.764911 4278255360
-0.96084332 5.0255342 -0.7225408 4278255360
-0.92334312 4.9953461 -0.71709734 4278255360
-0.88607621 4.9639149 -0.71150684 4278255360
-0.84302616 4.8961482 -0.70047295 4278255360
-0.81636351 4.9217205 -0.70356244 4278255360
-0.79175413 4.9618015 -0.70885873 4278255360
-0.76623428 4.9988313 -0.71371365 4278255360
-0.72706938 4.9456997 -0.7050336 4278255360
-0.69684714 4.9510474 -0.70518076 4278255360
-0.66658664 4.9562101 -0.70532787 4278255360
-0.62962902 4.9091897 -0.69767767 4278255360
-0.59889674 4.908051 -0.69694209 4278255360
-0.56990635 4.9214592 -0.69841325 4278255360
-0.5399133 4.9268298 -0.69870752 4278255360
-0.51454681 4.9772768 -0.70576924 4278255360
-0.48571625 4.9980612 -0.70841736 4278255360
-0.45620263 5.0137534 -0.71032989 4278255360
-0.42659807 5.0302567 -0.71238959 4278255360
-0.99356288 5.1968226 -0.94541454 4278255360
-0.94558907 5.1158109 -0.92895156 4278255360
-0.91176486 5.1079664 -0.92639065 4278255360
-0.88123912 5.1183095 -0.92730528 4278255360
-0.84676373 5.1051922 -0.92382973 4278255360
-0.81372064 5.0996118 -0.9218176 4278255360
-8.9878902 0.48447073 0.91560912 4294967040
-9.3235188 0.55992419 0.94882566 4294967040
-8.852169 0.58619291 0.90294594 4294967040
-9.5142345 0.80610842 0.96918422 4294967040
-8.9466391 -0.34181908 0.91093349 4294967040
-8.9654779 -0.28746092 0.91258943 4294967040
-9.0866785 -0.12400051 0.92408377 4294967040
-9.2924395 0.044233717 0.94415003 4294967040
-8.8871861 0.15141806 0.90460187 4294967040
-8.6900787 0.2014219 0.88541228 4294967040
-9.4069386 0.27572754 0.9557417 4294967040
-9.0647545 0.37711081 0.92262262 4294967040
-9.2392235 0.44115692 0.93996143 4294967040
-8.9580441 0.48443553 0.58548236 4294967040
-9.6224403 0.57953691 0.62650162 4294967040
-9.6117315 0.63810599 0.62607306 4294967040
-9.575779 0.69476193 0.62411392 4294967040
-9.3185921 0.73363006 0.6085633 4294967040
-9.3715992 0.79568642 0.61211425 4294967040
-9.3054962 0.90522367 0.60868579 4294967040
-9.4993258 0.98293537 0.62099153 4294967040
-9.5159369 1.0437045 0.62239969 4294967040
-10.289662 1.192436 0.670582 4294967040
-8.6674271 -0.32960716 0.56723797 4294967040
-8.8757925 -0.28302336 0.57991111 4294967040
-9.4151716 -0.24245529 0.61291015 4294967040
-9.4691906 -0.011388193 0.61603248 4294967040
-8.8649111 0.20700797 0.57911521 4294967040
-8.7676954 0.25858268 0.57323778 4294967040
-9.0073376 0.32095399 0.5880537 4294967040
-9.7282114 0.40635324 0.63244021 4294967040
-9.5560474 0.45792997 0.62203234 4294967040
-8.9104681 0.16048396 0.49929354 4294967040
-8.8114767 0.21279491 0.49419877 4294967040
-8.8858681 0.26915255 0.49814981 4294967040
-8.9838476 0.3273029 0.50334853 4294967040
-9.6521549 0.41094717 0.53828406 4294967040
-8.9093323 0.43412387 0.49970943 4294967040
-10.35137 0.56802952 0.57503915 4294967040
-10.407497 0.63518214 0.57815838 4294967040
-10.383476 0.69769096 0.57711864 4294967040
-10.496525 0.77000785 0.58325315 4294967040
-10.31938 0.82070661 0.57425934 4294967040
-9.3370571 0.80029166 0.52320772 4294967040
-9.8074446 1.0227617 0.54868156 4294967040
-8.5346899 -0.58033609 0.48068208 4294967040
-7.8182702 -0.4352847 0.44299123 4294967040
-8.478096 -0.41987959 0.4772509 4294967040
-8.4695377 -0.36737466 0.47667903 4294967040
-7.8219638 -0.29119059 0.44283527 4294967040
-9.3990526 -0.061438467 0.52466339 4294967040
-8.8778133 0.050933007 0.49752596 4294967040
-9.546381 0.11332782 0.53235751 4294967040
-9.0245733 -0.053348184 0.42164284 4294967040
-8.777957 0.0019633018 0.4110842 4294967040
-8.8806829 0.056481592 0.4154872 4294967040
-9.341711 0.11675396 0.43523654 4294967040
-9.3777781 0.17476133 0.43681821 4294967040
-9.2736549 0.22974719 0.43241522 4294967040
-9.0633621 0.28018627 0.42348099 4294967040
-9.3250494 0.34556854 0.43476632 4294967040
-9.0981693 0.3930696 0.42514813 4294967040
-9.1065626 0.4494296 0.42561835 4294967040
-9.1355553 0.50707078 0.42698628 4294967040
-9.0764294 0.55967081 0.42459241 4294967040
-9.2492571 0.62732404 0.43215874 4294967040
-10.428909 0.77168286 0.48294279 4294967040
-10.044907 1.1162772 0.46793842 4294967040
-8.1610022 -0.54985207 0.38547841 4294967040
-7.8570781 -0.48097596 0.37231219 4294967040
-7.8728499 -0.43347034 0.37286788 4294967040
-7.9202666 -0.38734978 0.37479153 4294967040
-7.8236752 -0.33452299 0.37055951 4294967040
-7.8934727 -0.28899473 0.37346637 4294967040
-8.7599058 -0.26687425 0.41048571 4294967040
-7.958827 -0.4318907 0.30284524 4294967040
-7.9773002 -0.3838149 0.30338129 4294967040
-8.0364227 -0.33724236 0.30529103 4294967040
-8.0772943 -0.28931656 0.30659768 4294967040
-8.7860746 0.0089689568 0.33018455 4294967040
-8.8588114 0.063408367 0.33263034 4294967040
-9.554801 0.12709109 0.35598266 4294967040
-9.3770285 0.29741344 0.35015297 4294967040
-9.1902647 0.3479321 0.34395471 4294967040
-9.2199078 0.40572494 0.34502682 4294967040
-9.8720503 0.49519208 0.3670055 4294967040
-10.12727 0.570333 0.37568304 4294967040
-10.140447 0.69600618 0.37638661 4294967040
-9.1941538 0.68768114 0.34472531 4294967040
-10.235744 0.9554401 0.3802731 4294967040
-8.0327072 -0.53482854 0.30552557 4294967040
-7.9719892 -0.48167974 0.30338129 4294967040
-9.5868473 0.52006114 0.27880517 4294967040
-10.09139 0.60950947 0.29168519 4294967040
-9.4720154 0.63050616 0.27607226 4294967040
-10.103375 0.79711926 0.29231781 4294967040
-9.9867325 0.84961593 0.2894837 4294967040
-10.008182 1.0373112 0.29047057 4294967040
-9.787981 1.0752493 0.28503007 4294967040
-9.8139687 1.1390877 0.28586513 4294967040
-8.0549393 -0.60236681 0.24024099 4294967040
-8.5830774 -0.58898205 0.25355119 4294967040
-8.2832203 -0.51733148 0.24585859 4294967040
-8.0526848 -0.45332417 0.23993734 4294967040
-8.053318 -0.40380496 0.23988672 4294967040
-8.7734327 -0.11662798 0.25787827 4294967040
-8.9771919 0.26631185 0.26311633 4294967040
-9.0842848 0.32527882 0.26587451 4294967040
-9.1859932 0.38536084 0.2685062 4294967040
-9.170475 0.44109461 0.26817724 4294967040
-9.0922956 0.16693337 0.18195862 4294967040
-9.0871019 0.22262168 0.18189439 4294967040
-9.2374744 0.28302443 0.18433496 4294967040
-9.0916796 0.33441141 0.18202284 4294967040
-9.1813602 0.39413291 0.18350002 4294967040
-9.3162613 0.57188225 0.18581215 4294967040
-10.10068 0.6822443 0.19849665 4294967040
-9.2337542 0.68065351 0.18460791 4294967040
-10.179257 0.81314784 0.19990961 4294967040
-9.3552074 0.80514193 0.1867113 4294967040
-9.9177799 0.97628784 0.19595975 4294967040
-9.837019 1.0293218 0.19475552 4294967040
-9.8036861 1.0866878 0.194322 4294967040
-9.7670412 1.143335 0.19384031 4294967040
-8.7409534 -0.69915134 0.1767403 4294967040
-8.792942 -0.64903927 0.17751101 4294967040
-8.696003 -0.58825535 0.17588933 4294967040
-8.2084398 -0.50468051 0.1679896 4294967040
-8.0766058 -0.44684356 0.165822 4294967040
-8.1780634 -0.40214318 0.16741158 4294967040
-8.1143389 -0.099957205 0.16623946 4294967040
-9.1161442 0.11142128 0.18232791 4294967040
-8.181469 -0.14880855 0.090346485 4294967040
-8.1562309 -0.09829282 0.090174049 4294967040
-8.1726799 -0.048339352 0.09028016 4294967040
-8.179822 0.0018099728 0.090326585 4294967040
-9.8560762 0.30471748 0.10147532 4294967040
-9.0605841 0.33575979 0.096209355 4294967040
-9.2371817 0.3990798 0.097396515 4294967040
-9.0269089 0.50103694 0.096036911 4294967040
-9.3420525 0.57605809 0.098152585 4294967040
-9.1028891 0.61739218 0.09658739 4294967040
-9.7910204 0.72446495 0.10119013 4294967040
-9.1434689 0.73296905 0.096912362 4294967040
-10.095218 0.87166733 0.10327928 4294967040
-9.929368 0.91875589 0.1022115 4294967040
-9.9046354 0.97779691 0.10208549 4294967040
-9.6607599 1.0136068 0.10050039 4294967040
-6.7674298 0.79402786 0.081266999 4294967040
-8.1603212 -0.54980624 0.090319954 4294967040
-8.3002825 -0.50809079 0.091228567 4294967040
-8.6686831 -0.47725898 0.093655951 4294967040
-8.6524715 -0.42313257 0.09352994 4294967040
-8.1773443 -0.29937744 0.090346485 4294967040
-8.7929764 -0.41989049 0.014708856 4294967040
-7.9555783 -0.23331767 0.016771136 4294967040
-7.9558606 -0.18447571 0.016773578 4294967040
-8.1918087 -0.13963683 0.016199365 4294967040
-8.1775122 -0.089208141 0.016236018 4294967040
-8.1339064 -0.038824767 0.01634353 4294967040
-8.1659908 0.011131623 0.016265338 4294967040
-8.1837683 0.061373845 0.016221358 4294967040
-8.3822184 0.11432131 0.015735108 4294967040
-9.4301491 0.18659887 0.013171921 4294967040
-8.8650188 0.22978923 0.014550031 4294967040
-10.047826 0.32226691 0.011654533 4294967040
-9.0593853 0.34613743 0.014066227 4294967040
-9.3837681 0.41623834 0.013267215 4294967040
-9.36306 0.47289863 0.013311198 4294967040
-9.4069061 0.53300339 0.013196355 4294967040
-9.8685379 0.6199708 0.012057703 4294967040
-9.5044079 0.65563577 0.012939792 4294967040
-9.377553 0.70471299 0.013240337 4294967040
-9.3650789 0.76159018 0.013259885 4294967040
-9.07831 0.79434466 0.013951384 4294967040
-8.7596064 -0.742239 0.014738178 4294967040
-8.7300997 -0.6858176 0.014821255 4294967040
-8.7231722 -0.63144469 0.014848133 4294967040
-8.0942659 -0.53607726 0.016397286 4294967040
-8.3279877 -0.5002284 0.015832847 4294967040
-9.4894228 0.51644868 -0.066490136 4294967040
-9.1042318 0.6076566 -0.062389042 4294967040
-10.184398 0.74244481 -0.074151285 4294967040
-9.8417234 0.77822924 -0.070483021 4294967040
-7.1089277 0.65024811 -0.040898874 4294967040
-6.9088912 0.76044577 -0.038864557 4294967040
-8.1963673 -0.56096685 -0.052552905 4294967040
-7.9489188 -0.29942867 -0.049728669 4294967040
-7.9695959 -0.25125009 -0.049934264 4294967040
-7.9499955 -0.2018097 -0.049707029 4294967040
-7.9560833 -0.1531224 -0.049761131 4294967040
-8.0488596 -0.10551761 -0.050756648 4294967040
-8.0573549 -0.056185383 -0.050843216 4294967040
-8.051548 -0.0067396658 -0.050778292 4294967040
-8.3539877 0.095497914 -0.054057002 4294967040
-8.3682413 0.14701715 -0.054219313 4294967040
-8.4761448 0.20093298 -0.055398785 4294967040
-8.6256762 0.25742707 -0.05703273 4294967040
-9.2305088 0.33211672 -0.063600972 4294967040
-9.1923313 0.38723603 -0.063211426 4294967040
-9.19977 0.44411305 -0.063319631 4294967040
-8.9637108 0.16300893 -0.14346991 4294967040
-8.9370518 0.27226529 -0.14298823 4294967040
-8.7823458 0.3215057 -0.13991754 4294967040
-9.0858679 0.3884452 -0.14605893 4294967040
-9.1981525 0.44979993 -0.14836699 4294967040
-9.0654421 0.4990896 -0.14575788 4294967040
-9.1031246 0.55720788 -0.14658076 4294967040
-9.040679 0.60908979 -0.14539663 4294967040
-9.3149652 0.68499994 -0.15099615 4294967040
-9.8188734 0.78264219 -0.16123182 4294967040
-7.8710117 -0.29163989 -0.12161376 4294967040
-7.8866434 -0.24377173 -0.12189473 4294967040
-7.9319682 -0.19646648 -0.12277781 4294967040
-8.0469818 -0.1499203 -0.12506579 4294967040
-8.0647449 -0.10075505 -0.12540697 4294967040
-7.9872289 -0.050770316 -0.12384152 4294967040
-7.98839 -0.0017609 -0.12386159 4294967040
-8.4531488 0.049988408 -0.1331941 4294967040
-9.0065308 0.1085101 -0.14431286 4294967040
-7.9302163 -0.14286017 -0.19875275 4294967040
-7.9939117 -0.094944224 -0.20062171 4294967040
-8.1122894 -0.046565611 -0.20412233 4294967040
-8.0144663 0.003169131 -0.20121504 4294967040
-7.9823103 0.052134868 -0.20026572 4294967040
-9.6697273 0.24126329 -0.25043133 4294967040
-9.3883238 0.29188538 -0.2421248 4294967040
-9.3883533 0.34955999 -0.24218412 4294967040
-9.339097 0.40512183 -0.24078982 4294967040
-9.5760355 0.47429213 -0.24790971 4294967040
-9.1178513 0.50768661 -0.2343819 4294967040
-9.233285 0.57096821 -0.23791218 4294967040
-6.9628477 0.47340259 -0.17048082 4294967040
-7.0196214 0.5205546 -0.17226079 4294967040
-6.8160291 0.547521 -0.16629787 4294967040
-6.9350295 0.59993428 -0.16994682 4294967040
-7.8702335 -0.19009449 -0.19700244 4294967040
-7.870954 -0.13420084 -0.26837477 4294967040
-7.8286643 -0.085438803 -0.26670912 4294967040
-7.7630916 -0.037093509 -0.2641525 4294967040
-8.00877 0.060043294 -0.2736817 4294967040
-9.584918 0.13084626 -0.33480808 4294967040
-8.9655218 0.17736322 -0.31083012 4294967040
-9.1410713 0.23697123 -0.3176865 4294967040
-9.673768 0.31023797 -0.33841059 4294967040
-9.1584444 0.34993154 -0.31849995 4294967040
-9.1720972 0.40683004 -0.31911975 4294967040
-9.17342 0.46330327 -0.31927469 4294967040
-6.939672 0.39298469 -0.23265962 4294967040
-6.9401221 0.43574652 -0.23277584 4294967040
-7.0290298 0.48465684 -0.2363396 4294967040
-6.9990201 0.52575284 -0.23529372 4294967040
-6.8871036 0.55984998 -0.23107143 4294967040
-6.8566618 0.59974366 -0.23002553 4294967040
-6.9180465 0.37795156 -0.28859931 4294967040
-6.9066238 0.41984838 -0.28817692 4294967040
-7.1042495 0.47560596 -0.29761028 4294967040
-7.1400509 0.52202386 -0.29944062 4294967040
-7.1596165 0.56763762 -0.30052006 4294967040
-7.7238393 -0.099871032 -0.32600421 4294967040
-8.4265156 -0.057325367 -0.35899746 4294967040
-9.6243868 -0.0065412195 -0.41526908 4294967040
-8.4483557 0.14989416 -0.3600769 4294967040
-9.1010132 0.3290627 -0.39095825 4294967040
-8.9431334 0.378328 -0.38363683 4294967040
-6.8693509 0.33303553 -0.28620577 4294967040
-8.9691925 0.16467713 -0.46918279 4294967040
-8.9749994 0.2198789 -0.46957719 4294967040
-8.8686972 0.27173716 -0.46366104 4294967040
-7.0849037 0.26066187 -0.36303017 4294967040
-8.9095821 0.38247475 -0.46619654 4294967040
-7.1459899 0.35076395 -0.36669254 4294967040
-7.0958524 0.39196306 -0.36398801 4294967040
-7.080359 0.43470016 -0.36325553 4294967040
-9.2222557 0.62293684 -0.48456475 4294967040
-7.0924139 0.52287489 -0.36426973 4294967040
-8.4683456 0.05155858 -0.44084162 4294967040
-8.8512316 0.10819183 -0.4624778 4294967040
-8.6163788 0.0064416835 -0.52904338 4294967040
-8.7872667 0.11441743 -0.54032266 4294967040
-8.7993689 0.16858183 -0.54117519 4294967040
-8.8475027 0.27815163 -0.5445196 4294967040
-9.3751116 0.35234919 -0.57934111 4294967040
-7.1267724 0.31158373 -0.4315955 4294967040
-7.1008077 0.35411316 -0.43002167 4294967040
-7.1194229 0.39884916 -0.43139878 4294967040
-7.1188335 0.44264954 -0.43152994 4294967040
-7.102046 0.48536849 -0.43061185 4294967040
-7.0541553 0.52559847 -0.42766088 4294967040
-7.7630844 -0.035735779 -0.54499209 4294967040
-8.6027975 0.01327672 -0.60797763 4294967040
-8.6982822 0.066806793 -0.61515892 4294967040
-8.6129541 0.11899789 -0.60880047 4294967040
-8.668891 0.17298329 -0.61306435 4294967040
-8.6537104 0.22580582 -0.6120171 4294967040
-8.6940222 0.2802532 -0.61515892 4294967040
-6.9602904 0.26695845 -0.48514834 4294967040
-6.9684834 0.3101055 -0.48589641 4294967040
-6.9883595 0.3539699 -0.48754209 4294967040
-6.9731135 0.39610624 -0.48656964 4294967040
-7.0800257 0.44579113 -0.49479815 4294967040
-7.0642247 0.48832941 -0.4938257 4294967040
-6.9851055 0.38405788 -0.54626125 4294967040
-7.3237948 0.44772732 -0.5747838 4294967040
-8.8610735 0.59611887 -0.70359254 4294967040
-8.1277208 -0.0025476096 -0.64072657 4294967040
-7.7090449 0.044930823 -0.60580099 4294967040
-7.6837125 0.091936521 -0.6037221 4294967040
-8.8776579 0.16057268 -0.70342624 4294967040
-8.1970654 0.19864812 -0.64671379 4294967040
-6.9774857 0.21206689 -0.5450139 4294967040
-9.0902987 0.33185914 -0.72155422 4294967040
-6.8767853 0.29352301 -0.53686458 4294967040
-6.9505019 0.3393971 -0.54318446 4294967040
-7.6646485 0.19050145 -0.67361349 4294967040
-7.0040121 0.2601428 -0.61255658 4294967040
-7.0390911 0.30470547 -0.61597425 4294967040
-7.0649357 0.34926626 -0.61856067 4294967040
-8.4425983 0.46926156 -0.74677104 4294967040
-7.050179 0.43532434 -0.61763692 4294967040
-7.0354538 0.47776619 -0.61652851 4294967040
-8.0510416 -0.14577086 -0.70936096 4294967040
-7.8765492 -0.094264127 -0.69310373 4294967040
-8.8408241 -0.051589306 -0.78251845 4294967040
-7.4728489 0.0022923057 -0.65560126 4294967040
-7.499578 0.048316944 -0.65809524 4294967040
-7.6723828 0.096505001 -0.67416775 4294967040
-7.4306712 -0.084375113 -0.72229046 4294967040
-8.1113987 0.057238165 -0.791888 4294967040
-8.6133652 0.16651903 -0.84337389 4294967040
-7.6564794 0.19499259 -0.74559134 4294967040
-7.3006043 0.27559909 -0.7094698 4294967040
-7.8782482 0.53983045 -0.7699098 4294967040
-7.8729262 -0.037606306 -0.84100103 4294967040
-7.8560624 0.25178447 -0.83955866 4294967040
-8.3398685 0.36983925 -0.89403445 4294967040
-7.950345 0.40141857 -0.85076445 4294967040
-7.9794483 0.25010669 -0.99441701 4294967040
-7.9668617 0.29865471 -0.99300599 4294967040
-7.9757781 0.34800795 -0.99441701 4294967040
-8.0720787 -0.093787894 -1.0059619 4294967040
-8.0229158 -0.043983087 -0.99954808 4294967040
-8.2251368 -0.29171616 -1.1856711 4294967040
-8.3902702 -0.19450213 -1.2097986 4294967040
-7.2916932 -4.1311483 -0.43588331 4278190335
-7.9160085 -3.4364345 -0.60999739 4278190335
-7.6973133 -4.36375 -0.7008484 4278190335
-7.8660917 -3.6645567 -0.6866287 4278190335
-7.9041104 -3.5648832 -0.6860466 4278190335
-7.9048853 -3.5070202 -0.68413401 4278190335
-7.904335 -3.4488838 -0.68213826 4278190335
-7.9244323 -3.3999257 -0.68205512 4278190335
-7.5304294 -4.3241663 -0.76792389 4278190335
-7.8842025 -3.4919829 -0.76228929 4278190335
-7.935605 -3.4566638 -0.76533753 4278190335
-7.908155 -3.3871276 -0.76044184 4278190335
-7.5710583 -4.3412409 -0.85487175 4278190335
-7.9932442 -4.3898134 -0.8949616 4278190335
-7.9888239 -3.8899765 -0.87105012 4278190335
-7.7858405 -3.6736438 -0.84276342 4278190335
-7.8857422 -3.4291191 -0.84174591 4278190335
-7.9578586 -3.4025686 -0.84744394 4278190335
-7.2334819 -4.1434231 -0.89270306 4278190335
-8.0230408 -4.4014783 -0.9836809 4278190335
-7.8356986 -4.2363863 -0.9564985 4278190335
-7.8589134 -4.1868262 -0.95616561 4278190335
-7.7154326 -3.7526109 -0.91988546 4278190335
-7.9533377 -3.3964374 -0.9275409 4278190335
-7.3336353 -3.9137595 -1.0370047 4278190335
-7.2097821 -3.616801 -1.1612494 4278190335
-5.8337231 -3.8591437 1.7712568 4294902015
-5.880641 -3.7872643 1.7712568 4294902015
-5.7978749 -4.3692412 1.5549576 4294902015
-4.9409308 -3.3121512 1.2800173 4294902015
-5.7243218 -3.7867537 1.4718599 4294902015
-5.7449908 -3.7499533 1.4712443 4294902015
-6.0830173 -3.9176338 1.5498281 4294902015
-5.7143641 -3.5817041 1.446828 4294902015
-5.7461896 -3.5041749 1.4439555 4294902015
-5.9568319 -4.6634374 1.3321124 4294902015
-5.4605956 -4.2210708 1.218256 4294902015
-5.4464402 -4.1569843 1.2096279 4294902015
-5.7961049 -4.367907 1.2793291 4294902015
-5.7018251 -4.2422338 1.2534449 4294902015
-5.2795458 -3.8282173 1.1529534 4294902015
-4.786859 -3.4262502 1.0440031 4294902015
-4.9929113 -3.5276451 1.082914 4294902015
-5.9594254 -4.0483327 1.2701935 4294902015
-5.2973609 -3.5511575 1.1282535 4294902015
-5.4982328 -3.637151 1.1651342 4294902015
-5.1820908 -3.3824298 1.0957714 4294902015
-5.0826077 -3.2731762 1.0712407 4294902015
-5.2207127 -3.3169971 1.095264 4294902015
-5.716938 -3.5833178 1.1916951 4294902015
-5.8134198 -3.5943098 1.2067518 4294902015
-5.7200933 -3.4882562 1.1835746 4294902015
-5.1037674 -3.0694928 1.0558455 4294902015
-5.5630951 -3.1625559 1.1319754 4294902015
-5.1009226 -4.7529817 0.97179866 4294902015
-5.3635631 -4.7572541 0.99832422 4294902015
-5.3881798 -4.7203355 0.99752444 4294902015
-5.3990564 -4.6716194 0.9943254 4294902015
-5.5282831 -4.4944272 0.99232596 4294902015
-5.4444799 -4.3710618 0.9731316 4294902015
-5.2320213 -4.1479063 0.93207693 4294902015
-5.2729802 -4.1279459 0.93474287 4294902015
-5.80235 -4.4853158 1.0204511 4294902015
-5.1913671 -3.9120698 0.90835059 4294902015
-5.1794953 -3.8535166 0.90235233 4294902015
-5.2278018 -3.839854 0.90648443 4294902015
-5.067544 -3.6744521 0.87596005 4294902015
-5.4606748 -3.9086883 0.93727541 4294902015
-5.7087455 -4.0335526 0.97419798 4294902015
-5.736937 -3.8971546 0.96686679 4294902015
-5.7525101 -3.8563604 0.96553385 4294902015
-5.7347379 -3.7936459 0.9588691 4294902015
-5.5775676 -3.5920265 0.92634529 4294902015
-5.6452689 -3.4903171 0.92674518 4294902015
-5.4102149 -3.2992308 0.88635701 4294902015
-5.5562558 -3.1586664 0.8936882 4294902015
-6.0647659 -3.3500285 0.96593374 4294902015
-5.9180923 -3.2217498 0.94034123 4294902015
-5.7602763 -2.9103935 0.90208572 4294902015
-5.7340627 -4.3749804 0.74056482 4294902015
-5.7393379 -4.3235435 0.73793477 4294902015
-5.6883254 -4.0701766 0.7192322 4294902015
-5.7099414 -4.0329003 0.71884257 4294902015
-6.0088773 -4.1890616 0.75157207 4294902015
-5.7606406 -3.9636552 0.71903735 4294902015
-5.8276639 -3.9573126 0.72410268 4294902015
-5.8543158 -3.9231427 0.72439486 4294902015
-6.1596775 -4.0732784 0.75741661 4294902015
-5.566565 -3.5835607 0.68260634 4294902015
-5.9845905 -3.6987231 0.72322595 4294902015
-5.9714837 -3.6401711 0.71913481 4294902015
-5.9630027 -3.5849974 0.71562803 4294902015
-5.613265 -3.2355142 0.66877425 4294902015
-5.8674889 -3.3342953 0.69517213 4294902015
-6.2325249 -3.4913731 0.73384356 4294902015
-5.7258835 -3.1614766 0.67481363 4294902015
-6.4502096 -3.0613704 0.73345393 4294902015
-6.3516555 -2.9669638 0.72079074 4294902015
-5.9840107 -2.6182439 0.6739369 4294902015
-5.9469419 -2.5586567 0.66828716 4294902015
-5.8630266 -2.4377096 0.65611106 4294902015
-5.8437877 -2.3877559 0.65250689 4294902015
-5.8666406 -2.3551922 0.65338355 4294902015
-6.0994711 -2.4053457 0.67637217 4294902015
-6.1261797 -2.3725491 0.67763847 4294902015
-6.1071343 -2.3221765 0.67413175 4294902015
-5.4119105 -4.4520564 0.46505722 4294902015
-6.5832367 -5.3484769 0.55548322 4294902015
-5.4544597 -4.3759384 0.46413887 4294902015
-5.0274825 -3.9828427 0.42862967 4294902015
-5.1453686 -4.025116 0.43591517 4294902015
-5.1928744 -4.0111661 0.43769065 4294902015
-5.5332265 -4.2201777 0.46205729 4294902015
-5.7200637 -4.3074522 0.4744243 4294902015
-5.5693803 -4.1406417 0.46089408 4294902015
-5.7829514 -4.2446127 0.4752202 4294902015
-5.9179916 -4.288125 0.48348525 4294902015
-6.0018263 -4.2929668 0.48783207 4294902015
-6.1261125 -4.2692199 0.49321967 4294902015
-6.0033541 -4.1291523 0.48213837 4294902015
-5.8749843 -3.9879527 0.47075093 4294902015
-5.6861935 -3.7586644 0.45330244 4294902015
-5.6633797 -3.546979 0.44509861 4294902015
-5.8893895 -3.539326 0.45666969 4294902015
-5.5652943 -3.252208 0.43058881 4294902015
-5.8738084 -3.3365281 0.44956785 4294902015
-6.0767789 -3.0676908 0.45275143 4294902015
-5.8246932 -2.89568 0.43420094 4294902015
-5.8181477 -2.8480339 0.43254793 4294902015
-5.8361239 -2.7248304 0.43028268 4294902015
-6.3669596 -2.9253068 0.46499598 4294902015
-6.0855751 -2.7508841 0.44485369 4294902015
-6.2869096 -5.0994225 0.45676789 4294902015
-6.3009338 -5.0470152 0.45562416 4294902015
-4.969748 -3.93085 0.36521813 4294902015
-5.0897899 -3.9752803 0.37156057 4294902015
-5.1694398 -3.9866681 0.37519971 4294902015
-5.2224064 -3.9766552 0.37707123 4294902015
-5.5619965 -4.1815948 0.39760625 4294902015
-6.137589 -4.2700577 0.4245877 4294902015
-5.8352046 -4.0067544 0.40384474 4294902015
-5.8563733 -3.9686337 0.40363678 4294902015
-5.7612824 -3.7011805 0.39183566 4294902015
-5.6847868 -3.5059094 0.38304979 4294902015
-5.9311924 -3.5581632 0.39542279 4294902015
-5.8704028 -3.4728858 0.390432 4294902015
-5.819087 -3.3468094 0.38481736 4294902015
-6.0210714 -3.4139957 0.39568272 4294902015
-5.8187284 -3.159153 0.38003454 4294902015
-5.7996373 -3.0572381 0.37665534 4294902015
-5.7487016 -2.9408071 0.3715086 4294902015
-5.7817988 -2.9131179 0.37239239 4294902015
-5.7861462 -2.870928 0.37161258 4294902015
-5.7605839 -2.8143272 0.36911717 4294902015
-5.6823497 -2.733041 0.36360651 4294902015
-5.7725453 -4.9772305 0.36162528 4294902015
-5.8714371 -5.0000124 0.36547256 4294902015
-5.9315844 -4.9269462 0.36542982 4294902015
-6.3021345 -5.1053309 0.38252884 4294902015
-6.3972383 -5.0536199 0.38432422 4294902015
-5.0975604 -3.9764369 0.31212366 4294902015
-5.1503587 -3.9670303 0.31366256 4294902015
-5.2270904 -3.9752674 0.31648389 4294902015
-5.5685711 -4.1812654 0.33345467 4294902015
-5.5082412 -4.0833588 0.32888067 4294902015
-5.0703959 -3.6632538 0.30314666 4294902015
-5.0399041 -3.5943685 0.30036807 4294902015
-6.1576648 -4.2784443 0.35632458 4294902015
-5.8385534 -4.0038447 0.33841339 4294902015
-5.860528 -3.9662647 0.33828515 4294902015
-5.9761481 -3.9912639 0.34298736 4294902015
-5.7768221 -3.6563976 0.32802573 4294902015
-5.7472448 -3.5396531 0.3243067 4294902015
-5.6800489 -3.450381 0.31986094 4294902015
-5.8956695 -3.5320089 0.32956463 4294902015
-5.8879833 -3.4784904 0.32811123 4294902015
-5.8790002 -3.4246969 0.32661507 4294902015
-5.8886404 -3.3820913 0.32605934 4294902015
-5.8337259 -3.1627569 0.31943348 4294902015
-5.7566333 -2.8961174 0.31122595 4294902015
-5.6838741 -2.8159487 0.30690846 4294902015
-5.7567191 -2.8081753 0.30955878 4294902015
-5.6576595 -2.7170117 0.30404437 4294902015
-5.6113257 -2.5687516 0.29955587 4294902015
-5.7226343 -2.5773475 0.30404437 4294902015
-5.7136769 -2.5312603 0.30289018 4294902015
-6.0602298 -5.1525154 0.30230919 4294902015
-6.1009164 -5.1229448 0.30271122 4294902015
-5.9983625 -4.9744186 0.29688153 4294902015
-5.9189653 -4.847609 0.29212394 4294902015
-5.8941975 -4.7672105 0.28977865 4294902015
-5.817122 -4.6461401 0.28522211 4294902015
-5.5355215 -4.365921 0.271988 4294902015
-5.3035483 -4.1304798 0.26099867 4294902015
-5.2289572 -4.0211067 0.25677717 4294902015
-5.2407947 -3.9792781 0.25624111 4294902015
-5.5093694 -4.0775499 0.26542121 4294902015
-5.042789 -3.6846468 0.24501725 4294902015
-5.069356 -3.6565583 0.24518476 4294902015
-6.0227838 -4.1777344 0.28136915 4294902015
-5.84129 -3.9990129 0.27295962 4294902015
-5.9559922 -4.0240731 0.27661157 4294902015
-6.1918035 -4.1282516 0.28512159 4294902015
-6.2479129 -4.1105027 0.28636125 4294902015
-6.3224802 -4.1041899 0.28833798 4294902015
-5.8091264 -3.6208274 0.26511967 4294902015
-5.8890176 -3.5710285 0.26652685 4294902015
-5.9168229 -3.5384169 0.26676136 4294902015
-6.0434589 -3.5639703 0.27084887 4294902015
-5.9425182 -3.4554961 0.26609129 4294902015
-5.8586879 -3.358834 0.26203731 4294902015
-6.1184778 -3.4580259 0.2712509 4294902015
-5.8593001 -3.2643161 0.26049611 4294902015
-5.6899781 -3.1244211 0.25325924 4294902015
-5.7498512 -2.976033 0.25268966 4294902015
-5.4910717 -2.7995546 0.24226992 4294902015
-5.5403023 -2.7819502 0.24347606 4294902015
-5.5554757 -2.7470176 0.24340905 4294902015
-5.2855539 -2.5733585 0.23272125 4294902015
-5.3201723 -2.5499473 0.23342484 4294902015
-5.2796726 -2.4908245 0.23134759 4294902015
-5.3220534 -2.4710045 0.23235272 4294902015
-5.4616647 -2.495182 0.23694277 4294902015
-5.6127086 -2.5226524 0.24193487 4294902015
-5.6472788 -2.4966497 0.24263845 4294902015
-5.7248211 -2.4890413 0.24491674 4294902015
-5.9302263 -2.5351655 0.25185207 4294902015
-5.9650202 -2.5068595 0.25255567 4294902015
-6.3414311 -5.2150478 0.24360649 4294902015
-6.3632236 -5.1678457 0.24327753 4294902015
-6.3738036 -4.9845567 0.24059525 4294902015
-6.4050593 -4.9459653 0.24062055 4294902015
-5.1912608 -3.9578586 0.2010189 4294902015
-5.2034688 -3.9169114 0.20063932 4294902015
-5.1808724 -3.8503182 0.19917166 4294902015
-5.2382488 -3.8432982 0.20023446 4294902015
-5.1904926 -3.7594712 0.19800766 4294902015
-5.6584592 -3.9935625 0.21109012 4294902015
-5.7558546 -4.0096326 0.21334222 4294902015
-5.8388309 -4.0144591 0.21513885 4294902015
-5.9195995 -4.0167332 0.21685956 4294902015
-6.0662298 -4.0621147 0.22057933 4294902015
-6.0810328 -4.0182018 0.22027567 4294902015
-6.08464 -3.9671617 0.21964306 4294902015
-5.8235703 -3.5471854 0.20838253 4294902015
-5.9420533 -3.5695691 0.21124195 4294902015
-5.8193603 -3.4474244 0.20699078 4294902015
-5.8550768 -3.4202266 0.20742096 4294902015
-5.9201293 -3.4096868 0.20871149 4294902015
-5.8618369 -3.3283696 0.20640877 4294902015
-6.1316185 -3.432013 0.21364588 4294902015
-5.7315397 -3.1162632 0.20091768 4294902015
-5.8108969 -3.0676339 0.202107 4294902015
-5.6010666 -2.6980495 0.19314918 4294902015
-5.23247 -2.4417777 0.18193924 4294902015
-5.2709727 -2.420476 0.18259716 4294902015
-5.4205465 -2.4490244 0.18634224 4294902015
-6.3255839 -5.2570553 0.16800566 4294902015
-6.3399458 -5.2035522 0.16763636 4294902015
-6.3756385 -5.1677012 0.16771665 4294902015
-6.7038493 -5.3659244 0.17381805 4294902015
-5.267458 -4.1633515 0.14374453 4294902015
-6.3364739 -4.9454994 0.16500312 4294902015
-6.4221368 -4.9492526 0.16612707 4294902015
-5.1641703 -3.9294524 0.14013186 4294902015
-5.2025723 -3.9085026 0.14042087 4294902015
-5.2160168 -3.8687627 0.14021213 4294902015
-5.4074497 -3.9595609 0.14355186 4294902015
-5.6374607 -4.0750971 0.14763017 4294902015
-5.7274694 -4.086894 0.14891466 4294902015
-6.7031121 -4.7213306 0.16758819 4294902015
-6.0481043 -4.2046571 0.15421326 4294902015
-5.8751006 -4.0311275 0.15034369 4294902015
-5.9121428 -4.0034122 0.15058453 4294902015
-6.1111727 -4.0837297 0.15395637 4294902015
-5.7179251 -3.7703774 0.14591214 4294902015
-5.7560372 -3.7450378 0.14620115 4294902015
-5.8874087 -3.529094 0.14615299 4294902015
-5.8969021 -3.4857793 0.14592819 4294902015
-5.8974476 -3.4374459 0.14554285 4294902015
-6.1351519 -3.5257537 0.14955692 4294902015
-6.0781331 -3.3456857 0.14734115 4294902015
-6.0748181 -3.295454 0.14690763 4294902015
-5.8841815 -3.1454511 0.14307016 4294902015
-5.875947 -3.0948417 0.14257242 4294902015
-5.5512009 -2.7096159 0.13512227 4294902015
-5.5947585 -2.6884968 0.13560396 4294902015
-6.3567262 -5.1495519 0.090333223 4294902015
-6.35853 -5.0867143 0.0900812 4294902015
-6.3660808 -5.0290084 0.089882232 4294902015
-6.0483074 -4.7180152 0.086950794 4294902015
-6.4296918 -4.9523387 0.089902125 4294902015
-5.1824188 -3.9412971 0.079257444 4294902015
-5.2488871 -3.9412451 0.079608947 4294902015
-5.1894236 -3.8470345 0.078919202 4294902015
-5.7100315 -4.1788931 0.083004639 4294902015
-5.7566404 -4.1590033 0.083177075 4294902015
-6.622272 -4.722774 0.090021506 4294902015
-5.7960849 -4.0272331 0.082885258 4294902015
-5.8297582 -3.9978137 0.082958214 4294902015
-6.3386583 -4.2898235 0.086838052 4294902015
-5.8376303 -3.8987608 0.082633235 4294902015
-5.8998523 -3.8881791 0.082938313 4294902015
-5.9982114 -3.9004188 0.083528578 4294902015
-5.8932548 -3.7809296 0.082513854 4294902015
-5.8250861 -3.6869431 0.081797577 4294902015
-5.8416615 -3.6474245 0.081751153 4294902015
-5.976326 -3.6807275 0.082626604 4294902015
-5.8613973 -3.462785 0.081227206 4294902015
-5.8782134 -3.4242384 0.081194043 4294902015
-6.1159024 -3.5126047 0.082852095 4294902015
-6.0694652 -3.4365842 0.082334787 4294902015
-5.8010144 -3.1912341 0.079986982 4294902015
-5.919826 -3.2094312 0.080736421 4294902015
-5.9136353 -3.1127915 0.08039818 4294902015
-6.1563339 -3.1924434 0.082069494 4294902015
-6.1334076 -3.0856485 0.081611872 4294902015
-5.5156655 -2.6073027 0.076538242 4294902015
-5.391212 -4.7541771 0.018655041 4294902015
-5.4232979 -4.7236342 0.018645268 4294902015
-5.4718919 -4.7072225 0.018581737 4294902015
-5.5357308 -4.7033391 0.018469339 4294902015
-5.5821061 -4.6840663 0.01841314 4294902015
-5.5609336 -4.438385 0.018833414 4294902015
-5.5872769 -4.4035616 0.018835858 4294902015
-5.6662817 -4.4097247 0.01867459 4294902015
-5.9882283 -4.6015029 0.017765623 4294902015
-5.3104539 -4.0292273 0.019930527 4294902015
-5.1573849 -3.8634911 0.020472975 4294902015
-5.3474379 -3.9548385 0.019967178 4294902015
-5.38695 -3.9331548 0.019920753 4294902015
-5.5756788 -4.018702 0.019424731 4294902015
-5.5643773 -3.9589117 0.019532243 4294902015
-5.8180242 -4.0327234 0.018921379 4294902015
-5.8855805 -4.0263038 0.018794319 4294902015
-5.5562496 -3.7512321 0.019837676 4294902015
-5.3586078 -3.5701668 0.020485193 4294902015
-5.3670425 -3.5284321 0.020524288 4294902015
-5.3810401 -3.4905372 0.020546278 4294902015
-6.1177359 -3.8624544 0.018540198 4294902015
-6.1319823 -3.8190298 0.018567078 4294902015
-5.779726 -3.4537075 0.019766815 4294902015
-5.9800234 -3.5237522 0.019258576 4294902015
-5.9340849 -3.4478161 0.019449165 4294902015
-6.1121955 -3.5012891 0.019006899 4294902015
-6.1387892 -3.4666691 0.01899224 4294902015
-5.8366361 -3.2490182 0.019896319 4294902015
-5.9643049 -3.2722943 0.019595774 4294902015
-5.974546 -3.0433307 0.019835232 4294902015
-6.4889908 -5.0728288 -0.052780144 4294902015
-5.3201056 -4.1064987 -0.036375765 4294902015
-5.3420215 -4.071353 -0.036332481 4294902015
-5.2135086 -3.9230418 -0.034254882 4294902015
-5.3578715 -3.9804418 -0.035878006 4294902015
-5.8111153 -4.2621622 -0.04163469 4294902015
-5.8322992 -4.2229066 -0.041569766 4294902015
-5.8023739 -4.0405397 -0.040163055 4294902015
-5.8501291 -4.0207224 -0.04046604 4294902015
-5.9530373 -3.9847903 -0.041169394 4294902015
-5.9107451 -3.4513676 -0.037717547 4294902015
-5.9794698 -3.4424808 -0.038312696 4294902015
-6.0004802 -3.4057267 -0.038312696 4294902015
-5.8275509 -3.2604318 -0.035910469 4294902015
-6.096982 -3.362263 -0.038994405 4294902015
-5.9330106 -3.2244933 -0.03672203 4294902015
-5.9976368 -3.2121105 -0.037273895 4294902015
-6.049068 -3.1920536 -0.037663445 4294902015
-5.9923401 -2.9307323 -0.035834726 4294902015
-6.4263468 -4.954289 -0.1263904 4294902015
-6.4725351 -4.9268761 -0.12679179 4294902015
-6.6768746 -5.0180216 -0.13116704 4294902015
-5.7814021 -4.2349629 -0.1073641 4294902015
-5.8332028 -4.2181578 -0.10800634 4294902015
-5.8687401 -4.1892571 -0.10824718 4294902015
-6.7745366 -4.7734146 -0.1298625 4294902015
-5.8302402 -4.054698 -0.10605955 4294902015
-5.8657255 -4.0262036 -0.10632046 4294902015
-6.2953625 -4.2084165 -0.11551249 4294902015
-5.8628049 -3.7649581 -0.10337017 4294902015
-5.873136 -3.5711133 -0.10148361 4294902015
-5.9509392 -3.51913 -0.1022864 4294902015
-5.912827 -3.4477971 -0.10090157 4294902015
-5.9581399 -3.4254055 -0.10146353 4294902015
-5.8024793 -3.2886992 -0.097389333 4294902015
-5.967433 -3.3339882 -0.10072095 4294902015
-6.0455785 -3.3291423 -0.10204556 4294902015
-6.0632558 -3.290554 -0.10198535 4294902015
-6.0172105 -3.2179241 -0.10048011 4294902015
-6.3977666 -4.9259682 -0.20299502 4294902015
-5.414885 -4.1165795 -0.16522989 4294902015
-5.531179 -4.1516781 -0.16861184 4294902015
-5.5854607 -4.1390843 -0.16967982 4294902015
-5.6293077 -4.1183081 -0.17036214 4294902015
-5.7282133 -4.1369424 -0.17306177 4294902015
-5.7656984 -4.1104198 -0.17350677 4294902015
-5.8198104 -4.0422072 -0.17365509 4294902015
-5.8651147 -4.0205498 -0.17439675 4294902015
-6.3521295 -4.2407408 -0.19003087 4294902015
-6.0933867 -4.014184 -0.17991468 4294902015
-6.9953833 -4.5470462 -0.21097523 4294902015
-5.8526602 -3.456243 -0.16508156 4294902015
-5.9247217 -3.4499404 -0.16683187 4294902015
-5.9613824 -3.4224794 -0.16736585 4294902015
-6.0118475 -3.402575 -0.16837451 4294902015
-6.0369763 -3.3680577 -0.16852283 4294902015
-6.0251207 -3.3131332 -0.16742519 4294902015
-6.0576401 -3.2827685 -0.16784051 4294902015
-6.4544854 -5.3487868 -0.28816921 4294902015
-6.4330363 -4.9432249 -0.27771032 4294902015
-6.2674294 -4.6350608 -0.26539207 4294902015
-5.7963476 -4.123909 -0.23897369 4294902015
-5.8280849 -4.0928593 -0.23928359 4294902015
-5.8539095 -4.057591 -0.23932232 4294902015
-5.979322 -4.0904155 -0.24404819 4294902015
-5.8436279 -3.945199 -0.23653328 4294902015
-6.0290675 -4.0167322 -0.24404819 4294902015
-5.8636169 -3.4551785 -0.22704281 4294902015
-5.9244542 -3.4422221 -0.2288247 4294902015
-5.9671416 -3.41822 -0.22979312 4294902015
-6.0341215 -3.4075785 -0.23184615 4294902015
-6.0287218 -3.3559124 -0.23068406 4294902015
-6.0518279 -3.3202994 -0.23080027 4294902015
-6.119556 -3.3087618 -0.23289205 4294902015
-6.3820009 -4.924593 -0.34182033 4294902015
-6.4700956 -4.9295392 -0.34524637 4294902015
-5.2725973 -3.9660723 -0.27306479 4294902015
-5.2830114 -3.8733065 -0.27085897 4294902015
-5.8782544 -4.1456475 -0.30103633 4294902015
-5.8765292 -4.0906653 -0.29948756 4294902015
-5.9212761 -4.0681086 -0.30061394 4294902015
-5.6493402 -3.8304157 -0.28376532 4294902015
-6.0512748 -4.0490322 -0.30516633 4294902015
-6.3218932 -4.174221 -0.31901133 4294902015
-5.8723869 -3.4275856 -0.28254506 4294902015
-5.9192791 -3.4064393 -0.28395304 4294902015
-5.9895878 -3.3981574 -0.28662816 4294902015
-6.0242739 -3.3691449 -0.28737909 4294902015
-6.0360856 -3.3272941 -0.28690976 4294902015
-6.0642872 -3.2944872 -0.28733215 4294902015
-5.2434464 -4.0923486 -0.33829501 4294902015
-6.4016719 -4.9334803 -0.41903636 4294902015
-5.3258667 -4.0011377 -0.33885846 4294902015
-5.8476844 -4.1187654 -0.36657983 4294902015
-5.8736663 -4.0833774 -0.36663619 4294902015
-6.1291161 -4.2054324 -0.38241258 4294902015
-6.2408595 -4.1703992 -0.38652572 4294902015
-5.8255329 -3.4435878 -0.34483096 4294902015
-5.8801928 -3.4273877 -0.34702837 4294902015
-5.9210215 -3.4026856 -0.3483243 4294902015
-5.206656 -4.0571375 -0.39657724 4294902015
-5.2573023 -3.9432502 -0.39467549 4294902015
-5.857388 -4.1187477 -0.43336609 4294902015
-5.8481188 -4.0588355 -0.43061185 4294902015
-5.8169322 -3.9845326 -0.42615259 4294902015
-5.7915106 -3.8635681 -0.42031622 4294902015
-5.8509483 -3.8515501 -0.42313606 4294902015
-5.800313 -3.717011 -0.41552907 4294902015
-5.7943335 -3.6632226 -0.41329944 4294902015
-7.0715213 -4.4101009 -0.51048499 4294902015
-5.7673297 -3.4031355 -0.40287265 4294902015
-5.8898778 -3.4268939 -0.4106108 4294902015
-5.9497442 -3.4130313 -0.41356176 4294902015
-6.1208415 -3.461431 -0.42490664 4294902015
-5.1883149 -4.0363855 -0.45575011 4294902015
-5.2223597 -3.9609652 -0.45432884 4294902015
-5.8005824 -4.1253934 -0.49659348 4294902015
-5.853538 -4.1092014 -0.49913684 4294902015
-5.7474837 -3.9823534 -0.48716807 4294902015
-5.7545238 -3.9351938 -0.48559719 4294902015
-5.747149 -3.8786168 -0.48275462 4294902015
-5.7384734 -3.7711127 -0.4777427 4294902015
-6.076129 -3.9397824 -0.50586927 4294902015
-5.8401241 -3.4399631 -0.47108507 4294902015
-5.8559475 -3.4010596 -0.47063625 4294902015
-6.089602 -3.4869356 -0.4890382 4294902015
-5.2113619 -4.0694108 -0.51424617 4294902015
-5.3251266 -4.0540566 -0.52098179 4294902015
-5.8224587 -4.1569448 -0.55948305 4294902015
-5.8641458 -4.1326237 -0.5611462 4294902015
-5.9605069 -3.8802657 -0.55599052 4294902015
-5.9509449 -3.5197749 -0.53944242 4294902015
-5.9199228 -3.4525628 -0.53436995 4294902015
-6.0757542 -3.493685 -0.5473423 4294902015
-5.2542429 -3.9950936 -0.57468462 4294902015
-6.4643745 -4.7912621 -0.70880669 4294902015
-5.8218317 -4.1511598 -0.62567317 4294902015
-5.8594065 -4.1239567 -0.62705874 4294902015
-6.0255542 -3.9702218 -0.63176966 4294902015
-7.1591616 -4.5922213 -0.75138956 4294902015
-7.1804733 -4.5439472 -0.75065058 4294902015
-6.2212224 -3.7262537 -0.635095 4294902015
-5.9233308 -3.4986076 -0.60054839 4294902015
-5.9360824 -3.4571853 -0.59962469 4294902015
-5.2401352 -4.0817499 -0.64160204 4294902015
-5.3040915 -4.027967 -0.64343351 4294902015
-5.8376269 -4.1570759 -0.6952247 4294902015
-5.8296547 -4.0977249 -0.69105291 4294902015
-5.9980607 -4.0532198 -0.70265251 4294902015
-5.9825397 -3.5287018 -0.67263603 4294902015
-5.9292617 -3.4484181 -0.66378373 4294902015
-5.2053199 -4.0510731 -0.69843209 4294902015
-6.7041082 -4.7079039 -0.87661552 4294902015
-6.8227243 -4.7289462 -0.88881987 4294902015
-7.1210809 -4.5570998 -0.9059059 4294902015
-6.0212574 -3.5979948 -0.74514145 4294902015
-5.3570185 -4.1223812 -0.836124 4294902015
-4.5786481 -7.3491101 0.56631964 4278255615
-4.6119313 -7.3023105 0.56497276 4278255615
-4.7744884 -7.4579821 0.57838053 4278255615
-4.791369 -7.3841662 0.57513571 4278255615
-4.8354907 -7.3529596 0.57501328 4278255615
-5.2130766 -6.7818384 0.55989122 4278255615
-5.4070716 -6.3619504 0.54734057 4278255615
-5.4258261 -6.3051982 0.5454427 4278255615
-5.4526162 -6.1812477 0.54078972 4278255615
-4.7515001 -7.5100651 0.49799386 4278255615
-4.7478967 -7.4034295 0.49321103 4278255615
-4.8144584 -7.4068131 0.49523851 4278255615
-4.8576179 -7.3737969 0.49503058 4278255615
-4.6920271 -6.935616 0.47127235 4278255615
-4.6499386 -6.6079588 0.45598805 4278255615
-4.6619925 -6.5394568 0.4534407 4278255615
-5.2437401 -6.810514 0.48281354 4278255615
-5.1183853 -6.2418056 0.45557216 4278255615
-4.475718 -7.7848735 0.41971919 4278255615
-4.1991372 -7.1007404 0.38847074 4278255615
-4.3931866 -7.3258872 0.40099576 4278255615
-4.580771 -7.3293505 0.40531328 4278255615
-4.5828786 -7.2335896 0.40189347 4278255615
-4.7599907 -7.4121327 0.41240937 4278255615
-4.8037457 -7.3802743 0.41228113 4278255615
-4.7484694 -7.1031609 0.40108126 4278255615
-4.8242164 -6.9366341 0.39702025 4278255615
-4.791832 -6.6264586 0.38539293 4278255615
-5.2144399 -6.850286 0.40385985 4278255615
-5.2398496 -6.5440049 0.39419892 4278255615
-5.3239527 -6.5660515 0.39719126 4278255615
-5.1767368 -6.2267318 0.38197312 4278255615
-5.5228596 -6.3996506 0.39719126 4278255615
-5.7633805 -6.0507774 0.39304474 4278255615
-4.3990335 -7.3224282 0.32200956 4278255615
-4.2837138 -6.9362807 0.30894297 4278255615
-4.3267236 -6.9107127 0.30897647 4278255615
-4.7739902 -7.5219331 0.33430552 4278255615
-4.8631406 -7.3594127 0.33135718 4278255615
-4.796968 -7.1633577 0.32465637 4278255615
-4.8069987 -6.6363497 0.31035015 4278255615
-4.850585 -6.6107583 0.31051767 4278255615
-4.9220619 -6.6225801 0.31225988 4278255615
-5.0942616 -6.7671075 0.31959727 4278255615
-5.2332635 -6.8636708 0.32499141 4278255615
-5.2637973 -6.56322 0.31768754 4278255615
-5.3153119 -6.5447621 0.31829059 4278255615
-5.708519 -6.132606 0.31651488 4278255615
-5.8406124 -6.1221066 0.31929573 4278255615
-5.9572272 -6.1680999 0.3231152 4278255615
-4.2749534 -8.0176134 0.2657733 4278255615
-4.4311242 -7.3078074 0.25210884 4278255615
-4.5252271 -7.2605166 0.25233656 4278255615
-4.4442291 -7.0339961 0.24639 4278255615
-4.7897649 -6.8156347 0.24664304 4278255615
-4.894948 -6.699677 0.24580799 4278255615
-5.2205253 -6.8759851 0.25431034 4278255615
-5.2373657 -6.5575304 0.24821192 4278255615
-5.2768745 -6.5244937 0.24818662 4278255615
-5.3351755 -6.5144234 0.24892046 4278255615
-5.7056098 -6.0792584 0.24682017 4278255615
-4.4711299 -7.781826 0.18004791 4278255615
-4.5213113 -7.7585645 0.1801282 4278255615
-4.8059978 -7.4882698 0.17881158 4278255615
-4.824595 -7.4167314 0.17800876 4278255615
-4.8799181 -7.4020152 0.17829777 4278255615
-4.9156461 -6.8015232 0.17068706 4278255615
-5.2348471 -6.8809681 0.17476538 4278255615
-5.1140351 -6.6372395 0.17047833 4278255615
-5.1515889 -6.6017938 0.17039806 4278255615
-5.4517436 -6.8987684 0.17712566 4278255615
-5.2961545 -6.5353713 0.1710082 4278255615
-5.2936602 -6.4509635 0.16993243 4278255615
-5.7101407 -6.8721042 0.17940566 4278255615
-4.4757342 -7.7849016 0.095632352 4278255615
-4.488266 -7.3813648 0.093370765 4278255615
-4.7685795 -6.8566408 0.091467328 4278255615
-5.3998146 -7.6634722 0.098252073 4278255615
-5.4955397 -7.6985602 0.098809175 4278255615
-5.0469241 -6.9791908 0.093198329 4278255615
-5.3367515 -7.1009398 0.094989024 4278255615
-5.3602333 -7.0418034 0.094770163 4278255615
-5.3791628 -6.8895841 0.094047256 4278255615
-5.2264109 -6.5272226 0.091533646 4278255615
-5.2449489 -6.4686232 0.091308154 4278255615
-5.3105583 -6.4680047 0.091580078 4278255615
-6.2164445 -7.3845901 0.10009582 4278255615
-6.2622871 -7.3470688 0.10010245 4278255615
-4.523726 -7.8474956 0.014085774 4278255615
-4.550355 -7.2621708 0.015278182 4278255615
-4.6393366 -7.3041711 0.015075374 4278255615
-4.8334942 -7.5076165 0.01440098 4278255615
-4.9133554 -7.5297375 0.014249486 4278255615
-4.9627748 -7.5044522 0.014234825 4278255615
-5.193522 -7.3527722 0.014222608 4278255615
-5.2222438 -7.297998 0.014291025 4278255615
-5.502893 -7.5912743 0.013308754 4278255615
-5.208159 -6.5713978 0.015730221 4278255615
-5.2364883 -6.5245008 0.015776647 4278255615
-5.4674144 -6.6435041 0.015195104 4278255615
-6.2257781 -7.021328 0.013289207 4278255615
-7.0859513 -7.5137682 0.010982581 4278255615
-7.1229439 -7.4607458 0.011014347 4278255615
-7.4453769 -6.8128319 0.011559238 4278255615
-7.4514265 -6.7348375 0.011676524 4278255615
-4.5284071 -7.8961282 -0.062150981 4278255615
-4.525497 -7.7800255 -0.06104726 4278255615
-4.7569771 -7.5261879 -0.059997637 4278255615
-4.8963485 -7.5402117 -0.060939051 4278255615
-4.9342775 -7.4974961 -0.060776737 4278255615
-5.0505438 -7.3748741 -0.060376368 4278255615
-5.1909995 -6.9223948 -0.05728161 4278255615
-5.2273297 -6.8824496 -0.057173401 4278255615
-5.5523152 -7.2180285 -0.062194265 4278255615
-5.1768293 -6.6450191 -0.05480364 4278255615
-5.2583776 -6.6649461 -0.055517815 4278255615
-5.2430062 -6.5622406 -0.054543938 4278255615
-6.4786768 -7.2493339 -0.068859898 4278255615
-6.5243778 -7.210928 -0.068881541 4278255615
-6.8724113 -7.5025945 -0.073750913 4278255615
-6.7102771 -7.2359095 -0.070439741 4278255615
-7.4003696 -6.7188759 -0.071813986 4278255615
-7.4064708 -6.6419611 -0.071305409 4278255615
-7.4500794 -6.5990434 -0.071348689 4278255615
-7.530314 -6.5881057 -0.07192219 4278255615
-7.5342817 -6.5103917 -0.071402796 4278255615
-4.5802407 -7.3357854 -0.13710774 4278255615
-4.9668407 -7.5367389 -0.14469418 4278255615
-4.9408102 -7.3980331 -0.14208509 4278255615
-5.1156998 -7.2671933 -0.14190446 4278255615
-5.3425159 -7.2069278 -0.14359033 4278255615
-5.1429186 -6.849402 -0.13544194 4278255615
-5.235714 -6.6277633 -0.13305362 4278255615
-5.2737846 -6.5923896 -0.13297334 4278255615
-6.3692355 -7.2960949 -0.15792027 4278255615
-6.5262909 -7.2933831 -0.15996741 4278255615
-6.8934579 -6.8965874 -0.15924488 4278255615
-7.0053339 -6.9230342 -0.16121174 4278255615
-7.0140567 -6.8470941 -0.16026846 4278255615
-7.0660129 -6.8136439 -0.16054943 4278255615
-7.1453319 -6.8060179 -0.16159306 4278255615
-7.1702108 -6.7462888 -0.16113146 4278255615
-7.2283139 -6.7178216 -0.16159306 4278255615
-7.2959118 -6.6976838 -0.16231559 4278255615
-7.330205 -6.6467466 -0.16213496 4278255615
-7.4222374 -6.6476712 -0.16351978 4278255615
-7.46738 -6.605979 -0.1636402 4278255615
-7.5130429 -6.5646405 -0.16378069 4278255615
-7.4933872 -6.4668121 -0.16219518 4278255615
-4.566699 -7.8283663 -0.23233493 4278255615
-4.8840356 -7.6023545 -0.23153394 4278255615
-4.9576902 -7.5126486 -0.23049562 4278255615
-4.8742194 -7.288496 -0.22358339 4278255615
-5.0211425 -7.0314317 -0.21978611 4278255615
-5.1719875 -6.6218667 -0.21272555 4278255615
-5.2317448 -6.6143098 -0.21364519 4278255615
-6.7920451 -8.0654507 -0.27630031 4278255615
-6.5854383 -7.083396 -0.25040168 4278255615
-6.6596065 -7.0756083 -0.25173664 4278255615
-6.7132397 -7.0454669 -0.25218165 4278255615
-4.8148303 -7.5804081 -0.31133369 4278255615
-4.9651217 -7.5080004 -0.31214717 4278255615
-4.8848 -7.2889767 -0.30335394 4278255615
-4.9866781 -7.0599899 -0.29827946 4278255615
-5.0607839 -6.7177553 -0.28925383 4278255615
-5.0908976 -6.5879436 -0.28596121 4278255615
-6.2571912 -7.7960005 -0.35072884 4278255615
-6.2248602 -7.6589866 -0.34580928 4278255615
-6.2990446 -7.6538219 -0.34747496 4278255615
-6.3561254 -7.6273093 -0.34809473 4278255615
-6.5252552 -7.7332582 -0.35545468 4278255615
-6.8179588 -7.9802332 -0.37009713 4278255615
-6.2816525 -7.2619133 -0.33542788 4278255615
-6.3491368 -7.2495413 -0.33678365 4278255615
-6.459321 -7.1070457 -0.33550534 4278255615
-6.5041609 -7.068749 -0.33558282 4278255615
-6.8108864 -6.9608932 -0.34073478 4278255615
-6.9314523 -6.8280368 -0.34038615 4278255615
-6.976799 -6.7888618 -0.34057984 4278255615
-4.3351827 -7.0460439 -0.35176992 4278255615
-4.7373071 -7.4921594 -0.37955374 4278255615
-4.9056058 -7.5515795 -0.38617116 4278255615
-4.9315286 -7.4904656 -0.38443467 4278255615
-5.2015719 -7.3006201 -0.38424695 4278255615
-5.2217999 -7.1418886 -0.3787559 4278255615
-5.1637049 -6.5425711 -0.35467973 4278255615
-5.2417903 -6.5583658 -0.35754257 4278255615
-6.3355851 -7.6346464 -0.42920792 4278255615
-6.4658408 -7.6950545 -0.43530908 4278255615
-6.23528 -7.3288264 -0.41517523 4278255615
-6.3740005 -7.3994198 -0.42193344 4278255615
-6.2860126 -7.2073393 -0.41240621 4278255615
-6.2997065 -7.1341877 -0.41024736 4278255615
-6.5557184 -7.332974 -0.42521867 4278255615
-6.9882865 -6.7448101 -0.41939911 4278255615
-7.0302634 -6.7024932 -0.41944605 4278255615
-7.0814366 -6.668819 -0.42010307 4278255615
-7.1229539 -6.6259227 -0.42015001 4278255615
-4.4154382 -7.166563 -0.43796805 4278255615
-4.8512697 -7.6618371 -0.4747045 4278255615
-5.2531123 -7.6575689 -0.48698756 4278255615
-5.2754974 -7.5899386 -0.48456475 4278255615
-5.2518406 -7.4578333 -0.47769076 4278255615
-5.0597739 -7.0922241 -0.45458961 4278255615
-5.6050029 -7.2744861 -0.4811841 4278255615
-6.4100218 -7.7144599 -0.52896404 4278255615
-6.1217222 -7.2761736 -0.49955234 4278255615
-6.865181 -7.7647839 -0.5478394 4278255615
-7.0638504 -7.8913856 -0.56062955 4278255615
-7.0625257 -7.7931466 -0.55646008 4278255615
-7.1135855 -7.7533436 -0.55674177 4278255615
-6.6521554 -7.0741186 -0.51093388 4278255615
-7.0162244 -7.3701582 -0.53719032 4278255615
-7.0259814 -7.2903037 -0.53431678 4278255615
-4.2229896 -7.2333994 -0.51323926 4278255615
-4.8333268 -7.9394236 -0.57363594 4278255615
-4.8912587 -7.6077466 -0.55717599 4278255615
-5.5152106 -7.9212623 -0.5971126 4278255615
-5.016139 -7.0192342 -0.52976471 4278255615
-5.0257735 -6.8533502 -0.52130526 4278255615
-6.2847323 -7.6462393 -0.61324459 4278255615
-6.4943628 -7.6112409 -0.62032694 4278255615
-6.7666574 -7.8325033 -0.6430167 4278255615
-6.5590253 -7.4986768 -0.6175071 4278255615
-6.9535618 -7.8519635 -0.65206635 4278255615
-6.9830737 -7.5058098 -0.63652456 4278255615
-6.9752035 -7.2259588 -0.62281889 4278255615
-3.5961971 -7.2269883 -0.56818157 4278255615
-3.9409156 -6.8339272 -0.55441749 4278255615
-4.1143603 -6.8405514 -0.56144911 4278255615
-4.1713157 -6.8398657 -0.56361848 4278255615
-4.8963141 -7.6022506 -0.64096653 4278255615
-4.9646754 -7.6054635 -0.64395869 4278255615
-5.4687672 -7.9445758 -0.68614852 4278255615
-4.9811735 -6.8691688 -0.59915072 4278255615
-5.5628014 -7.4763088 -0.66168743 4278255615
-5.1379809 -6.8177261 -0.60304052 4278255615
-5.8415961 -7.5564599 -0.6791169 4278255615
-5.7685809 -7.3681588 -0.66460478 4278255615
-3.5822015 -7.1221333 -0.62775421 4278255615
-3.6217566 -7.0920315 -0.62700582 4278255615
-3.9728255 -6.9187412 -0.6282531 4278255615
-3.9941432 -6.8580642 -0.62476057 4278255615
-4.1988325 -6.9137111 -0.63748348 4278255615
-4.2866254 -6.9616475 -0.64471805 4278255615
-4.3751631 -7.0087647 -0.65195262 4278255615
-5.0761056 -7.6022801 -0.72529626 4278255615
-4.982398 -6.9877653 -0.67864573 4278255615
-5.0024638 -6.8368201 -0.66941535 4278255615
-5.0967531 -6.7892637 -0.67091221 4278255615
-5.7481055 -7.4645009 -0.74866313 4278255615
-6.2606111 -7.6337471 -0.78633279 4278255615
-3.608954 -7.2751055 -0.71573448 4278255615
-3.9564564 -6.8804178 -0.69864595 4278255615
-4.2007351 -7.0036831 -0.71998358 4278255615
-4.9448566 -6.8369055 -0.74510837 4278255615
-5.1926713 -7.0875702 -0.77743804 4278255615
-5.3977113 -7.1809144 -0.79572743 4278255615
-5.9577622 -7.4394393 -0.84653127 4278255615
-6.2848892 -7.7499995 -0.88800567 4278255615
-6.343698 -7.725142 -0.88966835 4278255615
-6.4731002 -7.7848406 -0.90158415 4278255615
-6.5682001 -7.8013434 -0.90841955 4278255615
-3.5680857 -7.2935591 -0.79270202 4278255615
-4.0141363 -6.970789 -0.78496891 4278255615
-4.0116754 -6.8687162 -0.77581137 4278255615
-4.3687363 -7.1734953 -0.82129401 4278255615
-5.2433367 -7.527998 -0.90055788 4278255615
-4.9114289 -6.960052 -0.83350408 4278255615
-4.9667101 -6.8581667 -0.82831478 4278255615
-5.150516 -7.0208683 -0.85283673 4278255615
-5.1674857 -6.8657312 -0.84113538 4278255615
-5.4797149 -7.1883216 -0.88671976 4278255615
-5.3759828 -6.9632211 -0.86199433 4278255615
-5.7053914 -7.2968616 -0.90961373 4278255615
-6.2795925 -7.7335052 -0.98114455 4278255615
-3.6176221 -7.386518 -0.8802768 4278255615
-3.7441051 -7.1923785 -0.8672958 4278255615
-3.8095281 -7.2096877 -0.87239945 4278255615
-4.9888983 -7.645483 -0.98124003 4278255615
-4.9706826 -6.8572268 -0.90757018 4278255615
-5.0261946 -6.8450212 -0.91012198 4278255615
-5.095387 -6.8507314 -0.91522563 4278255615
-6.2831697 -7.7307177 -1.0742149 4278255615
-3.8671615 -7.2235999 -1.0216116 4278255615
-4.2420311 -5.5025253 0.082155712 4294967295
-4.1750722 -5.6136279 0.019124186 4294967295
-4.2010131 -5.5767231 0.019158393 4294967295
-4.125731 -5.6445546 -0.039308209 4294967295
-4.1650467 -5.6255631 -0.039394777 4294967295
-4.0190597 -5.7650828 -0.23564234 4294967295
-3.9528518 -5.8385072 -0.36083272 4294967295
-4.0284839 -6.1000271 -0.4432027 4294967295
-3.9483969 -6.073113 -0.56696713 4294967295
-4.0078778 -6.2398195 -0.65033615 4294967295
-4.1253986 -6.3369465 -0.66382223 4294967295
-3.9465253 -6.3047981 -0.72300267 4294967295
-4.0575023 -6.3086038 -0.72941297 4294967295
-3.8968132 -6.2193756 -0.7814216 4294967295
-3.9487572 -6.2171583 -0.78430629 4294967295
-4.1417928 -6.4334564 -0.8162595 4294967295
-3.9142694 -6.2568884 -0.91642499 4294967295
-4.0805807 -6.4346018 -0.94733959 4294967295
0.38825887 -10.348302 -0.44962338 4278190080
0.18998699 -10.289848 -0.54372627 4278190080
-0.25802386 -10.534052 -0.55758697 4278190080
0.30732667 -10.266213 -0.63777053 4278190080
0.18325607 -10.378958 -0.64498401 4278190080
0.1196488 -10.386871 -0.64544302 4278190080
0.055865802 -10.378429 -0.64485288 4278190080
-0.0079126051 -10.502311 -0.65298444 4278190080
0.36330867 -10.300614 -0.73581886 4278190080
0.29309192 -10.061429 -0.7177161 4278190080
0.11019751 -10.286485 -0.73432279 4278190080
-0.14227866 -10.286091 -0.73432279 4278190080
0.45532024 -10.511545 -0.84046739 4278190080
0.3859542 -10.383685 -0.82957399 4278190080
0.1303266 -10.336221 -0.82508355 4278190080
-0.0614268 -10.594968 -0.84662098 4278190080
-0.18235098 -10.088254 -0.80446082 4278190080
0.38700959 -10.592357 -0.94564492 4278190080
0.31204748 -10.26709 -0.91525495 4278190080
0.18297851 -10.101896 -0.89964432 4278190080
0.060827952 -10.415038 -0.92855632 4278190080
0.44279084 -10.530626 -1.0402617 4278190080
0.37873849 -10.549051 -1.0418898 4278190080
0.29904294 -10.048025 -0.99040389 4278190080
0.23689102 -10.028786 -0.98826712 4278190080
0.11973772 -10.555169 -1.0418898 4278190080
0.054923773 -10.546752 -1.040974 4278190080
0.29611918 -10.104787 -1.0906353 4278190080
0.23243776 -10.033884 -1.0825361 4278190080
-0.074061148 -9.8524389 -1.0620105 4278190080
7.5345621 1.1280881 0.78030777 4294901760
7.4901147 1.0744811 0.77524251 4294901760
7.5419221 1.0347302 0.77972329 4294901760
7.4593167 0.97679418 0.77095646 4294901760
7.3990021 0.92274672 0.76443005 4294901760
7.4608588 0.88401121 0.7699824 4294901760
7.4631753 0.83788216 0.76969016 4294901760
7.4473925 0.78986657 0.76764458 4294901760
7.3673029 0.96342379 0.49095443 4294901760
7.3909039 0.92042309 0.49205643 4294901760
7.4697609 0.88374227 0.49658692 4294901760
7.4859538 0.83911628 0.49726039 4294901760
7.4989023 0.79400921 0.49775016 4294901760
7.3530946 0.95569247 0.42136449 4294901760
7.393508 0.91485029 0.42318404 4294901760
7.4981642 0.88112622 0.42838278 4294901760
7.498467 0.83454925 0.42812285 4294901760
7.524303 0.79071641 0.42921457 4294901760
7.4964666 1.0164746 0.35918868 4294901760
7.3489828 0.95059842 0.35256281 4294901760
7.3715348 0.90756279 0.35328951 4294901760
7.4811597 0.87449038 0.35777801 4294901760
7.473475 0.82714212 0.35722229 4294901760
7.4843717 0.78189284 0.35747877 4294901760
7.5876098 1.0701865 0.29252598 4294901760
7.6257296 1.0278784 0.29359812 4294901760
7.3810949 0.94885707 0.28512159 4294901760
7.3798337 0.90270102 0.28488708 4294901760
7.4696202 0.86718941 0.2877349 4294901760
7.4797678 0.82188559 0.28790241 4294901760
7.4846702 0.77597517 0.28790241 4294901760
7.6109304 0.99395764 0.23006855 4294901760
7.4293933 0.92390126 0.22528598 4294901760
7.4557705 0.88076317 0.22581738 4294901760
7.4908385 0.83833778 0.22657652 4294901760
7.5187063 0.7947787 0.22715852 4294901760
7.4607716 0.74238664 0.22556433 4294901760
7.3931942 0.95827609 0.15564227 4294901760
7.4287052 0.91656858 0.15612397 4294901760
7.472919 0.87550861 0.15675017 4294901760
7.4930573 0.83129352 0.156991 4294901760
7.4980168 0.78530133 0.156991 4294901760
7.4877682 0.73780829 0.15675017 4294901760
7.3575425 0.95170528 0.08527948 4294901760
7.4178305 0.91326076 0.085644253 4294901760
7.479908 0.87434411 0.086022288 4294901760
7.4901013 0.82898164 0.08605545 4294901760
7.4930577 0.7827999 0.086042188 4294901760
7.3558025 0.9429931 0.018097933 4294901760
7.3932152 0.90171152 0.018019741 4294901760
7.4572182 0.86310744 0.017875578 4294901760
7.482255 0.81950986 0.01782671 4294901760
7.4742112 0.77224958 0.017858474 4294901760
7.4037194 0.91939056 -0.044383179 4294901760
7.4181585 0.87500012 -0.044480566 4294901760
7.4740686 0.83513552 -0.04503243 4294901760
7.4790525 0.78925979 -0.04503243 4294901760
7.4917145 0.74414593 -0.045118995 4294901760
7.4151053 0.91620678 -0.11348543 4294901760
7.4295244 0.87174022 -0.11366606 4294901760
7.467525 0.82978213 -0.11432836 4294901760
7.482419 0.78499019 -0.11452907 4294901760
7.4861002 0.73896593 -0.11450899 4294901760
7.4178576 0.91194713 -0.1851656 4294901760
7.4471416 0.86919498 -0.18587759 4294901760
7.4692245 0.82534951 -0.18638192 4294901760
7.4701715 0.77908909 -0.18626325 4294901760
7.4817748 0.73392111 -0.18647091 4294901760
7.4174337 0.90466255 -0.25288013 4294901760
7.4526243 0.86257625 -0.25404224 4294901760
7.4696965 0.8181358 -0.25450706 4294901760
7.4656301 0.77136391 -0.25415844 4294901760
7.4662442 0.72515523 -0.25400349 4294901760
7.4080338 0.91861123 -0.31380185 4294901760
7.4432917 0.87664765 -0.31520981 4294901760
7.4832759 0.83484024 -0.31685245 4294901760
7.4902444 0.78911757 -0.3169463 4294901760
7.4850054 0.74215668 -0.31647697 4294901760
7.3960376 0.91253668 -0.38348311 4294901760
7.4570284 0.87364632 -0.3866384 4294901760
7.478126 0.82963645 -0.38753992 4294901760
7.4840689 0.78383994 -0.38759625 4294901760
7.4986734 0.73888326 -0.38815969 4294901760
7.4410968 0.91216111 -0.45546564 4294901760
7.4574566 0.86775446 -0.45618701 4294901760
7.486445 0.82460111 -0.45776084 4294901760
7.4864011 0.77813399 -0.45743296 4294901760
7.517849 0.7348035 -0.45920354 4294901760
7.4251003 0.90427881 -0.52374756 4294901760
7.4661713 0.86281943 -0.52644056 4294901760
7.4990811 0.8200236 -0.52853507 4294901760
7.4821491 0.77174622 -0.52688938 4294901760
7.4758253 0.72476488 -0.52606654 4294901760
7.4902959 0.87953275 -0.59183079 4294901760
7.5014939 0.83421814 -0.59232968 4294901760
7.4945784 0.786924 -0.59133184 4294901760
7.5002575 0.74102145 -0.59141499 4294901760
7.4879284 0.78159642 -0.66077399 4294901760
7.4965467 0.73602599 -0.66114348 4294901760
7.5052581 0.77876645 -0.7339918 4294901760
7.5197964 0.73366606 -0.73500925 4294901760
7.4843402 0.77329493 -0.80205804 4294901760
7.5344462 0.73177153 -0.80716169 4294901760
7.506495 0.78088087 -0.93797541 4294901760
7.5071969 0.73442078 -0.93746233 4294901760
3.2775187 8.8547192 0.95876139 4278255360
3.3718154 8.9406052 0.96986604 4278255360
3.4751382 9.0461025 0.98311371 4278255360
3.5744429 9.1367607 0.99490023 4278255360
3.6889806 9.261673 1.0103883 4278255360
3.8070531 9.3901291 1.0263634 4278255360
3.9048266 9.464118 1.0366888 4278255360
2.7202392 9.4227676 0.636787 4278255360
2.7797008 9.411643 0.63715434 4278255360
2.8249915 9.353323 0.63452178 4278255360
2.876442 9.3167381 0.63329732 4278255360
2.9218462 9.2617884 0.63090962 4278255360
2.9685209 9.2123346 0.62888926 4278255360
3.0175061 9.1711912 0.62741995 4278255360
3.0575209 9.1042461 0.62429756 4278255360
3.1036217 9.0569868 0.6224609 4278255360
3.154526 9.024581 0.62160379 4278255360
3.2011294 8.9806099 0.62001199 4278255360
3.2490163 8.9410982 0.61872631 4278255360
3.2906475 8.8854256 0.61639982 4278255360
3.3387642 8.8482571 0.61529785 4278255360
3.3944254 8.8313313 0.61554271 4278255360
3.5071094 8.9599848 0.62539959 4278255360
2.7322953 9.43606 0.546758 4278255360
2.78759 9.4104996 0.5462901 4278255360
2.8331211 9.353076 0.54410666 4278255360
2.8777575 9.2944946 0.54187119 4278255360
2.9272037 9.2528591 0.54057151 4278255360
2.9771686 9.2138176 0.53942776 4278255360
3.015815 9.1413193 0.53646451 4278255360
3.0587831 9.0838385 0.53433305 4278255360
3.110894 9.0545092 0.53376114 4278255360
3.1581364 9.0116892 0.53246146 4278255360
3.205307 8.9695721 0.53121376 4278255360
3.2534471 8.9309692 0.53017402 4278255360
3.294631 8.8743258 0.52814651 4278255360
3.3444281 8.8417997 0.52747071 4278255360
3.4190807 8.8742304 0.53043395 4278255360
3.5055628 8.9348946 0.53500885 4278255360
2.7430551 9.4509592 0.45656756 4278255360
2.7901866 9.3975554 0.45494315 4278255360
2.8271875 9.3123827 0.45190808 4278255360
2.8756864 9.2671881 0.45066842 4278255360
2.9264553 9.2303219 0.44981346 4278255360
2.9750333 9.187479 0.44870204 4278255360
3.0250778 9.1500797 0.44784707 4278255360
3.0642338 9.0811749 0.44558147 4278255360
3.1127415 9.041419 0.44464099 4278255360
3.1569045 8.9900999 0.44318759 4278255360
3.1971869 8.9291735 0.44130671 4278255360
3.2478042 8.8981256 0.44079372 4278255360
3.289104 8.8424473 0.43916932 4278255360
3.3411736 8.816494 0.43891284 4278255360
3.4272306 8.8787794 0.44271737 4278255360
3.5163693 8.9459162 0.44677839 4278255360
2.7513525 9.4511509 0.36563182 4278255360
2.7893195 9.3670416 0.36328655 4278255360
2.8452861 9.3449697 0.36311904 4278255360
2.8853433 9.2719879 0.36117578 4278255360
2.9318821 9.2217264 0.36003664 4278255360
2.9816182 9.1826515 0.35929957 4278255360
3.0243793 9.1233921 0.3578589 4278255360
3.0700502 9.0743685 0.35678676 4278255360
3.1184957 9.0345764 0.35604966 4278255360
3.1542857 8.9596529 0.35407293 4278255360
3.2068374 8.9335451 0.35383841 4278255360
3.2530043 8.8902369 0.35300079 4278255360
3.3039997 8.8607454 0.35266575 4278255360
3.3540459 8.8290939 0.35226372 4278255360
3.4359338 8.8801165 0.35484353 4278255360
3.5291998 8.9574299 0.35839495 4278255360
2.7253022 9.4341202 0.28434685 4278255360
2.7797387 9.4057159 0.28404319 4278255360
2.8243883 9.3454199 0.28290451 4278255360
2.8740077 9.3030796 0.28224659 4278255360
2.9259219 9.269063 0.28181639 4278255360
2.9692466 9.2090702 0.28070301 4278255360
3.0013199 9.1166115 0.27872923 4278255360
3.0565653 9.0961285 0.27867863 4278255360
3.1051891 9.0563984 0.27812192 4278255360
3.1521211 9.012639 0.277464 4278255360
3.1979618 8.9667635 0.27675548 4278255360
3.2467737 8.9300604 0.27630001 4278255360
3.292825 8.8865347 0.2756674 4278255360
3.3363466 8.8371696 0.27488294 4278255360
3.4116731 8.8715839 0.27637592 4278255360
3.4977515 8.9314699 0.27857742 4278255360
2.7356095 9.4351568 0.19367975 4278255360
2.7877653 9.3990221 0.19335862 4278255360
2.8343577 9.3453798 0.19274847 4278255360
2.8848379 9.3058462 0.19237918 4278255360
2.9020338 9.1621466 0.19025974 4278255360
2.9557352 9.1365576 0.19013129 4278255360
3.0136218 9.1239462 0.19022763 4278255360
3.0497468 9.0465384 0.18923214 4278255360
3.1055229 9.0286007 0.18924819 4278255360
3.1552362 8.9933367 0.18897524 4278255360
3.2083383 8.9681578 0.18887889 4278255360
3.2564547 8.9295158 0.18855777 4278255360
3.3000383 8.8793745 0.18804397 4278255360
3.3473783 8.8402567 0.18772285 4278255360
3.4145098 8.8531361 0.18830088 4278255360
3.5107987 8.9390459 0.19014736 4278255360
2.726553 9.3941078 0.10095137 4278255360
2.7818656 9.3695326 0.10089832 4278255360
2.8305879 9.3235817 0.10069935 4278255360
2.8767767 9.2707014 0.10045396 4278255360
2.9181921 9.2042618 0.10011572 4278255360
2.9527392 9.118638 0.099644832 4278255360
3.0051816 9.0899048 0.099571876 4278255360
3.0618587 9.0741367 0.099591777 4278255360
3.0982718 8.9993944 0.099200472 4278255360
3.1507819 8.9726658 0.099147417 4278255360
3.2003839 8.9381018 0.099041305 4278255360
3.2465944 8.8948126 0.0988755 4278255360
3.293092 8.8531675 0.098722957 4278255360
3.3452256 8.8271847 0.098683164 4278255360
3.4223733 8.8661966 0.099107623 4278255360
3.5107343 8.9315815 0.099724419 4278255360
2.7385633 9.3949957 0.012306936 4278255360
2.7912993 9.3617249 0.012348475 4278255360
2.8370218 9.3061609 0.012446214 4278255360
2.8860362 9.2628012 0.012512187 4278255360
2.9358389 9.2230024 0.012568386 4278255360
2.9565027 9.0945015 0.012851828 4278255360
3.0217021 9.104661 0.012778523 4278255360
3.0508764 9.0073385 0.012981331 4278255360
3.1119673 9.0054617 0.012937348 4278255360
3.160183 8.9663925 0.012988661 4278255360
3.2117577 8.9374228 0.013013096 4278255360
3.255183 8.8865614 0.01309373 4278255360
3.3016033 8.8448744 0.013149929 4278255360
3.365056 8.8487501 0.013086399 4278255360
3.4478273 8.9016008 0.012893367 4278255360
3.5218315 8.9295797 0.012763862 4278255360
2.7157295 9.3948097 -0.069476686 4278255360
2.7770092 9.3904352 -0.069617353 4278255360
2.8256052 9.3435478 -0.069281913 4278255360
2.870188 9.2849531 -0.068816617 4278255360
2.9162662 9.2328405 -0.068427064 4278255360
2.9295852 9.0805874 -0.066901326 4278255360
3.0105817 9.1393719 -0.067777812 4278255360
3.0583198 9.0960836 -0.067496471 4278255360
3.1075869 9.0582294 -0.067280054 4278255360
3.1525421 9.0087881 -0.066933788 4278255360
3.1953285 8.9544277 -0.066533417 4278255360
3.2447436 8.9196177 -0.066360287 4278255360
3.2896819 8.8732872 -0.066057302 4278255360
3.3391197 8.839839 -0.065905809 4278255360
3.4055028 8.850915 -0.066273719 4278255360
3.4943948 8.9183035 -0.067301698 4278255360
2.7262497 9.4090214 -0.16014804 4278255360
2.7739875 9.3585663 -0.15944558 4278255360
2.8252687 9.3212757 -0.15902412 4278255360
2.8741262 9.2770243 -0.15846217 4278255360
2.9156079 9.2106009 -0.15743859 4278255360
2.9609966 9.1582909 -0.15671608 4278255360
3.0030334 9.0972261 -0.15581293 4278255360
3.0530508 9.061574 -0.15545167 4278255360
3.103719 9.0284872 -0.15515062 4278255360
3.1507885 8.9856863 -0.15464887 4278255360
3.1944206 8.9341755 -0.15396649 4278255360
3.2385666 8.8852863 -0.15334432 4278255360
3.2874551 8.8502522 -0.15302321 4278255360
3.3409896 8.8280439 -0.15298307 4278255360
3.4116354 8.8502913 -0.15390629 4278255360
3.5170176 8.9594851 -0.15671608 4278255360
2.7315133 9.405055 -0.25402096 4278255360
2.7826223 9.3660803 -0.25333863 4278255360
2.8339372 9.3287458 -0.25271565 4278255360
2.8807487 9.277771 -0.25167733 4278255360
2.9200895 9.2046604 -0.24995668 4278255360
2.95895 9.132369 -0.2482657 4278255360
3.0095925 9.097909 -0.24776138 4278255360
3.0573652 9.0555954 -0.24701972 4278255360
3.1079881 9.0224895 -0.24657473 4278255360
3.1516929 8.9702435 -0.2455364 4278255360
3.1968966 8.9234476 -0.24467608 4278255360
3.2406163 8.8736191 -0.24372678 4278255360
3.2887268 8.8367062 -0.24319278 4278255360
3.3471389 8.8275757 -0.24354877 4278255360
3.427531 8.874939 -0.24571441 4278255360
3.5089951 8.922576 -0.24790971 4278255360
2.6826906 9.4180288 -0.34282655 4278255360
2.7387497 9.3956356 -0.34259415 4278255360
2.7920649 9.3642902 -0.34201309 4278255360
2.8351884 9.300148 -0.34011501 4278255360
2.8654401 9.1967182 -0.33662871 4278255360
2.9160559 9.1608725 -0.33589271 4278255360
2.9703569 9.137105 -0.33566028 4278255360
3.022902 9.1082754 -0.33523419 4278255360
3.0626998 9.0422363 -0.33329734 4278255360
3.1115954 9.004385 -0.33252263 4278255360
3.1594772 8.9643898 -0.3316704 4278255360
3.2002256 8.9053411 -0.33004346 4278255360
3.2493069 8.8705254 -0.3294237 4278255360
3.2945864 8.8260813 -0.32841653 4278255360
3.4358594 8.8707094 -0.33198032 4278255360
3.5074594 8.8931484 -0.33380094 4278255360
2.726464 9.4257784 -0.42409232 4278255360
2.7780144 9.3877993 -0.42305982 4278255360
2.8286231 9.3476305 -0.42193344 4278255360
2.8788435 9.3071947 -0.42080706 4278255360
2.9027939 9.1845818 -0.41564453 4278255360
2.9557202 9.1561403 -0.41512829 4278255360
3.0055933 9.1188574 -0.41418964 4278255360
3.05321 9.0756273 -0.41296941 4278255360
3.0997612 9.0302677 -0.41165531 4278255360
3.139601 8.9667664 -0.40944949 4278255360
3.186166 8.9238138 -0.4082762 4278255360
3.2371042 8.8937702 -0.40775993 4278255360
3.286752 8.8606281 -0.40710288 4278255360
3.4214292 8.887681 -0.41052893 4278255360
3.487927 8.8972111 -0.4120777 4278255360
2.721324 9.3858805 -0.51442724 4278255360
2.7765925 9.3613482 -0.51397645 4278255360
2.8247085 9.3135614 -0.51217347 4278255360
2.8510597 9.1968746 -0.50631368 4278255360
2.9131644 9.1972923 -0.50738418 4278255360
2.9735377 9.1915932 -0.50811666 4278255360
3.0123465 9.1200848 -0.50496137 4278255360
3.0580442 9.0711536 -0.50315839 4278255360
3.1078012 9.0352249 -0.50214416 4278255360
3.1519446 8.9839535 -0.50022846 4278255360
3.2016294 8.9494038 -0.49932697 4278255360
3.2445104 8.89676 -0.49735492 4278255360
3.292083 8.8579674 -0.49622804 4278255360
3.4145465 8.8532314 -0.49842545 4278255360
3.5034754 8.9203987 -0.50377816 4278255360
2.7287152 9.383173 -0.60498184 4278255360
2.7816851 9.3509502 -0.60393262 4278255360
2.8241985 9.2850189 -0.6005882 4278255360
2.8757844 9.2503633 -0.59940779 4278255360
2.9194994 9.1916504 -0.59658796 4278255360
2.9733799 9.1659698 -0.59606338 4278255360
3.0214078 9.1229248 -0.59435833 4278255360
3.0715761 9.0871992 -0.59317797 4278255360
3.1051528 9.004035 -0.58871871 4278255360
3.1537197 8.9659872 -0.58740717 4278255360
3.2022734 8.9286213 -0.5861612 4278255360
3.2463758 8.8797522 -0.58412826 4278255360
3.2906964 8.8325491 -0.58222651 4278255360
3.4366214 8.889226 -0.58911216 4278255360
3.5035286 8.8995409 -0.59134179 4278255360
2.7406216 9.3959427 -0.69684559 4278255360
2.7862449 9.3388166 -0.69370383 4278255360
2.8335991 9.2891159 -0.69116044 4278255360
2.8712451 9.2096758 -0.68629813 4278255360
2.9310305 9.2023363 -0.68712097 4278255360
2.9744809 9.144351 -0.68397921 4278255360
3.0207887 9.096591 -0.68166023 4278255360
3.063741 9.0401087 -0.67866808 4278255360
3.1191523 9.0211401 -0.67866808 4278255360
3.1664851 8.9792614 -0.67687279 4278255360
3.2086966 8.9240055 -0.67403018 4278255360
3.2554984 8.8826151 -0.6723097 4278255360
3.2652707 8.7429028 -0.66273469 4278255360
3.3135343 8.7087231 -0.66161263 4278255360
3.4364674 8.8676767 -0.67604989 4278255360
3.5212011 8.9234114 -0.68225873 4278255360
2.7269006 9.4149513 -0.78042871 4278255360
2.7826371 9.3913536 -0.77984667 4278255360
2.8188319 9.303525 -0.77369308 4278255360
2.8661385 9.2546396 -0.77094895 4278255360
2.9081423 9.1903229 -0.76687431 4278255360
2.9638655 9.1704092 -0.76670796 4278255360
3.0079026 9.1151419 -0.76346487 4278255360
3.0532815 9.0653477 -0.76072073 4278255360
3.1017246 9.0257082 -0.75889128 4278255360
3.1527627 8.9942808 -0.75781029 4278255360
3.1974959 8.9456749 -0.75523245 4278255360
3.2414107 8.8959246 -0.75257146 4278255360
3.2893445 8.8581171 -0.75099146 4278255360
3.4214447 8.878459 -0.7564798 4278255360
3.5129809 8.9519234 -0.76496172 4278255360
2.7272556 9.3940582 -0.86980861 4278255360
2.774641 9.3427839 -0.86648327 4278255360
2.8171608 9.2769918 -0.86177242 4278255360
2.8687179 9.2424135 -0.86010975 4278255360
2.9076171 9.1686373 -0.85465986 4278255360
2.9503214 9.1089439 -0.85059553 4278255360
3.010221 9.1029596 -0.85179639 4278255360
3.0660191 9.0843182 -0.85179639 4278255360
3.103548 9.0126114 -0.8466236 4278255360
3.1525211 8.9755487 -0.8448686 4278255360
3.1954496 8.9222889 -0.84154326 4278255360
3.2409165 8.8772593 -0.83904922 4278255360
3.2911592 8.8460073 -0.83794081 4278255360
3.4252849 8.8718348 -0.8445915 4278255360
3.5007863 8.9043989 -0.84994894 4278255360
2.7267554 9.3703251 -0.96038735 4278255360
2.7734132 9.3171864 -0.95652086 4278255360
2.8154664 9.2505054 -0.95122981 4278255360
2.8745377 9.2406549 -0.95204383 4278255360
2.9212389 9.1915569 -0.948686 4278255360
2.9441023 9.070323 -0.93759519 4278255360
3.015662 9.1002474 -0.94278449 4278255360
3.0698495 9.0768604 -0.9422757 4278255360
3.1157508 9.0296421 -0.93922317 4278255360
3.1608582 8.9812641 -0.93606895 4278255360
3.1997769 8.9167557 -0.93118489 4278255360
3.2870657 8.8180933 -0.92477459 4278255360
3.2815382 8.7911348 -1.0096428 4278255360
3.3219907 8.7355366 -1.0054268 4278255360
-2.575877 7.6097517 0.52799422 4294967040
-2.6131494 7.4376054 0.44574654 4294967040
-2.5271268 7.5004563 0.37415031 4294967040
-2.4413483 7.5508666 0.37504801 4294967040
-2.1692564 7.685245 0.3033478 4294967040
-2.3553784 7.5694857 0.23644529 4294967040
-2.3118012 7.5933585 0.23669834 4294967040
-2.2645948 7.6054845 0.23664774 4294967040
-2.1199284 7.4528999 0.23191579 4294967040
-2.3763103 7.3430758 0.1598651 4294967040
-2.4711399 7.968555 0.16990031 4294967040
-2.2538104 7.4286275 0.16058762 4294967040
-2.2012002 7.5892053 0.16281946 4294967040
-2.1570463 7.6112266 0.16296397 4294967040
-2.0886967 7.5462646 0.1616634 4294967040
-2.0556571 7.6081662 0.16248228 4294967040
-2.014034 7.6399727 0.16280341 4294967040
-2.8210793 8.9119482 0.098072998 4294967040
-2.2460005 7.4099212 0.087428316 4294967040
-2.1180868 7.1455235 0.085504979 4294967040
-2.4707339 8.527071 0.094955869 4294967040
-2.2941661 8.1033201 0.091931581 4294967040
-2.2249503 8.0468855 0.091447428 4294967040
-2.1161304 7.8402658 0.089935288 4294967040
-2.0521975 7.7931476 0.08952409 4294967040
-1.9749975 7.6913023 0.088741489 4294967040
-1.9889344 7.9477339 0.09041281 4294967040
-1.9301863 7.9189835 0.090134256 4294967040
-2.2899008 7.5859156 0.016856655 4294967040
-2.1895416 7.4175911 0.017320912 4294967040
-2.3484936 8.1399832 0.015517641 4294967040
-2.412411 8.5584974 0.014491389 4294967040
-2.4158294 8.776577 0.013975819 4294967040
-2.2164216 8.2494364 0.015346599 4294967040
-2.0202844 7.7076235 0.016749144 4294967040
-1.9141947 7.6862268 0.016863987 4294967040
-2.2958593 7.3828316 -0.047315624 4294967040
-2.6191378 8.6078482 -0.061014798 4294967040
-2.7308872 9.1767406 -0.067258418 4294967040
-2.4666476 8.479002 -0.059207719 4294967040
-2.4542344 8.6334391 -0.060776737 4294967040
-2.2470732 8.093379 -0.054543938 4294967040
-2.2313905 8.2324762 -0.055950649 4294967040
-2.1197076 8.0149765 -0.053364471 4294967040
-2.0010369 7.7586637 -0.05035628 4294967040
-2.7512059 8.8660793 -0.14985216 4294967040
-2.2256081 7.331069 -0.11729871 4294967040
-2.1205339 7.1423569 -0.11306396 4294967040
-2.225878 7.8488364 -0.12727347 4294967040
-2.2558801 8.1446562 -0.13315396 4294967040
-2.0652158 7.8285418 -0.12602913 4294967040
-2.0854752 8.3178167 -0.13564263 4294967040
-2.3736832 7.5030084 -0.19691344 4294967040
-2.1200433 6.9987216 -0.18038933 4294967040
-1.9971185 7.0586805 -0.18107165 4294967040
-2.3106325 8.5669527 -0.22669834 4294967040
-2.2587862 8.583869 -0.22678734 4294967040
-2.7735014 8.9887877 -0.32787421 4294967040
-2.827121 9.366293 -0.34247792 4294967040
-2.316566 8.2183437 -0.2942121 4294967040
-2.3124743 8.6070814 -0.30869961 4294967040
-2.2745607 8.6781397 -0.31098506 4294967040
-2.2249796 8.7064552 -0.31156611 4294967040
-2.1357923 8.5764341 -0.3058331 4294967040
-2.8743119 9.2479429 -0.41808501 4294967040
-2.4954295 9.2355642 -0.50282031 4294967040
-1.8178082 7.0714521 -0.37497514 4294967040
-1.7171634 7.0369701 -0.37170717 4294967040
-2.0591598 8.9116182 -0.47909936 4294967040
-3.1227324 9.8830004 -0.64393479 4294967040
-3.0620327 9.9019747 -0.64393479 4294967040
-2.9099205 9.618763 -0.62321234 4294967040
-2.7899904 9.4307117 -0.60911322 4294967040
-1.7102106 7.0323896 -0.43841556 4294967040
-2.9762957 9.8669014 -0.73574406 4294967040
-2.8618279 9.7022905 -0.72145635 4294967040
-2.7238104 9.4475403 -0.70021182 4294967040
-1.7469341 7.0195422 -0.50527084 4294967040
-1.5405453 6.7151766 -0.47946319 4294967040
-3.1357088 9.8865604 -0.82799399 4294967040
-2.9038131 9.7763882 -0.81352484 4294967040
-2.3619072 8.9493704 -0.73485923 4294967040
-1.7975852 6.9853148 -0.56438929 4294967040
-1.7525074 6.987514 -0.56364083 4294967040
-2.1787961 8.917758 -0.72853935 4294967040
-2.9181883 9.8475494 -0.91516262 4294967040
-2.8383148 9.7983227 -0.90869665 4294967040
-2.3222387 9.0465288 -0.82879609 4294967040
-2.9482074 9.9719801 -1.0258131 4294967040
-2.2666383 9.0845728 -0.91989052 4294967040
-2.2090147 9.1086636 -1.0084224 4294967040
0.83046222 -8.8479328 1.5589794 4278190335
0.77460557 -8.8351889 1.5559342 4278190335
0.71516979 -8.7759247 1.5449376 4278190335
0.66086352 -8.774251 1.5439227 4278190335
0.6108942 -8.8341846 1.5535657 4278190335
0.53812373 -8.5436611 1.5029817 4278190335
0.48826736 -8.5920658 1.5107638 4278190335
0.4373374 -8.6303358 1.5168542 4278190335
0.9102214 -9.0971394 1.2637132 4278190335
0.80822206 -9.2181997 1.2786422 4278190335
0.72311503 -8.8733063 1.231456 4278190335
0.66597277 -8.8419981 1.2266574 4278190335
0.61540383 -8.8993082 1.2338552 4278190335
0.55947679 -8.8821459 1.2310561 4278190335
0.4980382 -8.7637062 1.2146609 4278190335
0.4382754 -8.6488104 1.1987989 4278190335
0.37729073 -8.4741106 1.1749392 4278190335
0.32597333 -8.494092 1.1773385 4278190335
0.27519357 -8.5375357 1.1829369 4278190335
0.22142778 -8.4865551 1.1758722 4278190335
0.17000678 -8.5204525 1.180271 4278190335
0.11728182 -8.489624 1.1760056 4278190335
0.85034978 -9.0766411 0.92690861 4278190335
0.80375916 -9.1857901 0.93713659 4278190335
0.74140489 -9.1171436 0.9299283 4278190335
0.68686795 -9.140377 0.93177909 4278190335
0.54953021 -8.7488194 0.89262056 4278190335
0.49961627 -8.8186007 0.89914697 4278190335
0.44393787 -8.7906866 0.89612728 4278190335
0.39268664 -8.8538952 0.90206927 4278190335
0.33610538 -8.7974615 0.89632213 4278190335
0.69263798 -9.2386541 0.60348183 4278190335
0.64375854 -9.3562469 0.61046124 4278190335
0.49608141 -8.7834616 0.57482958 4278190335
0.44378623 -8.8182392 0.57678872 4278190335
0.33618593 -8.8399773 0.57782954 4278190335
0.28181088 -8.837883 0.57758462 4278190335
0.67710346 -9.1295099 0.51192647 4278190335
0.52801895 -8.5390863 0.48073405 4278190335
0.44172814 -8.9189577 0.5002293 4278190335
0.38404906 -8.8536558 0.49669418 4278190335
0.3290846 -8.8388805 0.49581039 4278190335
0.17400931 -9.2508163 0.51702124 4278190335
0.6651752 -9.0452652 0.42356646 4278190335
0.48951206 -8.8913765 0.41651312 4278190335
0.43582422 -8.9121742 0.41728258 4278190335
0.16849609 -9.2659769 0.43203047 4278190335
0.71981657 -9.1225195 0.34241351 4278190335
0.636675 -8.7529593 0.32984951 4278190335
0.58023793 -8.7158146 0.32847583 4278190335
0.53769886 -8.9007788 0.33457357 4278190335
0.37339735 -8.9001808 0.33427203 4278190335
0.16060017 -9.2384281 0.34539539 4278190335
0.64925057 -8.6809845 0.25613225 4278190335
0.62366199 -9.0877256 0.26635531 4278190335
0.44855511 -8.9439087 0.26245841 4278190335
0.39586991 -8.9964285 0.26372364 4278190335
0.34160924 -9.0236616 0.26435626 4278190335
0.59163117 -8.745882 0.17669214 4278190335
0.44003248 -8.9480324 0.17979102 4278190335
0.61323047 -9.1021681 0.096580759 4278190335
0.55602568 -9.0838003 0.096434847 4278190335
0.16822909 -9.2512693 0.09744294 4278190335
0.11126897 -9.2361288 0.097336829 4278190335
0.60350865 -9.1140356 0.013900071 4278190335
0.54075098 -9.0037718 0.014178625 4278190335
0.43050575 -9.0157232 0.014163964 4278190335
0.1575252 -9.247654 0.013619074 4278190335
0.76360601 -8.780364 -0.059023764 4278190335
0.56713307 -9.1048422 -0.062367398 4278190335
0.45085931 -9.0212345 -0.061393525 4278190335
0.23404571 -9.2145109 -0.063395381 4278190335
0.17763758 -9.2227716 -0.063471124 4278190335
0.87091893 -8.8223305 -0.14146292 4278190335
0.76138532 -8.818408 -0.14118195 4278190335
0.70406538 -8.7830496 -0.14037915 4278190335
0.55200601 -8.9521894 -0.1435502 4278190335
0.94969279 -9.1065779 -0.23509389 4278190335
0.86863124 -8.8555784 -0.22744 4278190335
0.76339287 -8.9064026 -0.22865632 4278190335
0.72092938 -9.0643673 -0.23322491 4278190335
0.65477115 -8.9250689 -0.22895297 4278190335
0.59637845 -8.8750639 -0.22735099 4278190335
0.53831989 -8.8196917 -0.22560069 4278190335
0.42124867 -8.644927 -0.2202311 4278190335
0.86698735 -8.928277 -0.31094632 4278190335
0.83125836 -9.1434069 -0.31911975 4278190335
1.1095018 -9.4184189 -0.40865165 4278190335
1.0422672 -9.3406677 -0.40466243 4278190335
0.66360211 -8.9144793 -0.38307366 4278190335
0.55639046 -8.9578428 -0.38476321 4278190335
1.1127006 -9.4968004 -0.50253856 4278190335
0.73412448 -9.1780138 -0.48253638 4278190335
0.67345721 -9.1235991 -0.47921205 4278190335
0.59986699 -8.867569 -0.46450621 4278190335
0.54961401 -8.9388466 -0.46833763 4278190335
0.60329992 -9.0253143 -0.55724162 4278190335
1.2923101 -9.6273375 -0.69131005 4278190335
1.1542453 -9.3331814 -0.74724948 4278190335
1.0809025 -9.2035065 -0.73577392 4278190335
1.0071002 -9.0544701 -0.72271842 4278190335
0.87762141 -9.4743395 -0.7564798 4278190335
1.1306734 -9.1898842 -0.8213141 4278190335
1.0735707 -9.1907148 -0.82075983 4278190335
1.0059898 -9.0961809 -0.81133807 4278190335
0.99700326 -9.550807 -0.85318196 4278190335
0.87907135 -9.621439 -0.95041579 4278190335
3.7816937 -11.400569 0.77196681 4294902015
3.5361338 -10.883434 0.73713112 4294902015
3.6418092 -11.447069 0.77202809 4294902015
3.2823927 -10.54101 0.7123971 4294902015
3.2159066 -10.555223 0.71202976 4294902015
3.3974161 -11.401205 0.7649262 4294902015
3.4170306 -11.729441 0.78457874 4294902015
3.0664511 -10.771983 0.72219276 4294902015
3.2016919 -11.514698 0.7682935 4294902015
2.9659405 -10.926318 0.72966194 4294902015
3.029727 -11.438306 0.76100796 4294902015
2.8688412 -11.105884 0.73878413 4294902015
2.8496416 -11.317824 0.75108987 4294902015
4.4606147 -11.140936 0.66009045 4294902015
4.400578 -11.189471 0.66128618 4294902015
4.3170857 -11.178068 0.65915471 4294902015
4.1945963 -11.062414 0.65125263 4294902015
3.9966626 -11.155611 0.6522404 4294902015
3.9281378 -11.179924 0.6522404 4294902015
3.8568628 -11.196262 0.65182447 4294902015
3.7503929 -11.108069 0.64568996 4294902015
3.6846738 -11.138457 0.64610589 4294902015
3.6137974 -11.153256 0.64568996 4294902015
3.3662038 -10.610751 0.61486143 4294902015
3.2281783 -10.39659 0.60207254 4294902015
3.5034001 -11.532251 0.66279382 4294902015
3.1916568 -10.74271 0.61876053 4294902015
3.1226165 -10.751543 0.61818862 4294902015
3.0863082 -10.875217 0.62385529 4294902015
2.9867089 -10.775579 0.61746085 4294902015
2.9841838 -11.028913 0.63014573 4294902015
2.9284377 -11.092398 0.63258916 4294902015
2.8234677 -10.967026 0.62489504 4294902015
2.7801859 -11.080036 0.63004178 4294902015
4.6997733 -10.970778 0.54616642 4294902015
4.6184106 -10.966262 0.54462749 4294902015
4.5571494 -11.009164 0.54531145 4294902015
4.4906421 -11.039695 0.54543972 4294902015
4.3775887 -10.953856 0.54022449 4294902015
4.2810917 -10.906109 0.53680468 4294902015
4.2539778 -11.035649 0.54154968 4294902015
4.1458735 -10.95502 0.53667647 4294902015
4.0486608 -10.899707 0.53300017 4294902015
3.9033628 -10.709384 0.523211 4294902015
3.8375778 -10.733133 0.523211 4294902015
3.7746234 -10.764963 0.52359569 4294902015
3.6968081 -10.753908 0.52205682 4294902015
3.646064 -10.821835 0.52410871 4294902015
3.5755229 -10.83167 0.52355295 4294902015
3.4493728 -10.66898 0.51525992 4294902015
3.4073601 -10.764239 0.51859426 4294902015
3.3570158 -11.07583 0.5306918 4294902015
3.0681169 -10.350974 0.49743423 4294902015
3.0476396 -10.518347 0.50406009 4294902015
3.1335285 -11.068454 0.52769947 4294902015
3.046653 -11.019102 0.5246644 4294902015
3.0479655 -11.293201 0.5359925 4294902015
2.9259567 -11.111696 0.52714378 4294902015
2.8378453 -11.052025 0.52372396 4294902015
2.7787082 -11.10412 0.52526283 4294902015
4.5766463 -10.707384 0.42600614 4294902015
4.5050545 -10.721442 0.42550355 4294902015
4.2839999 -10.744988 0.4234263 4294902015
4.2358437 -10.816674 0.42506802 4294902015
4.1496682 -10.791154 0.42322528 4294902015
3.9951468 -10.582649 0.41484928 4294902015
3.9218054 -10.584471 0.41404518 4294902015
3.7610986 -11.193391 0.43150079 4294902015
3.6236088 -11.007402 0.4241299 4294902015
3.546802 -11.000892 0.42312479 4294902015
3.4942737 -11.070103 0.42479998 4294902015
3.5185921 -11.390229 0.43528676 4294902015
3.2372465 -10.954268 0.41856822 4294902015
3.1663666 -10.961442 0.41813266 4294902015
3.1036625 -10.997016 0.41870224 4294902015
3.0159507 -10.942624 0.41615593 4294902015
3.0619233 -11.381726 0.43076369 4294902015
2.9456122 -11.223391 0.42463246 4294902015
4.7145529 -10.7837 0.33369076 4294902015
4.6210489 -10.749057 0.33194476 4294902015
4.5460544 -10.756031 0.33136275 4294902015
4.3868866 -10.745298 0.32956612 4294902015
4.208457 -10.49182 0.32192415 4294902015
4.1344709 -10.493263 0.32126623 4294902015
4.0710902 -10.521232 0.32134214 4294902015
4.0039711 -10.539472 0.321165 4294902015
3.9486592 -10.58913 0.32184824 4294902015
3.8798316 -10.602834 0.32156989 4294902015
3.7724714 -10.508832 0.31840682 4294902015
3.7109079 -10.540268 0.31863454 4294902015
3.7270775 -10.797184 0.32491007 4294902015
3.6466568 -10.778185 0.32379669 4294902015
3.5688126 -10.765249 0.32286042 4294902015
3.3161674 -10.21267 0.30757645 4294902015
3.3088856 -10.407163 0.31220719 4294902015
3.1926723 -10.259277 0.30775359 4294902015
3.1858759 -10.463242 0.31263736 4294902015
2.9798026 -10.724167 0.31752115 4294902015
3.0856781 -11.375154 0.33412096 4294902015
2.9815376 -11.264378 0.33073014 4294902015
4.3775487 -10.566648 0.21959467 4294902015
4.2089458 -10.338644 0.21517919 4294902015
4.1376319 -10.344779 0.21484201 4294902015
4.0609164 -10.336471 0.21426398 4294902015
3.9948971 -10.354663 0.21415158 4294902015
3.9210153 -10.351865 0.21368594 4294902015
3.8267598 -10.293256 0.21227299 4294902015
3.8291993 -10.699995 0.21842256 4294902015
3.7744009 -10.754423 0.21895242 4294902015
3.6416461 -10.583561 0.21566087 4294902015
3.5047419 -10.392533 0.2120482 4294902015
3.4202032 -10.351183 0.21098848 4294902015
3.3714037 -10.417636 0.21175918 4294902015
3.2593937 -10.286574 0.20920622 4294902015
3.2157638 -10.36941 0.21026595 4294902015
3.1671746 -10.438699 0.21110088 4294902015
3.0837219 -10.392754 0.21000904 4294902015
3.0672505 -10.574728 0.21273862 4294902015
3.0527506 -10.771315 0.21570905 4294902015
3.0682292 -11.084714 0.22062229 4294902015
2.9633787 -10.967232 0.21835834 4294902015
2.9798951 -11.303295 0.22364087 4294902015
4.2571855 -10.284461 0.10989822 4294902015
4.2083178 -10.345588 0.11015024 4294902015
4.1057968 -10.273714 0.10945386 4294902015
4.0028563 -10.197251 0.10873095 4294902015
3.9686239 -10.295333 0.1092549 4294902015
3.848949 -10.362007 0.10938754 4294902015
3.8784325 -10.64098 0.1111915 4294902015
3.9393082 -11.01768 0.11367857 4294902015
3.822664 -10.901983 0.11269701 4294902015
3.758189 -11.154659 0.11414283 4294902015
3.4752874 -10.52799 0.1096064 4294902015
3.4173906 -10.570049 0.10975231 4294902015
3.3231995 -10.498343 0.10910898 4294902015
3.5652721 -11.50812 0.11597995 4294902015
3.2811284 -10.825431 0.11109865 4294902015
3.1495714 -10.625805 0.10957987 4294902015
3.208977 -11.075226 0.1125511 4294902015
2.9867997 -10.550119 0.10879727 4294902015
3.0392516 -10.99233 0.11171544 4294902015
2.9735703 -11.017529 0.11176187 4294902015
2.9364655 -11.151609 0.11255773 4294902015
4.2331352 -10.260026 0.0090986751 4294902015
4.1689744 -10.283027 0.0091060055 4294902015
4.0525274 -10.174631 0.0094578639 4294902015
3.5001361 -10.220257 0.0098219393 4294902015
3.4370418 -10.240593 0.0098243821 4294902015
3.643646 -11.081326 0.0077156778 4294902015
3.2666795 -10.143976 0.010178684 4294902015
3.4610932 -10.978328 0.0080919703 4294902015
3.2303758 -10.469972 0.0094456458 4294902015
3.0583203 -10.1325 0.010357057 4294902015
3.0900469 -10.469501 0.0095458282 4294902015
3.0265803 -10.491147 0.0095384978 4294902015
2.9510314 -10.470057 0.0096386792 4294902015
3.0363607 -11.031755 0.0082605686 4294902015
2.9735422 -11.068528 0.0082141431 4294902015
4.1949615 -10.280427 -0.083803467 4294902015
4.0555081 -10.115712 -0.081585191 4294902015
3.9918969 -10.136684 -0.081541911 4294902015
3.938643 -10.184302 -0.081812434 4294902015
3.5626621 -11.211912 -0.090956032 4294902015
3.4361753 -11.048329 -0.088856794 4294902015
3.3921952 -11.147647 -0.089744098 4294902015
3.147289 -10.817833 -0.085567258 4294902015
3.0811262 -10.837902 -0.085578084 4294902015
4.0796132 -10.96746 -0.19840133 4294902015
3.7221296 -11.258271 -0.20153224 4294902015
3.4864154 -11.235119 -0.19964567 4294902015
3.4470406 -11.35388 -0.2016928 4294902015
3.3693409 -11.34798 -0.20113085 4294902015
3.9851074 -10.939621 -0.30890352 4294902015
3.7566323 -11.387053 -0.31922737 4294902015
3.8349886 -11.426577 -0.43044877 4294902015
3.7972579 -11.548617 -0.43447739 4294902015
3.9131885 -11.349066 -0.52710831 4294902015
3.8709879 -11.454245 -0.53114444 4294902015
3.8194768 -11.534676 -0.5339604 4294902015
3.8178816 -10.668372 -0.60238063 4294902015
3.7381318 -10.651089 -0.59995782 4294902015
3.7406521 -10.479356 -0.69403583 4294902015
3.6963906 -10.559562 -0.69803602 4294902015
3.6707177 -10.696246 -0.70597088 4294902015
3.5878956 -10.888331 -0.71620095 4294902015
3.3934512 -11.470739 -0.74892402 4294902015
3.0694783 -11.124371 -0.72118479 4294902015
2.9959729 -11.123725 -0.71987325 4294902015
3.6427076 -10.433298 -0.79162318 4294902015
3.5715187 -10.434696 -0.78997743 4294902015
3.5067914 -10.454523 -0.78982782 4294902015
3.3182576 -10.531568 -0.79094988 4294902015
3.2702463 -10.841684 -0.8121196 4294902015
3.3647065 -11.407697 -0.85483313 4294902015
2.9910312 -10.874445 -0.80867863 4294902015
2.9294202 -10.911856 -0.8101747 4294902015
3.7292368 -10.82797 -0.91813517 4294902015
3.3455431 -11.015105 -0.92312455 4294902015
3.3570795 -11.301945 -0.94632506 4294902015
3.3346436 -11.484061 -0.96037847 4294902015
3.0193577 -11.161605 -0.92736548 4294902015
3.2070994 -11.071288 -1.031642 4294902015
3.0683432 -11.100214 -1.0307182 4294902015
3.0167787 -11.180357 -1.0366299 4294902015
3.4892018 -11.049654 -1.1474054 4294902015
4.0854135 -10.058532 -0.67626435 4278255615
4.0361285 -9.9061108 -0.8551029 4278255615
3.9941614 -9.9778709 -0.85934383 4278255615
4.1574054 -9.8733482 -0.95617515 4278255615
4.1028385 -9.9133921 -0.95765305 4278255615
3.9961655 -9.8258533 -0.94638383 4278255615
3.9261935 -9.826148 -0.94398224 4278255615
3.815701 -9.9005318 -0.946661 4278255615
3.6862919 -9.9260759 -0.94462883 4278255615
3.6253173 -9.9485073 -0.94462883 4278255615
4.2839913 -9.6888008 -1.0457563 4278255615
4.0848827 -9.7183247 -1.0404652 4278255615
4.013401 -9.7147026 -1.037311 4278255615
3.955214 -9.7428331 -1.0377181 4278255615
3.8397138 -9.627388 -1.0223536 4278255615
3.6865957 -9.4108601 -0.99600017 4278255615
3.7802103 -9.8269835 -1.0391425 4278255615
3.7223017 -9.8565083 -1.0398548 4278255615
3.6679764 -9.8959532 -1.0416863 4278255615
3.6177266 -9.9472551 -1.0448406 4278255615
4.056397 -9.6629353 -1.1320192 4278255615
0.15266125 8.869009 0.57929885 4294967295
0.20902683 8.951725 0.58444154 4294967295
0.26650116 9.0370731 0.58976793 4294967295
0.60608137 9.1287012 0.59638 4294967295
1.3498527 11.649006 0.75451833 4294967295
1.4249312 11.670227 0.75635505 4294967295
1.6989119 11.07741 0.72262132 4294967295
1.7684225 11.076633 0.72323352 4294967295
1.959554 10.972442 0.71888673 4294967295
0.15877855 8.8156128 0.49435472 4294967295
0.5456723 8.9402151 0.50163299 4294967295
0.77002698 8.9838314 0.50475222 4294967295
1.3638575 11.686736 0.6478734 4294967295
1.4321294 11.650394 0.6464178 4294967295
1.6504041 11.157304 0.62250358 4294967295
1.7177677 11.140059 0.62213969 4294967295
1.7805519 11.094798 0.62032014 4294967295
1.8484305 11.082679 0.62026817 4294967295
1.8903408 10.920573 0.61231405 4294967295
0.16609095 8.9132843 0.4169406 4294967295
0.22132374 8.9340706 0.41788104 4294967295
0.27616891 8.9335432 0.41792381 4294967295
0.44287553 8.9738464 0.41993293 4294967295
0.49732026 8.9599867 0.41946271 4294967295
0.71945554 8.9749594 0.42074513 4294967295
1.3737875 11.706873 0.53983974 4294967295
1.4675637 11.305705 0.52329648 4294967295
1.5366373 11.294507 0.523211 4294967295
1.603376 11.267062 0.52244151 4294967295
1.6610249 11.17993 0.51910722 4294967295
1.7272987 11.154717 0.518466 4294967295
1.7847416 11.07585 0.5155164 4294967295
1.8511831 11.055822 0.51513171 4294967295
0.17398815 8.9532938 0.33584672 4294967295
0.23040862 9.010006 0.33778995 4294967295
0.28470364 8.9774551 0.33675134 4294967295
0.34004822 8.9825306 0.33698586 4294967295
0.44197631 8.8129816 0.3314577 4294967295
0.51168931 9.0875072 0.34077182 4294967295
0.58591044 9.3794527 0.35068902 4294967295
0.62563521 9.1164389 0.34197795 4294967295
0.69387603 9.2768755 0.34750614 4294967295
1.3028022 11.636736 0.42818388 4294967295
1.3793434 11.672194 0.42965806 4294967295
1.4525415 11.676404 0.43009362 4294967295
1.4781747 11.315463 0.41819969 4294967295
1.5744284 11.502239 0.42483348 4294967295
1.6164964 11.293504 0.41809916 4294967295
1.6714295 11.187492 0.41484928 4294967295
1.728507 11.102961 0.41233647 4294967295
1.7910055 11.057616 0.41116384 4294967295
1.8613088 11.061202 0.41166639 4294967295
0.15509085 8.9198122 0.26159805 4294967295
0.21031061 8.9396801 0.26212943 4294967295
0.27399427 9.2369957 0.26969552 4294967295
0.34094164 9.5228643 0.27698323 4294967295
0.42843962 8.9068632 0.26149681 4294967295
0.49654436 9.1526232 0.26779768 4294967295
0.54980552 9.1015062 0.26658306 4294967295
0.61571968 9.2495785 0.27042934 4294967295
0.676301 9.2984695 0.27177048 4294967295
1.3574522 11.696741 0.33384261 4294967295
1.4304091 11.698114 0.33409566 4294967295
1.5054716 11.714897 0.33475357 4294967295
1.6052113 11.912503 0.34004223 4294967295
1.6146599 11.451036 0.32850334 4294967295
1.6487885 11.195636 0.32222781 4294967295
1.7107803 11.141831 0.32111439 4294967295
1.7778513 11.123227 0.32091197 4294967295
1.8490164 11.12986 0.32136744 4294967295
0.16431324 8.949338 0.17966256 4294967295
0.21946682 8.9581575 0.17982313 4294967295
0.36037296 9.7981119 0.19337468 4294967295
0.42031485 9.7917204 0.19331045 4294967295
0.51851028 9.3884811 0.18692003 4294967295
1.3705497 11.708538 0.22523046 4294967295
1.4384521 11.668153 0.22471665 4294967295
1.4851098 11.466738 0.22160172 4294967295
1.5796473 11.635752 0.22449186 4294967295
1.5947895 11.229863 0.21806933 4294967295
1.6509078 11.133818 0.21667242 4294967295
1.7194979 11.125455 0.21670453 4294967295
0.16693029 8.95825 0.095499709 4294967295
0.22184435 8.9550581 0.09548644 4294967295
0.29989234 9.7001543 0.1004407 4294967295
0.35670015 9.6251831 0.09995655 4294967295
0.41484538 9.6018333 0.099817269 4294967295
0.50275588 9.0578604 0.09624251 4294967295
1.3735007 11.70443 0.11423568 4294967295
1.4455372 11.697766 0.11424895 4294967295
1.4593488 11.242432 0.11126445 4294967295
1.5133373 11.123281 0.11052828 4294967295
1.5807145 11.107846 0.11048848 4294967295
1.6519278 11.11871 0.11062776 4294967295
1.7196608 11.1054 0.11060786 4294967295
0.17741728 8.9682417 0.014300798 4294967295
0.23691538 9.1389256 0.013880524 4294967295
0.42991474 9.6914635 0.01251463 4294967295
0.47562742 9.4169912 0.013179251 4294967295
1.3269219 11.814707 0.0071683428 4294967295
1.3852576 11.687178 0.0074615581 4294967295
1.4558278 11.669528 0.007483549 4294967295
1.5509248 11.83984 0.007041283 4294967295
1.485333 10.823548 0.0095238369 4294967295
1.5936395 11.106236 0.0088030165 4294967295
1.6626452 11.102182 0.0087883556 4294967295
1.7710279 10.910181 0.0092110746 4294967295
1.8316165 10.861638 0.0093039256 4294967295
1.9044344 10.885656 0.0092159612 4294967295
1.9230109 10.6081 0.0098756952 4294967295
1.9847441 10.57841 0.0099196769 4294967295
2.0926695 10.787893 0.0093674557 4294967295
2.2207301 11.083706 0.008597766 4294967295
0.15744214 8.9651146 -0.06067935 4294967295
0.21325037 8.9979687 -0.06104726 4294967295
0.26821902 8.9884949 -0.060960691 4294967295
0.38933569 9.2422838 -0.063752465 4294967295
0.45137954 9.3505859 -0.06495358 4294967295
0.8021158 9.4083385 -0.065830067 4294967295
1.2317581 11.865561 -0.092741467 4294967295
1.2961262 11.781245 -0.091908269 4294967295
1.3588141 11.69063 -0.091010138 4294967295
1.4250549 11.637408 -0.090523198 4294967295
1.4862374 11.014552 -0.08392249 4294967295
1.542197 10.923044 -0.083024368 4294967295
1.6446172 11.153766 -0.085653827 4294967295
1.9681755 11.401718 -0.088856794 4294967295
2.0391545 11.395332 -0.088921718 4294967295
2.1053946 11.362942 -0.088705301 4294967295
2.1978405 11.468641 -0.090014622 4294967295
2.2831192 11.53047 -0.090847827 4294967295
2.3548267 11.521143 -0.090901926 4294967295
2.4458861 11.603344 -0.091973193 4294967295
2.4631441 11.339916 -0.089224704 4294967295
0.16398886 9.0176916 -0.14455369 4294967295
0.21963292 9.0295086 -0.1448146 4294967295
0.27637097 9.0719624 -0.14569768 4294967295
0.3469401 9.4777412 -0.15388621 4294967295
0.40615472 9.5004063 -0.15438797 4294967295
0.45038557 9.2101364 -0.14860782 4294967295
0.53396904 9.6993551 -0.1585023 4294967295
0.57356995 9.3705702 -0.15195949 4294967295
1.1727048 11.935109 -0.20424169 4294967295
1.2442536 11.911778 -0.20392057 4294967295
1.2939011 11.692254 -0.19964567 4294967295
1.3622539 11.655296 -0.19906364 4294967295
1.4047986 11.411541 -0.19430707 4294967295
1.4290183 11.048725 -0.1871421 4294967295
1.495845 11.032814 -0.18700162 4294967295
1.5819021 11.153104 -0.18963078 4294967295
1.6618758 11.22132 -0.1912163 4294967295
1.8870742 11.302237 -0.19352435 4294967295
0.16940497 9.0064363 -0.23070329 4294967295
0.22476408 9.0092239 -0.23082195 4294967295
0.28218475 9.0766115 -0.23286892 4294967295
0.34222737 9.191577 -0.23633987 4294967295
0.40564203 9.3510799 -0.2411458 4294967295
0.4616262 9.3204613 -0.24031515 4294967295
1.1845826 11.97726 -0.32056233 4294967295
1.2454064 11.849482 -0.31697273 4294967295
1.2857943 11.551538 -0.30831018 4294967295
1.3538482 11.519605 -0.3075982 4294967295
1.3305758 10.752209 -0.28490353 4294967295
1.4404693 11.081847 -0.29501972 4294967295
1.5110031 11.091619 -0.29558337 4294967295
1.6109027 11.305779 -0.30228794 4294967295
1.842455 11.421246 -0.30670822 4294967295
0.1217856 8.9254751 -0.30924192 4294967295
0.17754194 8.9745131 -0.31117874 4294967295
0.23247524 8.9682598 -0.31098506 4294967295
0.28544357 8.9027462 -0.30850592 4294967295
0.34790456 9.1055231 -0.31644693 4294967295
0.41441742 9.3428001 -0.32574371 4294967295
0.47067556 9.3191242 -0.32493025 4294967295
0.60909146 9.6956015 -0.3398051 4294967295
0.66712511 9.6707468 -0.33899164 4294967295
1.2547296 11.825701 -0.42421219 4294967295
1.2855301 11.446398 -0.40972468 4294967295
1.3587996 11.464094 -0.41073185 4294967295
1.3380189 10.725757 -0.3822217 4294967295
1.4513328 11.079969 -0.39639929 4294967295
1.5356027 11.189651 -0.40104771 4294967295
1.6265268 11.335307 -0.40712935 4294967295
1.7127804 11.436783 -0.41150656 4294967295
1.8108206 11.604757 -0.41851792 4294967295
0.15972522 9.0056534 -0.38626504 4294967295
0.21545479 9.0244761 -0.38720366 4294967295
0.33287859 9.2068272 -0.39593306 4294967295
0.39134416 9.2515182 -0.39813885 4294967295
0.46441028 9.5861759 -0.41400191 4294967295
0.52566773 9.6280298 -0.41611385 4294967295
0.65243733 9.7504215 -0.42221504 4294967295
1.2341955 11.868845 -0.52372921 4294967295
1.2647939 11.477791 -0.50561339 4294967295
1.3354274 11.471799 -0.50570726 4294967295
1.3965569 11.388037 -0.5021404 4294967295
1.4165168 10.991883 -0.48378995 4294967295
1.5257741 11.292828 -0.49847972 4294967295
1.5990894 11.311936 -0.49984074 4294967295
1.7254792 11.688297 -0.51819122 4294967295
1.734139 11.267767 -0.49871436 4294967295
0.16546385 9.0121164 -0.47160557 4294967295
0.22188139 9.0568447 -0.47419742 4294967295
0.35265967 9.5882282 -0.50439793 4294967295
0.40429685 9.4183044 -0.49493212 4294967295
0.46158978 9.405674 -0.49436867 4294967295
0.53602111 9.7057209 -0.51149732 4294967295
0.5892055 9.598609 -0.50563753 4294967295
0.74297363 10.079551 -0.53330255 4294967295
1.1712685 11.193959 -0.59809852 4294967295
1.2751204 11.504109 -0.61612868 4294967295
1.340578 11.452436 -0.61364949 4294967295
1.3690532 11.105103 -0.59437978 4294967295
1.4476806 11.177686 -0.59899998 4294967295
1.534367 11.302153 -0.60660648 4294967295
1.6011604 11.274733 -0.60559225 4294967295
0.11695699 8.9818306 -0.55311024 4294967295
0.1724683 9.001894 -0.55448735 4294967295
0.22921564 9.0605183 -0.55842197 4294967295
0.34481055 9.1746864 -0.56616008 4294967295
0.41898444 9.5811243 -0.59304678 4294967295
0.48403239 9.7039452 -0.60130954 4294967295
0.54496193 9.7256994 -0.60294896 4294967295
0.68312699 9.9940395 -0.6211139 4294967295
0.75215137 10.093149 -0.62793392 4294967295
0.93595612 10.057723 -0.62662238 4294967295
1.1505829 10.910803 -0.68380576 4294967295
1.2042177 10.784535 -0.67593646 4294967295
1.3190905 11.190184 -0.70328224 4294967295
1.3904315 11.203665 -0.70472491 4294967295
1.472823 11.299807 -0.71167612 4294967295
1.5444257 11.307364 -0.71279091 4294967295
1.6494821 11.547593 -0.72938198 4294967295
1.7241327 11.562915 -0.73108697 4294967295
0.12389545 8.9649315 -0.63520658 4294967295
0.17986052 9.011858 -0.63879716 4294967295
0.23546617 9.0225477 -0.63969481 4294967295
0.30342308 9.410634 -0.66894346 4294967295
0.35717255 9.3049631 -0.66116375 4294967295
0.42026123 9.4370842 -0.67126238 4294967295
0.61304468 9.7312918 -0.69407785 4294967295
0.96489847 10.278782 -0.73709053 4294967295
1.2739068 10.732271 -0.7733708 4294967295
0.16360192 9.0460453 -0.71747959 4294967295
0.21932067 9.0538368 -0.71822798 4294967295
0.40275651 9.4435329 -0.75124097 4294967295
1.0239487 10.432406 -0.8372243 4294967295
1.2572663 10.767138 -0.86707735 4294967295
0.16897959 9.0315685 -0.80034596 4294967295
0.22543056 9.0721693 -0.8042255 4294967295
1.1258655 10.723699 -0.96264106 4294967295
1.2632973 10.759511 -0.96735197 4294967295
1.0069088 10.799494 -1.071601 4294967295
1.0734496 10.796082 -1.0719063 4294967295
1.1387322 10.780389 -1.0709906 4294967295
1.0056771 10.732944 -1.1655256 4294967295
1.1375209 10.721771 -1.1657475 4294967295
1.1944078 10.635581 -1.1568717 4294967295
-7.4758315 -6.0694656 -0.067853563 4278190080
-7.0682745 -5.6669121 -0.061685689 4278190080
-7.0104098 -5.5501852 -0.060408831 4278190080
-7.8505855 -6.6087489 -0.16950062 4278190080
-7.8087282 -6.4920602 -0.16735314 4278190080
-7.1908545 -5.9040961 -0.15027362 4278190080
-7.1710329 -5.8145237 -0.1488286 4278190080
-7.8574452 -6.2916083 -0.16556692 4278190080
-7.2881165 -5.7626739 -0.15001272 4278190080
-7.8578897 -6.6891441 -0.2696254 4278190080
-7.1283221 -5.993082 -0.23975149 4278190080
-7.8355637 -6.5060129 -0.26562047 4278190080
-7.1990108 -5.903254 -0.2396625 4278190080
-7.4230871 -6.0111947 -0.24684173 4278190080
-7.4715414 -5.9748983 -0.24728672 4278190080
-7.5025706 -5.9246049 -0.24707906 4278190080
-7.9502559 -6.1992908 -0.26256484 4278190080
-7.0633364 -5.7805057 -0.31702799 4278190080
-7.084682 -5.7257528 -0.3163307 4278190080
-7.400084 -5.9059191 -0.33023715 4278190080
-7.4589438 -5.8783369 -0.33136052 4278190080
-7.4649034 -5.8091416 -0.32988852 4278190080
-7.149312 -5.8753819 -0.39785728 4278190080
-7.1503282 -5.8030748 -0.39574531 4278190080
-7.7355752 -6.1222167 -0.42657971 4278190080
-7.9088411 -6.018085 -0.52378041 4278190080
-7.3770461 -6.0449228 -0.58957118 4278190080
-7.0199394 -5.6806836 -0.55625796 4278190080
-7.0733724 -5.6524529 -0.55783176 4278190080
-7.984745 -5.9125896 -0.61573654 4278190080
-6.9774346 -5.7800045 -0.642313 4278190080
-6.9479303 -5.6840496 -0.63602942 4278190080
-6.9663858 -5.6281524 -0.63445848 4278190080
-7.0857615 -5.6530809 -0.64261222 4278190080
-6.9949756 -5.5107718 -0.63064349 4278190080
-7.9193525 -5.8543167 -0.70140868 4278190080
-6.978364 -5.949213 -0.7277078 4278190080
-6.9822006 -5.8714323 -0.80865932 4278190080
-7.0609908 -5.8641062 -0.81383204 4278190080
-7.1171126 -5.9032001 -0.90798569 4278190080
-7.1578178 -5.8632011 -0.90859622 4278190080
-7.6141105 -8.102828 0.61418563 4294901760
-7.6485424 -8.0400372 0.61304188 4294901760
-7.7614536 -8.5594616 0.52987957 4294901760
-7.8118005 -8.509469 0.52975136 4294901760
-7.8649731 -8.3591213 0.52658802 4294901760
-7.6516843 -8.3564005 0.32258207 4294901760
-7.6341667 -8.4239588 0.21848679 4294901760
-7.8985281 -7.9923663 0.11060123 4294901760
-7.8964958 -7.8928542 0.11012372 4294901760
-7.627317 -8.1877899 0.0088763209 4294901760
-7.6856866 -7.9518223 0.0091964137 4294901760
-7.8385477 -8.0110044 0.0088323383 4294901760
-7.964972 -8.0409012 0.0085635576 4294901760
-8.1542416 -8.0323725 0.0082507953 4294901760
-7.9875836 -7.6774035 0.0091475444 4294901760
-7.6423678 -8.040966 -0.083695255 4294901760
-7.6707644 -7.9723039 -0.083370633 4294901760
-7.8011637 -8.0088997 -0.084636666 4294901760
-7.9786806 -7.992538 -0.085859425 4294901760
-8.092248 -8.0074387 -0.086844116 4294901760
-7.4430137 -8.290823 -0.39512098 4294901760
-7.5932288 -8.389514 -0.49472514 4294901760
-7.7275362 -8.3301229 -0.49693096 4294901760
-7.628758 -8.1230783 -0.48665282 4294901760
-7.5068703 -8.0819063 -0.58542103 4294901760
-7.5578394 -8.4294996 -0.70682341 4294901760
-7.6033835 -8.376318 -0.7062332 4294901760
-7.7880659 -8.1677008 -0.70446259 4294901760
-7.3842149 -8.3246241 -0.79738313 4294901760
-7.5690913 -8.4282761 -0.81241882 4294901760
-7.4280162 -8.3954916 -1.0022681 4294901760
-10.825579 -3.9314661 -0.40968597 4278255360
-10.931747 -3.9958849 -0.50993115 4278255360
-10.998371 -3.9439096 -0.51204312 4278255360
-10.966767 -3.8567944 -0.50927413 4278255360
-10.742815 -3.7041032 -0.4969779 4278255360
-10.654625 -3.6006911 -0.49148682 4278255360
-10.97952 -3.9292405 -0.62103063 4278255360
-10.915681 -3.9720657 -0.72616869 4278255360
-10.857146 -3.8754957 -0.72039789 4278255360
-10.975845 -3.8421001 -0.72702122 4278255360
-10.976303 -3.9079678 -0.83665556 4278255360
-10.882389 -3.7994657 -0.82730496 4278255360
-11.000868 -4.016798 -0.93975574 4278255360
-11.035627 -3.9529195 -0.94067049 4278255360
-11.04087 -3.8785248 -0.93900734 4278255360
-10.949512 -3.7711074 -0.92886233 4278255360
-10.985664 -3.7083147 -0.93002653 4278255360
6.3775377 -9.7768717 0.7512123 4294967040
6.3721232 -10.035552 0.76437521 4294967040
6.3210244 -10.091379 0.76559967 4294967040
7.0254107 -10.366761 0.68727988 4294967040
6.5287762 -10.026517 0.65821892 4294967040
6.353384 -10.024062 0.65317613 4294967040
6.3076415 -10.08826 0.65473574 4294967040
6.1418214 -9.958477 0.64444226 4294967040
6.1643028 -10.566828 0.67220354 4294967040
7.0274401 -10.384097 0.5719859 4294967040
7.1259756 -10.81326 0.58959788 4294967040
6.397717 -9.972353 0.54244739 4294967040
6.3572445 -10.044346 0.54411453 4294967040
6.3118958 -10.109436 0.54543972 4294967040
6.3592405 -10.325773 0.55437392 4294967040
7.1799278 -10.488802 0.46175495 4294967040
7.2222838 -10.690846 0.46815422 4294967040
7.0839329 -10.626019 0.4637652 4294967040
6.8730574 -10.448007 0.45488662 4294967040
6.4371381 -10.051803 0.43578932 4294967040
6.3203635 -10.004078 0.43233839 4294967040
6.2250333 -9.9883833 0.43019414 4294967040
6.1374612 -9.983819 0.42851892 4294967040
5.8133216 -10.588346 0.4405804 4294967040
7.2195578 -10.499283 0.35831213 4294967040
6.8177357 -10.455587 0.35173294 4294967040
6.3948107 -9.9398518 0.33495599 4294967040
6.3824553 -10.055705 0.33725873 4294967040
6.3360214 -10.119248 0.33799255 4294967040
6.1640086 -9.9801807 0.33270389 4294967040
5.9845433 -10.538439 0.34254739 4294967040
5.899745 -10.539198 0.34150988 4294967040
5.8388305 -10.582202 0.34171233 4294967040
7.2737107 -10.462353 0.24054819 4294967040
6.8655877 -10.411501 0.23619694 4294967040
6.5342011 -10.1786 0.23015974 4294967040
6.340014 -10.010706 0.22620989 4294967040
6.3213844 -10.118104 0.22751045 4294967040
6.2560344 -10.151594 0.22741412 4294967040
6.0313745 -10.494761 0.23030426 4294967040
7.2737064 -10.468887 0.12062249 4294967040
6.9153938 -10.354848 0.11865935 4294967040
6.66045 -10.381907 0.11788339 4294967040
6.3805757 -10.08121 0.11520398 4294967040
6.3048296 -10.098117 0.11503154 4294967040
6.2432742 -10.137465 0.11503817 4294967040
7.1746302 -10.488926 0.0051671504 4294967040
7.0116744 -10.38687 0.0055971993 4294967040
6.414875 -10.161563 0.00685558 4294967040
6.3090625 -10.131123 0.0070559438 4294967040
6.2535839 -10.180721 0.0070241787 4294967040
6.1645913 -10.317648 0.0068506934 4294967040
6.09863 -10.350971 0.0068629105 4294967040
7.1165161 -10.353327 -0.09960188 4294967040
7.0326447 -10.367009 -0.099212326 4294967040
7.0790792 -10.716166 -0.10263171 4294967040
6.9634991 -10.683174 -0.10164701 4294967040
6.689363 -10.54324 -0.098768674 4294967040
6.3592587 -10.160301 -0.093358256 4294967040
6.3004742 -10.205085 -0.093434006 4294967040
6.257503 -10.276005 -0.093845196 4294967040
6.1416316 -10.370087 -0.094072431 4294967040
7.8401208 -9.9153194 -0.21724701 4294967040
7.0935636 -10.334138 -0.2151196 4294967040
6.9533463 -10.540569 -0.2169861 4294967040
6.7118201 -10.311551 -0.21048345 4294967040
6.8645349 -10.689039 -0.21851142 4294967040
6.6029701 -10.421854 -0.21116582 4294967040
6.3571377 -10.171372 -0.20428184 4294967040
6.2935586 -10.208486 -0.20424169 4294967040
7.8194914 -9.9022894 -0.3378281 4294967040
7.0807157 -10.329619 -0.33503947 4294967040
6.9590836 -10.706449 -0.34233737 4294967040
7.0227561 -10.950887 -0.34945726 4294967040
6.6647182 -10.534248 -0.33331883 4294967040
6.358109 -10.187419 -0.31976137 4294967040
6.2760925 -10.194746 -0.31866369 4294967040
6.227541 -10.399632 -0.32311365 4294967040
6.1869917 -10.47724 -0.3244783 4294967040
7.8295178 -9.9352274 -0.45357454 4294967040
7.7055316 -10.287544 -0.4614768 4294967040
7.1359282 -10.855928 -0.46682248 4294967040
7.1529608 -11.17836 -0.4776687 4294967040
7.0431685 -11.156974 -0.474686 4294967040
6.3534594 -10.202427 -0.42913175 4294967040
6.2881241 -10.236961 -0.42893806 4294967040
6.052361 -10.129779 -0.42064843 4294967040
7.7890854 -9.9663773 -0.55737948 4294967040
7.7140269 -10.123976 -0.56108713 4294967040
7.7448502 -10.294838 -0.56836164 4294967040
7.7023845 -10.370231 -0.57000422 4294967040
7.5452571 -10.423514 -0.56765765 4294967040
7.4817386 -10.470428 -0.56770456 4294967040
7.5324836 -10.819676 -0.58248818 4294967040
6.9825573 -10.297057 -0.54761761 4294967040
7.2381563 -10.8162 -0.57455665 4294967040
7.2388134 -10.962098 -0.58028239 4294967040
7.2095909 -11.06489 -0.58356762 4294967040
6.39217 -10.216845 -0.5293141 4294967040
6.3062749 -10.218473 -0.5272491 4294967040
5.8715377 -9.6460724 -0.4936457 4294967040
7.7080545 -10.259653 -0.68712246 4294967040
7.6729136 -10.344444 -0.68977064 4294967040
7.6461468 -10.85531 -0.71225202 4294967040
7.3926005 -10.773798 -0.70030701 4294967040
7.1936727 -10.623031 -0.68695343 4294967040
6.2620797 -10.161403 -0.63652527 4294967040
6.2260613 -10.243146 -0.63939887 4294967040
5.8422456 -9.7459536 -0.60418367 4294967040
7.8141737 -10.028603 -0.79830372 4294967040
7.73243 -10.309638 -0.80971414 4294967040
7.7010903 -10.400194 -0.81325531 4294967040
7.5232525 -10.425137 -0.80768126 4294967040
7.4383721 -10.57871 -0.8126651 4294967040
7.4632106 -10.753676 -0.82302636 4294967040
7.5030947 -10.95404 -0.83535486 4294967040
6.9797516 -10.325285 -0.78184378 4294967040
6.396976 -10.257679 -0.75725234 4294967040
6.3140492 -10.26444 -0.75476038 4294967040
5.9585204 -9.8209743 -0.71770924 4294967040
7.7130694 -10.434209 -0.93599617 4294967040
7.4248896 -10.57791 -0.93210632 4294967040
6.9952364 -10.366424 -0.90076315 4294967040
6.3344569 -10.316445 -0.87076652 4294967040
5.7605424 -9.645113 -0.8053872 4294967040
5.6903172 -9.798728 -0.81264329 4294967040
7.8285136 -10.024038 -1.0238266 4294967040
7.6888509 -10.359573 -1.0390441 4294967040
7.6463466 -10.435493 -1.0420377 4294967040
7.6312232 -10.68749 -1.0583364 4294967040
5.7022495 -9.9154987 -0.91697103 4294967040
7.8279276 -10.036572 -1.1431332 4294967040
7.8045769 -10.52963 -1.178234 4294967040
7.628098 -10.424644 -1.1606836 4294967040
7.6233134 -10.690959 -1.1804509 4294967040
15.686629 -2.6028669 1.0105519 4278190335
15.656592 -2.6966982 1.0096948 4278190335
15.644664 -2.7935915 1.0100008 4278190335
15.687765 -2.6163726 0.86330909 4278190335
15.68224 -2.7144551 0.86388093 4278190335
15.674136 -2.8122156 0.86434883 4278190335
15.684078 -2.6262584 0.71591687 4278190335
15.657825 -2.7207341 0.71548939 4278190335
15.619205 -2.8128614 0.71454895 4278190335
15.65297 -2.6343422 0.56776178 4278190335
15.630605 -2.7293057 0.56756073 4278190335
15.585043 -2.8199997 0.56658912 4278190335
15.673651 -2.7024548 0.4383758 4278190335
15.624299 -2.7927728 0.43754074 4278190335
15.64535 -2.7137012 0.29091695 4278190335
15.621516 -2.8084099 0.29080454 4278190335
15.623545 -2.7147768 0.14124864 4278190335
15.611514 -2.8114762 0.1412818 4278190335
15.631221 -2.6362975 -0.0025150832 4278190335
15.636421 -2.7359521 -0.0025688394 4278190335
15.621307 -2.832201 -0.0025737262 4278190335
15.614221 -2.6950202 -0.13511585 4278190335
15.60428 -2.7920091 -0.13519159 4278190335
15.627168 -2.8951688 -0.13563524 4278190335
15.602176 -2.8021195 -0.28171167 4278190335
15.582847 -2.809124 -0.43329406 4278190335
15.59716 -2.7290804 -0.57702816 4278190335
15.618466 -2.8316858 -0.57853884 4278190335
15.595608 -2.8921418 -0.70831317 4278190335
15.592792 -2.8032465 -0.85700047 4278190335
15.597368 -2.8173692 -1.0044131 4278190335
15.587226 -2.7301486 -1.1497132 4278190335
15.598867 -2.7007911 -1.283523 4278190335
9.7478771 -1.2476399 1.3558196 4294902015
9.7488785 -1.3086143 1.3570192 4294902015
9.7347775 -1.3675808 1.3562195 4294902015
9.7830763 -1.4356276 1.3639505 4294902015
10.153456 -0.98584217 1.0330846 4294902015
10.146225 -1.0480219 1.0329872 4294902015
10.14455 -1.1107994 1.0334743 4294902015
10.145453 -1.1739389 1.0342536 4294902015
10.103481 -1.2319548 1.0308442 4294902015
9.8607826 -1.2638329 1.0076609 4294902015
9.8232508 -1.320339 1.0047386 4294902015
9.7400627 -1.3700591 0.99733543 4294902015
9.8289566 -1.4441115 1.006979 4294902015
9.7284193 -1.4903853 0.99791992 4294902015
9.7269535 -1.551303 0.99869919 4294902015
10.154797 -0.92490268 0.6606639 4294902015
10.15191 -0.98748362 0.66084754 4294902015
10.139703 -1.0491401 0.6604802 4294902015
10.118192 -1.1097054 0.65956187 4294902015
10.11615 -1.1723427 0.659868 4294902015
10.133535 -1.2374146 0.66139853 4294902015
9.8703289 -1.2668093 0.64560312 4294902015
9.8772078 -1.3293445 0.64652145 4294902015
9.8757839 -1.3908987 0.64695001 4294902015
9.8581762 -1.4501625 0.64639896 4294902015
9.8461323 -1.5101702 0.64621532 4294902015
10.162346 -0.93385011 0.56661719 4294902015
10.154436 -0.9959926 0.56651318 4294902015
10.111383 -1.0544488 0.56458968 4294902015
10.0809 -1.1138397 0.56334198 4294902015
10.088755 -1.17741 0.56412178 4294902015
10.033763 -1.2334441 0.56162637 4294902015
9.8774424 -1.2758023 0.5538283 4294902015
9.8278646 -1.3307582 0.5516448 4294902015
9.8106146 -1.3897754 0.55117691 4294902015
9.8651285 -1.4592968 0.5545041 4294902015
9.8461189 -1.5182791 0.55398422 4294902015
9.9352207 -1.594487 0.559183 4294902015
10.137369 -0.93800813 0.47110173 4294902015
10.12844 -0.99989766 0.47097349 4294902015
10.111184 -1.0608786 0.47050327 4294902015
10.080653 -1.1202507 0.46947733 4294902015
10.085497 -1.183481 0.46999028 4294902015
10.115724 -1.2499992 0.47161469 4294902015
9.8601713 -1.2798859 0.46092781 4294902015
9.8224335 -1.3363214 0.45964539 4294902015
9.8783417 -1.4057164 0.46242398 4294902015
9.8754597 -1.4671834 0.46268046 4294902015
10.139219 -0.94642204 0.37702319 4294902015
10.106369 -1.0059423 0.3761186 4294902015
10.084105 -1.0662521 0.37558252 4294902015
10.084325 -1.1288859 0.37581706 4294902015
10.06629 -1.1894498 0.37544852 4294902015
10.086573 -1.2546496 0.37638661 4294902015
9.8337593 -1.3459215 0.36837915 4294902015
9.8411455 -1.408502 0.36891523 4294902015
9.8599949 -1.4729967 0.36985335 4294902015
9.850771 -1.5334688 0.36985335 4294902015
10.1227 -0.9237662 0.29307693 4294902015
10.126791 -0.98682928 0.29332998 4294902015
10.107618 -1.0476089 0.29300103 4294902015
10.092056 -1.1086266 0.29277328 4294902015
10.100952 -1.1723721 0.29317814 4294902015
10.100515 -1.2351772 0.29335529 4294902015
9.8626719 -1.3291447 0.28768706 4294902015
9.8721495 -1.3921471 0.28814253 4294902015
9.8485861 -1.4505116 0.28776297 4294902015
9.8454294 -1.5118239 0.28791481 4294902015
10.129683 -0.93442094 0.19928341 4294902015
10.114802 -0.99567658 0.19913889 4294902015
10.082647 -1.0550164 0.19872144 4294902015
10.083934 -1.1177435 0.19884989 4294902015
10.094762 -1.1816883 0.19913889 4294902015
10.094268 -1.2444626 0.19925129 4294902015
9.9226828 -1.3471273 0.19673045 4294902015
9.9053202 -1.4067214 0.19658594 4294902015
9.9063931 -1.4689391 0.19674651 4294902015
9.862608 -1.5243516 0.19618453 4294902015
9.8510952 -1.5845212 0.19615242 4294902015
10.169937 -0.87812114 0.10377669 4294902015
10.162367 -0.9403218 0.10376343 4294902015
10.111625 -0.99823707 0.10346498 4294902015
10.068512 -1.0564002 0.10321959 4294902015
10.059853 -1.1179386 0.10320633 4294902015
10.07366 -1.1820916 0.1033456 4294902015
10.100952 -1.2481734 0.10357773 4294902015
9.8589621 -1.341292 0.10206559 4294902015
9.8624258 -1.4034511 0.10214517 4294902015
9.8635206 -1.4654092 0.1022115 4294902015
9.8830004 -1.5303414 0.10240383 4294902015
10.136596 -0.94975179 0.01134177 4294902015
10.095752 -1.0084492 0.011427291 4294902015
10.06153 -1.0674204 0.011495708 4294902015
10.053798 -1.129025 0.011498151 4294902015
10.057604 -1.1919882 0.011471273 4294902015
10.125515 -1.2630919 0.01128557 4294902015
9.9031868 -1.3589574 0.01179381 4294902015
9.8867435 -1.4185597 0.011813357 4294902015
9.8738976 -1.4786042 0.011823132 4294902015
9.8330221 -1.5342256 0.011901322 4294902015
10.12818 -0.92605102 -0.073707633 4294902015
10.122307 -0.98817891 -0.073707633 4294902015
10.073284 -1.045833 -0.073242337 4294902015
10.061708 -1.1070755 -0.07318823 4294902015
10.059692 -1.169369 -0.073242337 4294902015
10.081111 -1.2345946 -0.07355614 4294902015
9.8610611 -1.330683 -0.071327046 4294902015
9.8863754 -1.3959146 -0.071694955 4294902015
9.8736668 -1.4559668 -0.071651675 4294902015
9.837862 -1.512423 -0.071359508 4294902015
10.133092 -0.93294901 -0.16777462 4294902015
10.127176 -0.99510694 -0.16777462 4294902015
10.074143 -1.0523466 -0.16683133 4294902015
10.058554 -1.1131511 -0.1666507 4294902015
10.059479 -1.1757766 -0.16681126 4294902015
10.08879 -1.2419971 -0.16755384 4294902015
9.8528452 -1.3358941 -0.16309832 4294902015
9.906826 -1.4051685 -0.16436273 4294902015
9.895051 -1.4654899 -0.16430251 4294902015
10.151975 -0.94114977 -0.26594678 4294902015
10.093289 -0.99820805 -0.26437446 4294902015
10.040253 -1.0552088 -0.26298016 4294902015
10.012727 -1.1144722 -0.26235718 4294902015
10.028533 -1.1785721 -0.2630395 4294902015
10.046905 -1.2432762 -0.26381081 4294902015
9.8823299 -1.3462313 -0.25936088 4294902015
9.8857574 -1.4085351 -0.25971687 4294902015
9.8858271 -1.4704903 -0.25998387 4294902015
9.8746433 -1.5308145 -0.25992453 4294902015
10.134975 -0.94959986 -0.35781762 4294902015
10.076261 -1.0065007 -0.3557646 4294902015
10.0222 -1.0632445 -0.35390523 4294902015
10.012508 -1.1243848 -0.35378903 4294902015
10.037174 -1.1895652 -0.3550286 4294902015
10.058441 -1.2547191 -0.35615197 4294902015
9.8769627 -1.3553566 -0.34968293 4294902015
9.8793411 -1.4174969 -0.35010904 4294902015
9.9099855 -1.4840115 -0.35165849 4294902015
10.101517 -0.92539603 -0.43967378 4294902015
10.109567 -0.98872036 -0.44033083 4294902015
10.07251 -1.0475323 -0.43887594 4294902015
10.049014 -1.1074576 -0.43807808 4294902015
10.037068 -1.1685193 -0.43784341 4294902015
10.056479 -1.2333645 -0.43911058 4294902015
10.084388 -1.2996401 -0.44080016 4294902015
9.9133844 -1.4014933 -0.43347874 4294902015
9.9075632 -1.4627317 -0.43361953 4294902015
9.8717442 -1.5193954 -0.43235236 4294902015
10.144697 -0.93580556 -0.53786647 4294902015
10.117898 -0.99598122 -0.5366832 4294902015
10.039108 -1.0504619 -0.53257006 4294902015
10.01858 -1.1105014 -0.53178126 4294902015
10.025461 -1.173578 -0.53257006 4294902015
10.043836 -1.2382466 -0.53403503 4294902015
9.9467583 -1.3503952 -0.52941483 4294902015
9.9442158 -1.4122441 -0.52975285 4294902015
9.9403009 -1.4739661 -0.5300346 4294902015
9.940937 -1.5364556 -0.53059804 4294902015
10.041114 -1.2461239 -0.62773716 4294902015
9.9996538 -1.1247102 -0.71749169 4294902015
9.9980888 -1.1053878 -0.80188298 4294902015
6.708107 4.3754363 0.52646363 4278255615
6.7574883 4.3487806 0.52811664 4278255615
6.7596102 4.291718 0.5263412 4278255615
6.7663617 4.2379732 0.52493304 4278255615
6.7786527 4.1879807 0.5239535 4278255615
6.8187108 4.1551399 0.52499425 4278255615
6.8663201 4.1265931 0.52658606 4278255615
6.9000969 4.0894747 0.52719831 4278255615
6.7159123 4.372961 0.45255691 4278255615
6.7577415 4.3413868 0.45349267 4278255615
6.7606349 4.2848706 0.45203704 4278255615
6.767324 4.2311301 0.45084131 4278255615
6.7812586 4.1821876 0.45011351 4278255615
6.8084989 4.1415377 0.45021746 4278255615
6.8680367 4.120235 0.45229697 4278255615
6.7483616 4.3881717 0.37992123 4278255615
6.7465687 4.3283401 0.37846783 4278255615
6.7611809 4.2793822 0.37786937 4278255615
6.7703619 4.2272339 0.3770144 4278255615
6.7851129 4.1788015 0.37645867 4278255615
6.8157492 4.140202 0.37671518 4278255615
6.8384533 4.0967631 0.37658691 4278255615
6.7299247 4.3686132 0.30462095 4278255615
6.7448196 4.3196921 0.30415189 4278255615
6.7450037 4.2616792 0.30311328 4278255615
6.7616949 4.2143984 0.30274472 4278255615
6.7891297 4.1738768 0.30281174 4278255615
6.8248682 4.1383581 0.30321378 4278255615
6.8732934 4.1102505 0.30411839 4278255615
6.7351747 4.3327518 0.23849496 4278255615
6.7565694 4.2881293 0.23834313 4278255615
6.7505579 4.226429 0.23738156 4278255615
6.7789154 4.1865048 0.23745748 4278255615
6.8130126 4.150033 0.23771052 4278255615
6.8554859 4.1184487 0.23821662 4278255615
6.9004078 4.0880284 0.23879862 4278255615
6.7290387 4.3781581 0.16484256 4278255615
6.7406306 4.327064 0.16455355 4278255615
6.7518497 4.2759929 0.16426453 4278255615
6.7677841 4.228126 0.16407186 4278255615
6.7867904 4.1823235 0.16394341 4278255615
6.8268495 4.1494308 0.16421637 4278255615
6.8607574 4.1126051 0.16437693 4278255615
6.7351174 4.37956 0.089358285 4278255615
6.7425046 4.3257327 0.089205749 4278255615
6.739346 4.2655635 0.088973619 4278255615
6.754365 4.2172465 0.088887401 4278255615
6.7724509 4.1710038 0.088827707 4278255615
6.8141551 4.1392341 0.088953719 4278255615
6.8754539 4.118928 0.089232273 4278255615
6.7687817 4.3904672 0.016504798 4278255615
6.7408414 4.3138213 0.016663622 4278255615
6.7451968 4.2585011 0.016727153 4278255615
6.7457328 4.2011766 0.016800456 4278255615
6.7705317 4.159183 0.0168029 4278255615
6.8207288 4.1325865 0.016732039 4278255615
6.9043336 4.1255307 0.016565884 4278255615
6.7352796 4.3898067 -0.05064844 4278255615
6.746109 4.3381195 -0.050442845 4278255615
6.7379837 4.2746782 -0.049999192 4278255615
6.7590008 4.2300706 -0.049934264 4278255615
6.7890825 4.1911454 -0.04998837 4278255615
6.8291893 4.1582518 -0.050172325 4278255615
6.8640046 4.1219339 -0.050291352 4278255615
6.89605 4.0838165 -0.05037792 4278255615
6.751246 4.3942885 -0.12520628 4278255615
6.7545266 4.3376532 -0.12464432 4278255615
6.7387877 4.269371 -0.12364081 4278255615
6.7470531 4.216814 -0.12321935 4278255615
6.7719488 4.1748109 -0.12319928 4278255615
6.8119597 4.1420112 -0.12354047 4278255615
6.8535376 4.1099062 -0.1239218 4278255615
6.9035826 4.0825357 -0.12450382 4278255615
6.7137847 4.3640189 -0.20100738 4278255615
6.7320213 4.3173461 -0.20071071 4278255615
6.7220631 4.2529788 -0.19943507 4278255615
6.7319207 4.2015982 -0.1988714 4278255615
6.7490625 4.1549726 -0.19857475 4278255615
6.7923722 4.1243773 -0.19919774 4278255615
6.839848 4.0959735 -0.19996905 4278255615
6.7175994 4.357276 -0.27360421 4278255615
6.723166 4.3025126 -0.27263582 4278255615
6.7333841 4.2510452 -0.27189982 4278255615
6.7423759 4.1990867 -0.27112508 4278255615
6.7603507 4.1529307 -0.27077645 4278255615
6.789124 4.1134424 -0.27093139 4278255615
6.8331084 4.0829821 -0.27178362 4278255615
6.7440691 4.3938565 -0.34125715 4278255615
6.7263708 4.3237615 -0.33876973 4278255615
6.729156 4.267426 -0.33745563 4278255615
6.7416654 4.2175784 -0.33670473 4278255615
6.765717 4.1750836 -0.33661085 4278255615
6.793767 4.1350498 -0.33675167 4278255615
6.8395648 4.1056266 -0.33787802 4278255615
6.8826776 4.0742702 -0.33886361 4278255615
6.7300754 4.3788323 -0.41605011 4278255615
6.7190089 4.3131828 -0.41351461 4278255615
6.7132955 4.251574 -0.41137356 4278255615
6.7290955 4.2039537 -0.4106974 4278255615
6.750514 4.1599665 -0.41041568 4278255615
6.7784715 4.1200237 -0.41058472 4278255615
6.822463 4.0896482 -0.41182429 4278255615
6.8740716 4.0634599 -0.41357097 4278255615
6.7054572 4.3552713 -0.48825428 4278255615
6.7144113 4.3027396 -0.48687717 4278255615
6.712852 4.2438645 -0.48471311 4278255615
6.7209845 4.1915073 -0.483336 4278255615
6.7516761 4.153326 -0.48372945 4278255615
6.787271 4.1180315 -0.48451638 4278255615
6.6469054 4.3679399 -0.5592798 4278255615
6.6878066 4.3362947 -0.56055146 4278255615
6.6983261 4.2849689 -0.55913019 4278255615
6.7109981 4.2352743 -0.55793333 4278255615
6.7283931 4.1887474 -0.55718529 4278255615
6.7565174 4.1489491 -0.5574097 4278255615
6.7079153 4.3669548 -0.6304152 4278255615
6.7010479 4.3041677 -0.62708896 4278255615
6.7138643 4.2544336 -0.62575847 4278255615
6.7339277 4.2094598 -0.62517637 4278255615
6.7553887 4.1654468 -0.62476057 4278255615
6.7833743 4.1254716 -0.62501001 4278255615
2.2070637 10.354452 -0.37362218 4294967295
1.8974228 10.230054 -0.45192304 4294967295
2.0900061 10.215904 -0.45300248 4294967295
1.901315 10.215006 -0.54930437 4294967295
2.0039403 10.077312 -0.54276842 4294967295
1.9071943 10.200825 -0.64478725 4294967295
1.9534588 10.104676 -0.63914764 4294967295
2.0079968 10.055316 -0.63665569 4294967295
1.8685254 10.29742 -0.74771279 4294967295
1.9213623 10.230878 -0.74352372 4294967295
1.9578614 10.083807 -0.73320067 4294967295
2.0151863 10.049117 -0.73148018 4294967295
2.0875223 10.088317 -0.73544484 4294967295
1.9092396 10.273753 -0.83448017 4294967295
1.950622 10.149302 -0.82491726 4294967295
-8.3671818 -2.7752471 0.57593161 4278190080
-8.2653961 -2.6852922 0.56827879 4278190080
-8.2370148 -2.6203008 0.56540132 4278190080
-8.1919479 -2.5507131 0.56148303 4278190080
-8.2169914 -2.50331 0.56209528 4278190080
-8.2761984 -2.4659595 0.56491148 4278190080
-8.2863817 -2.4137352 0.56460541 4278190080
-8.348074 -2.3762395 0.56760532 4278190080
-8.3423033 -2.3193555 0.56631964 4278190080
-8.441143 -2.2911408 0.57170725 4278190080
-8.4743395 -2.2444165 0.57293171 4278190080
-8.5072784 -2.1973708 0.57415617 4278190080
-8.5283451 -2.1470799 0.57464594 4278190080
-8.6053371 -2.1104076 0.57868665 4278190080
-8.6627817 -2.068233 0.58150285 4278190080
-8.6986427 -2.0204623 0.58297223 4278190080
-8.7449512 -1.9747486 0.58511502 4278190080
-8.7773771 -1.9255468 0.58640069 4278190080
-8.9832935 -1.9130425 0.598584 4278190080
-9.0124569 -1.861522 0.59968603 4278190080
-8.3187809 -2.7518308 0.49149543 4278190080
-8.318409 -2.6951947 0.49055967 4278190080
-8.2167559 -2.6066542 0.48411322 4278190080
-8.2116127 -2.5496726 0.48296949 4278190080
-8.2108593 -2.4943039 0.48208573 4278190080
-8.2145224 -2.4404628 0.48146188 4278190080
-8.3233252 -2.4173121 0.48655662 4278190080
-8.3360796 -2.3656502 0.48645267 4278190080
-8.3716097 -2.3203254 0.48759639 4278190080
-8.4300318 -2.2809138 0.48998779 4278190080
-8.4709044 -2.2362835 0.49144346 4278190080
-8.5415258 -2.1989563 0.49451071 4278190080
-8.5480776 -2.1448035 0.49414679 4278190080
-8.6357737 -2.1105716 0.49814981 4278190080
-8.6718779 -2.0630918 0.49939752 4278190080
-8.7057772 -2.0147974 0.50054121 4278190080
-8.7433081 -1.9670419 0.50189292 4278190080
-8.9044819 -1.9459829 0.50984699 4278190080
-8.9641228 -1.9014648 0.51239437 4278190080
-8.3080196 -2.7425392 0.40984452 4278190080
-8.2895174 -2.6801395 0.40826285 4278190080
-8.2115078 -2.5993783 0.40403086 4278190080
-8.2053528 -2.542145 0.40304765 4278190080
-8.2561741 -2.5024717 0.40462932 4278190080
-8.2866993 -2.4563081 0.40531328 4278190080
-8.3198481 -2.4106979 0.40612549 4278190080
-8.3863935 -2.3742976 0.40843385 4278190080
-8.4354715 -2.3323791 0.40997276 4278190080
-8.455411 -2.2821379 0.41022924 4278190080
-8.4228792 -2.218003 0.40817735 4278190080
-8.55439 -2.1965907 0.41339254 4278190080
-8.5715837 -2.1450305 0.41356355 4278190080
-8.6234112 -2.1018584 0.41527346 4278190080
-8.674057 -2.0578997 0.4169406 4278190080
-8.7079382 -2.0095799 0.41788104 4278190080
-8.7474012 -1.9622333 0.41907799 4278190080
-8.7748957 -1.911926 0.41976196 4278190080
-8.3236036 -2.7403286 0.32941395 4278190080
-8.2394295 -2.6567032 0.32586253 4278190080
-8.2203102 -2.5949686 0.32462287 4278190080
-8.2055206 -2.5350435 0.32355073 4278190080
-8.2257042 -2.4860928 0.32371825 4278190080
-8.3011885 -2.4534142 0.32582903 4278190080
-8.3237677 -2.4046512 0.32609704 4278190080
-8.3681841 -2.3619454 0.32713568 4278190080
-8.373847 -2.3081656 0.32683414 4278190080
-8.4785757 -2.2811406 0.3299835 4278190080
-8.5001469 -2.2311032 0.33025154 4278190080
-8.5436926 -2.186584 0.33129019 4278190080
-8.5986471 -2.1445155 0.33273086 4278190080
-8.665061 -2.1046841 0.33457357 4278190080
-8.6894846 -2.0542347 0.33497563 4278190080
-8.7330942 -2.0080421 0.33604774 4278190080
-8.793046 -1.9650956 0.33768946 4278190080
-9.0062304 -1.8969884 0.34418923 4278190080
-8.3323393 -2.7620695 0.25797948 4278190080
-8.3481798 -2.7105825 0.25795418 4278190080
-8.197938 -2.6062875 0.25352588 4278190080
-8.2070942 -2.5538568 0.25334877 4278190080
-8.2340851 -2.5069461 0.25365239 4278190080
-8.2770967 -2.4646518 0.25438625 4278190080
-8.3352556 -2.4263957 0.25552493 4278190080
-8.3461409 -2.3741114 0.25542372 4278190080
-8.4270096 -2.3413274 0.25716975 4278190080
-8.4759493 -2.2990007 0.25808072 4278190080
-8.5063248 -2.2512996 0.25851089 4278190080
-8.5383692 -2.2038121 0.25899166 4278190080
-8.5749979 -2.1572359 0.25959897 4278190080
-8.6230259 -2.1131492 0.26050994 4278190080
-8.6474981 -2.0629845 0.26081359 4278190080
-8.728158 -2.0257125 0.26258492 4278190080
-8.7589512 -1.9763018 0.2630657 4278190080
-8.7963009 -1.9280882 0.26372364 4278190080
-8.3657093 -2.7072897 0.17712566 4278190080
-8.245862 -2.6127152 0.1748296 4278190080
-8.1929779 -2.5407448 0.17367354 4278190080
-8.2323332 -2.497684 0.17407496 4278190080
-8.2800951 -2.4567955 0.17462087 4278190080
-8.3305445 -2.4162505 0.17521496 4278190080
-8.3856163 -2.3765416 0.17588933 4278190080
-8.4443674 -2.3373144 0.17662792 4278190080
-8.4768896 -2.2904127 0.17693299 4278190080
-8.5023861 -2.2414153 0.17712566 4278190080
-8.5140419 -2.1887057 0.17709355 4278190080
-8.5825949 -2.1502757 0.17800876 4278190080
-8.6519661 -2.1113236 0.17894003 4278190080
-8.6783772 -2.0614321 0.17916481 4278190080
-8.7726955 -2.027055 0.18051355 4278190080
-8.7966747 -1.9758184 0.18070622 4278190080
-8.7959328 -1.9190347 0.1804975 4278190080
-8.3325443 -2.750634 0.094272748 4278190080
-8.2769518 -2.6760771 0.093768701 4278190080
-8.2140865 -2.6001947 0.09321823 4278190080
-8.2279758 -2.5491533 0.093204968 4278190080
-8.2626019 -2.50442 0.09333761 4278190080
-8.3037004 -2.4613466 0.093516678 4278190080
-8.342658 -2.4173064 0.093682483 4278190080
-8.3794632 -2.3723359 0.093835026 4278190080
-8.4594021 -2.338995 0.09428601 4278190080
-8.4822836 -2.2893898 0.094345704 4278190080
-8.5106764 -2.2411196 0.094445184 4278190080
-8.5591364 -2.1978092 0.094683945 4278190080
-8.5588789 -2.1418519 0.094591096 4278190080
-8.6301527 -2.1035013 0.094989024 4278190080
-8.6750059 -2.0581248 0.095207892 4278190080
-8.6962404 -2.0068805 0.095267579 4278190080
-8.7805948 -1.9696783 0.095758364 4278190080
-8.7905617 -1.9153388 0.095745094 4278190080
-8.3510704 -2.7461321 0.014738178 4278190080
-8.1954727 -2.6393712 0.015180443 4278190080
-8.2181892 -2.5911393 0.01516334 4278190080
-8.2043104 -2.5315275 0.015239086 4278190080
-8.2531977 -2.4912498 0.015153565 4278190080
-8.3038149 -2.4510334 0.015063157 4278190080
-8.3696222 -2.4147227 0.014933654 4278190080
-8.4016066 -2.3682041 0.014889671 4278190080
-8.4294777 -2.3203223 0.014855463 4278190080
-8.4734955 -2.276597 0.014779716 4278190080
-8.523097 -2.2339392 0.014689309 4278190080
-8.6005898 -2.1979358 0.01452804 4278190080
-8.6284695 -2.1487455 0.014491389 4278190080
-8.6609287 -2.1004739 0.014442519 4278190080
-8.6921463 -2.0516548 0.014396093 4278190080
-8.7367353 -2.0056627 0.014315459 4278190080
-8.7957258 -1.9624654 0.014198173 4278190080
-8.3226681 -2.7572474 -0.058526006 4278190080
-8.2947283 -2.6916184 -0.058017425 4278190080
-8.2196026 -2.6115949 -0.056978628 4278190080
-8.2316532 -2.5599232 -0.056935344 4278190080
-8.2644253 -2.5146077 -0.057130117 4278190080
-8.3017416 -2.4704125 -0.057378996 4278190080
-8.3100224 -2.4174716 -0.05730325 4278190080
-8.3362408 -2.3697188 -0.057433102 4278190080
-8.3978348 -2.3316367 -0.057963323 4278190080
-8.456377 -2.2921023 -0.058461081 4278190080
-8.5137825 -2.2516813 -0.058948018 4278190080
-8.5651989 -2.2091424 -0.05937003 4278190080
-8.608655 -2.1641061 -0.059705477 4278190080
-8.6450815 -2.1169541 -0.059965175 4278190080
-8.679306 -2.0689721 -0.060203232 4278190080
-8.7346973 -2.0256214 -0.06067935 4278190080
-8.7937822 -1.9825487 -0.061198749 4278190080
-8.8145723 -1.9304799 -0.061296139 4278190080
-8.320323 -2.7507269 -0.13941579 4278190080
-8.3151674 -2.692538 -0.13895418 4278190080
-8.2333689 -2.6103408 -0.13688697 4278190080
-8.2511406 -2.5603654 -0.13692711 4278190080
-8.2580853 -2.5070748 -0.13674648 4278190080
-8.3087749 -2.4668872 -0.13748908 4278190080
-8.3333569 -2.4186461 -0.13768977 4278190080
-8.3874769 -2.3786533 -0.13851264 4278190080
-8.4028778 -2.3274109 -0.13853271 4278190080
-8.459466 -2.2872915 -0.13941579 4278190080
-8.5091095 -2.2447793 -0.14015837 4278190080
-8.5595179 -2.201993 -0.14092103 4278190080
-8.5825653 -2.1518631 -0.14112173 4278190080
-8.6130896 -2.1034312 -0.14148299 4278190080
-8.6890583 -2.0655746 -0.14278753 4278190080
-8.7570915 -2.0250621 -0.14393152 4278190080
-8.7917881 -1.9763355 -0.14439313 4278190080
-8.8076563 -1.9232061 -0.14447342 4278190080
-8.3371277 -2.7505305 -0.22390972 4278190080
-8.3243628 -2.6897967 -0.22299007 4278190080
-8.219677 -2.600383 -0.21922246 4278190080
-8.2173357 -2.5442824 -0.21865879 4278190080
-8.2547951 -2.500478 -0.21934111 4278190080
-8.2872334 -2.4548903 -0.21987511 4278190080
-8.3146219 -2.4076083 -0.22026077 4278190080
-8.3436661 -2.3606267 -0.22070576 4278190080
-8.3849707 -2.3168395 -0.22153641 4278190080
-8.4559679 -2.2807021 -0.22328673 4278190080
-8.4756031 -2.2303004 -0.22346473 4278190080
-8.5162382 -2.1852083 -0.22429538 4278190080
-8.6235476 -2.1564307 -0.227173 4278190080
-8.6482716 -2.1063151 -0.227529 4278190080
-8.675622 -2.0566688 -0.227974 4278190080
-8.7435961 -2.0161974 -0.22966497 4278190080
-8.7782364 -1.9675373 -0.23034729 4278190080
-8.763773 -1.9078979 -0.22954631 4278190080
-8.346715 -2.7447002 -0.30381879 4278190080
-8.3167915 -2.6784291 -0.30192068 4278190080
-8.2101278 -2.5885985 -0.29692367 4278190080
-8.24018 -2.5425913 -0.29750472 4278190080
-8.263279 -2.494292 -0.29781461 4278190080
-8.2956791 -2.4486327 -0.29851186 4278190080
-8.3287897 -2.4029465 -0.29924786 4278190080
-8.356842 -2.3555908 -0.29979017 4278190080
-8.406786 -2.3140786 -0.30122343 4278190080
-8.4652195 -2.2743742 -0.30300531 4278190080
-8.4896479 -2.2251756 -0.30343142 4278190080
-8.5263777 -2.178978 -0.3043611 4278190080
-8.6074629 -2.1435163 -0.30707267 4278190080
-8.6457024 -2.0967827 -0.30807981 4278190080
-8.6739664 -2.0473654 -0.30869961 4278190080
-8.7399321 -2.0063961 -0.31083012 4278190080
-8.7735348 -1.9575163 -0.31168231 4278190080
-8.3267775 -2.7569935 -0.37518907 4278190080
-8.3511381 -2.7083156 -0.37556452 4278190080
-8.2257471 -2.6119645 -0.36857164 4278190080
-8.2244501 -2.5561051 -0.36772686 4278190080
-8.2657814 -2.5134416 -0.36899403 4278190080
-8.3068991 -2.4703667 -0.37026119 4278190080
-8.3420429 -2.4252081 -0.37124676 4278190080
-8.3779049 -2.3799839 -0.37227926 4278190080
-8.4116011 -2.3338764 -0.37321791 4278190080
-8.4315481 -2.2837875 -0.37349951 4278190080
-8.5323162 -2.2549889 -0.3777234 4278190080
-8.5643702 -2.2073317 -0.37861511 4278190080
-8.5777531 -2.1547401 -0.37861511 4278190080
-8.6461172 -2.1156054 -0.38129023 4278190080
-8.6871147 -2.0692289 -0.38265127 4278190080
-8.7346792 -2.024008 -0.38434082 4278190080
-8.7751932 -1.9767436 -0.38570184 4278190080
-8.3699102 -2.7654991 -0.46039307 4278190080
-8.3183279 -2.6919549 -0.45633629 4278190080
-8.2299948 -2.6076872 -0.45013842 4278190080
-8.2286758 -2.5518162 -0.44912422 4278190080
-8.262331 -2.5067861 -0.45019475 4278190080
-8.3244572 -2.46996 -0.45295563 4278190080
-8.3365793 -2.4180012 -0.45278659 4278190080
-8.3531799 -2.3673477 -0.45289928 4278190080
-8.4300928 -2.3333631 -0.45656165 4278190080
-8.4876242 -2.2933135 -0.45909715 4278190080
-8.525672 -2.2475548 -0.46050575 4278190080
-8.5557404 -2.1994264 -0.4614636 4278190080
-8.6300888 -2.1621764 -0.4650133 4278190080
-8.6470728 -2.1101294 -0.46523869 4278190080
-8.6821985 -2.06234 -0.46653458 4278190080
-8.7540293 -2.0227413 -0.4699716 4278190080
-8.3446293 -2.7497697 -0.54019153 4278190080
-8.3395033 -2.691468 -0.53868324 4278190080
-8.2264585 -2.5993636 -0.52976471 4278190080
-8.2165127 -2.5408792 -0.52799416 4278190080
-8.2500963 -2.4959052 -0.52924007 4278190080
-8.3044863 -2.4568417 -0.53192878 4278190080
-8.3241978 -2.4072258 -0.53225666 4278190080
-8.3484144 -2.3588171 -0.53291243 4278190080
-8.4464169 -2.3306365 -0.53861767 4278190080
-8.4634485 -2.2795451 -0.53881437 4278190080
-8.5100899 -2.2361925 -0.541044 4278190080
-8.5710154 -2.1960678 -0.54425728 4278190080
-8.608532 -2.1494782 -0.54589671 4278190080
-8.623498 -2.0970883 -0.5460279 4278190080
-8.6750441 -2.053328 -0.54865098 4278190080
-8.7458248 -2.0134909 -0.5525856 4278190080
-8.3489752 -2.7438259 -0.62189132 4278190080
-8.2830677 -2.6659734 -0.61538333 4278190080
-8.2450552 -2.5980222 -0.61111945 4278190080
-8.2494059 -2.5438576 -0.6102218 4278190080
-8.2639046 -2.4929044 -0.610147 4278190080
-8.2800016 -2.4424331 -0.6102218 4278190080
-8.3245363 -2.4001431 -0.61254072 4278190080
-8.3784618 -2.3601012 -0.61560774 4278190080
-8.418746 -2.3157859 -0.61762744 4278190080
-8.4905834 -2.2795949 -0.62211573 4278190080
-8.527564 -2.2335162 -0.62391102 4278190080
-8.5710602 -2.188796 -0.62623 4278190080
-8.6298113 -2.1474771 -0.62974578 4278190080
-8.6651163 -2.099885 -0.63146633 4278190080
-8.6885147 -2.0491943 -0.63228917 4278190080
-8.7514677 -2.0074327 -0.63617903 4278190080
-8.2843657 -2.7397323 -0.69062018 4278190080
-8.3474731 -2.7039006 -0.69469482 4278190080
-8.2432718 -2.6143579 -0.68413401 4278190080
-8.2172832 -2.5507259 -0.68047512 4278190080
-8.2461281 -2.504313 -0.68163931 4278190080
-8.3119678 -2.4687114 -0.6860466 4278190080
-8.3212175 -2.4159958 -0.68554765 4278190080
-8.4087448 -2.3855703 -0.69186753 4278190080
-8.4174623 -2.3323333 -0.69136858 4278190080
-8.4383478 -2.2824628 -0.69195068 4278190080
-8.4926615 -2.2413275 -0.69544321 4278190080
-8.568984 -2.2053258 -0.7008484 4278190080
-8.6045847 -2.1582844 -0.70276099 4278190080
-8.6757488 -2.1196437 -0.70775032 4278190080
-8.7011938 -2.0693691 -0.70883137 4278190080
-8.7079029 -2.0145924 -0.70833242 4278190080
-8.4523277 -2.3363361 -0.77586776 4278190080
-8.4905376 -2.2909153 -0.77817702 4278190080
-8.5179157 -2.2423246 -0.77947021 4278190080
-8.5604477 -2.1974454 -0.78224134 4278190080
-8.6095095 -2.1538205 -0.78565902 4278190080
6.0690989 -14.167436 0.1382973 4294901760
6.1991835 -14.275025 -0.0018089237 4294901760
5.5297856 -14.56255 -0.13221586 4294901760
5.8703671 -14.412162 -0.27589136 4294901760
5.7714238 -14.42192 -0.27532941 4294901760
5.5972505 -14.500052 -0.27551004 4294901760
6.3389959 -14.316492 -0.42804316 4294901760
5.9761896 -14.444656 -0.4273015 4294901760
5.8848114 -14.474572 -0.42709383 4294901760
5.7877297 -14.489986 -0.42644116 4294901760
5.6965213 -14.519643 -0.42626315 4294901760
5.6030111 -14.54313 -0.42590716 4294901760
5.4839683 -14.498702 -0.42341521 4294901760
5.3869014 -14.510526 -0.42273289 4294901760
5.1593246 -14.438112 -0.4184016 4294901760
5.0729508 -14.476101 -0.41860929 4294901760
6.0657072 -14.205588 -0.56199831 4294901760
5.965229 -14.459085 -0.56955194 4294901760
5.5408783 -14.424822 -0.56223077 4294901760
5.4935107 -14.567943 -0.56676292 4294901760
5.4269075 -14.663228 -0.56931955 4294901760
5.3153491 -14.637077 -0.56687915 4294901760
5.2100158 -14.626116 -0.56509727 4294901760
6.3152366 -14.219542 -0.69409275 4294901760
6.0551167 -13.862587 -0.67381805 4294901760
5.9364309 -13.821467 -0.66982883 4294901760
5.7200732 -14.531502 -0.69681484 4294901760
5.3738546 -14.425591 -0.68634897 4294901760
6.1564093 -13.886285 -0.82015127 4294901760
6.1592817 -14.126056 -0.83260339 4294901760
5.9544578 -13.888296 -0.81570011 4294901760
5.865458 -14.664311 -0.85423958 4294901760
5.8430114 -14.643247 -0.99890465 4294901760
5.7653441 -13.98144 -1.0971255 4294901760
-0.59785604 11.915207 0.3377648 4278255360
-0.53627324 12.180313 0.34439459 4278255360
-0.65023643 11.750506 0.22490932 4278255360
-0.59030873 12.073314 0.11624523 4278255360
-0.71409422 11.894571 0.0071023698 4278255360
-0.63314503 11.750943 0.0074640014 4278255360
-0.57521605 12.052268 0.0067358506 4278255360
-0.73261714 11.75753 -0.091129169 4278255360
-0.64884073 11.555142 -0.088889256 4278255360
-0.602431 12.048265 -0.094191462 4278255360
-0.53630322 12.229552 -0.096117571 4278255360
-0.45883816 12.168662 -0.09542504 4278255360
-0.59369785 12.027929 -0.20524518 4278255360
-0.52031654 12.041335 -0.20544589 4278255360
-0.58138949 11.93358 -0.31795171 4278255360
-0.49566367 11.643318 -0.30922982 4278255360
-0.4102498 11.262564 -0.297838 4278255360
-0.6219337 11.542585 -0.41131291 4278255360
-0.46867949 11.270798 -0.40050539 4278255360
-0.66090244 11.806478 -0.51866055 4278255360
-0.57445842 11.529969 -0.5054726 4278255360
-0.48658696 11.142083 -0.48707521 4278255360
-0.75917637 11.221431 -0.59764773 4278255360
-0.64597416 11.673515 -0.62272096 4278255360
-0.54930824 11.168685 -0.59398538 4278255360
-0.75144494 11.242578 -0.70328224 4278255360
-0.61201286 11.225046 -0.70157719 4278255360
-0.53960824 11.155832 -0.69679004 4278255360
-0.73508215 11.133389 -0.79962724 4278255360
-0.67943174 11.349714 -0.81556064 4278255360
-0.60737514 11.30886 -0.81219441 4278255360
-0.62905973 11.309121 -0.9076575 4278255360
10.283372 -3.3833272 0.69923419 4294967040
10.238764 -3.4384191 0.69770366 4294967040
10.216529 -3.5008547 0.69764245 4294967040
10.218411 -3.571708 0.69917297 4294967040
10.215108 -3.6410406 0.70039743 4294967040
10.273684 -3.3893566 0.59853745 4294967040
10.243229 -3.4491444 0.59801757 4294967040
10.220928 -3.5116062 0.59796554 4294967040
10.213326 -3.5792084 0.59874535 4294967040
10.213742 -3.6498735 0.59999305 4294967040
10.316657 -3.3407137 0.49948609 4294967040
10.283633 -3.3998754 0.49893036 4294967040
10.243646 -3.4565215 0.49807543 4294967040
10.212797 -3.5160577 0.49764794 4294967040
10.194801 -3.5799804 0.49781895 4294967040
10.322368 -3.3517971 0.39947093 4294967040
10.251329 -3.3983989 0.39769521 4294967040
10.227444 -3.4602747 0.39759469 4294967040
10.237195 -3.5337281 0.39870033 4294967040
10.228518 -3.6011236 0.39916939 4294967040
10.276041 -3.3829064 0.30962613 4294967040
10.238981 -3.4404836 0.30919594 4294967040
10.21295 -3.5016234 0.30906942 4294967040
10.210145 -3.5708218 0.30957553 4294967040
10.175801 -3.6290383 0.30924654 4294967040
10.358075 -3.3508632 0.21074763 4294967040
10.283201 -3.3964829 0.20983243 4294967040
10.231848 -3.4492953 0.20931862 4294967040
10.226564 -3.51754 0.20959158 4294967040
10.228376 -3.5884974 0.20999299 4294967040
10.230643 -3.659946 0.21041045 4294967040
10.338249 -3.3477066 0.10814732 4294967040
10.259599 -3.3919287 0.10774275 4294967040
10.222486 -3.4493811 0.10763001 4294967040
10.216256 -3.5172489 0.10773612 4294967040
10.221844 -3.5894773 0.10792845 4294967040
10.224104 -3.6608951 0.10810089 4294967040
10.291784 -3.3458412 0.0097755129 4294967040
10.259672 -3.4051466 0.0098048346 4294967040
10.240479 -3.4686763 0.009799948 4294967040
10.227509 -3.5343857 0.0097779566 4294967040
10.214118 -3.6000664 0.0097559653 4294967040
10.192778 -3.6630096 0.0097535225 4294967040
10.280993 -3.386528 -0.080784455 4294967040
10.242959 -3.4438126 -0.080589674 4294967040
10.222581 -3.5069218 -0.0806005 4294967040
10.207478 -3.5718918 -0.080676243 4294967040
10.223042 -3.6478956 -0.081109077 4294967040
10.321757 -3.3371227 -0.18126161 4294967040
10.270706 -3.3903651 -0.18061937 4294967040
10.216548 -3.4421492 -0.17991692 4294967040
10.197125 -3.5054221 -0.17995706 4294967040
10.220713 -3.5838027 -0.18092042 4294967040
10.218301 -3.6535165 -0.18134189 4294967040
10.347598 -3.3527324 -0.28617916 4294967040
10.255658 -3.3926146 -0.2839542 4294967040
10.200556 -3.4439666 -0.28288621 4294967040
10.189628 -3.5100725 -0.28321254 4294967040
10.196189 -3.5824697 -0.28410253 4294967040
10.218242 -3.6608109 -0.28549683 4294967040
10.329693 -3.3581684 -0.38427475 4294967040
10.238714 -3.3981891 -0.38140821 4294967040
10.19685 -3.4538941 -0.38055602 4294967040
10.181131 -3.5183547 -0.38078845 4294967040
10.20176 -3.5957096 -0.38253158 4294967040
10.187028 -3.6609428 -0.38284147 4294967040
10.305444 -3.3266165 -0.4718692 4294967040
10.248786 -3.3779078 -0.47008577 4294967040
10.210825 -3.434998 -0.46924099 4294967040
10.202784 -3.502125 -0.46989805 4294967040
10.207501 -3.5739026 -0.47121215 4294967040
10.195728 -3.640161 -0.47172841 4294967040
10.317283 -3.3376679 -0.57488465 4294967040
10.246363 -3.3843162 -0.5718984 4294967040
10.197967 -3.4378743 -0.5702644 4294967040
10.180457 -3.501682 -0.57048976 4294967040
10.169143 -3.5677178 -0.57110959 4294967040
10.14518 -3.6293747 -0.57099688 4294967040
10.31254 -3.345356 -0.67528069 4294967040
10.26056 -3.398216 -0.67311668 4294967040
10.185634 -3.4428952 -0.66937876 4294967040
10.180353 -3.5108593 -0.67049354 4294967040
10.192507 -3.5851791 -0.67285436 4294967040
10.177831 -3.650347 -0.67337894 4294967040
10.179523 -3.660254 -0.77411884 4294967040
10.153427 -3.6290643 -0.86225432 4294967040
10.177506 -3.6449518 -0.96522748 4294967040
14.724781 -4.6447468 0.98226696 4278190335
14.715955 -4.741436 0.98355263 4278190335
14.73532 -4.6614404 0.83991474 4278190335
14.677932 -4.7425561 0.83835512 4278190335
14.737803 -4.672771 0.69702244 4278190335
14.751426 -4.5910144 0.55355603 4278190335
14.718216 -4.6799269 0.55338854 4278190335
14.761242 -4.6590815 0.42759603 4278190335
14.709541 -4.7422066 0.42698872 4278190335
14.762243 -4.675632 0.28459075 4278190335
14.795632 -4.5913882 0.13882126 4278190335
14.766229 -4.6817837 0.13881463 4278190335
14.805805 -4.6136174 -0.0016745335 4278190335
14.769595 -4.7019501 -0.0016549858 4278190335
14.781459 -4.6683011 -0.13139348 4278190335
14.730648 -4.7518511 -0.1311446 4278190335
14.780831 -4.5790892 -0.27412522 4278190335
14.757222 -4.671205 -0.27422556 4278190335
14.809638 -4.5985718 -0.42359319 4278190335
14.772568 -4.6866345 -0.42332622 4278190335
14.857689 -4.6297879 -0.56649178 4278190335
14.814719 -4.7163181 -0.5659107 4278190335
14.805209 -4.6786451 -0.69259089 4278190335
14.797779 -4.6868863 -0.83891392 4278190335
14.834995 -4.7121472 -0.98572361 4278190335
14.89299 -4.6436448 -1.1328821 4278190335
14.804358 -4.715868 -1.1281694 4278190335
10.748095 2.5663106 0.71300936 4294902015
10.763638 2.5003133 0.71300936 4294902015
10.775857 2.433562 0.71282566 4294902015
10.787662 2.3667548 0.71264201 4294902015
10.760655 2.5600948 0.61117035 4294902015
10.763514 2.4910929 0.61049449 4294902015
10.795159 2.4287293 0.61137831 4294902015
10.828395 2.3664973 0.61236608 4294902015
10.76701 2.5543766 0.50897604 4294902015
10.767878 2.484894 0.50833482 4294902015
10.790721 2.420526 0.50867683 4294902015
10.833679 2.3604372 0.50991648 4294902015
10.761231 2.5437961 0.40633926 4294902015
10.785404 2.4797332 0.4066408 4294902015
10.788712 2.4108939 0.40623873 4294902015
10.824789 2.3493121 0.40697584 4294902015
10.772112 2.500298 0.31569922 4294902015
10.793101 2.4354753 0.31585106 4294902015
10.833231 2.3747716 0.31650898 4294902015
10.824365 2.5712562 0.2145851 4294902015
10.801944 2.4960103 0.2139589 4294902015
10.820958 2.4305606 0.21402313 4294902015
10.845437 2.3662503 0.21418369 4294902015
10.726043 2.5446587 0.10918857 4294902015
10.748275 2.4803708 0.109235 4294902015
10.790613 2.4205017 0.1094207 4294902015
10.837504 2.3612704 0.10963956 4294902015
10.782741 2.5448992 0.0091475444 4294902015
10.800102 2.4791372 0.0091426577 4294902015
10.819015 2.413693 0.0091328835 4294902015
10.867828 2.354672 0.009047363 4294902015
10.834731 2.5830009 -0.084182195 4294902015
10.798751 2.5044942 -0.083608687 4294902015
10.807086 2.4366469 -0.083532944 4294902015
10.84723 2.3758547 -0.083814286 4294902015
10.813402 2.5706484 -0.18662028 4294902015
10.816308 2.5013216 -0.18635938 4294902015
10.838281 2.4364419 -0.18649986 4294902015
10.856934 2.3707469 -0.18658015 4294902015
10.812449 2.5631592 -0.29315072 4294902015
10.809465 2.4925003 -0.29258707 4294902015
10.818704 2.4248161 -0.29240906 4294902015
10.827518 2.3571126 -0.29223108 4294902015
10.784394 2.5452893 -0.39275804 4294902015
10.786174 2.4759409 -0.39221573 4294902015
10.815792 2.4129741 -0.39279678 4294902015
10.819652 2.3442376 -0.3923707 4294902015
10.826776 2.5791039 -0.48599577 4294902015
10.798608 2.5024722 -0.48388383 4294902015
10.81376 2.436166 -0.48388383 4294902015
10.854851 2.3755362 -0.48515099 4294902015
10.814368 2.5688813 -0.59021026 4294902015
10.81339 2.4986556 -0.58925241 4294902015
10.842155 2.4353223 -0.59004128 4294902015
10.863723 2.3702402 -0.59043568 4294902015
10.808387 2.5582063 -0.69272429 4294902015
10.804432 2.4873624 -0.69141275 4294902015
10.817543 2.4205852 -0.69128156 4294902015
10.856569 2.3594615 -0.69292098 4294902015
10.810226 2.5493896 -0.79581219 4294902015
10.80817 2.4789999 -0.79446572 4294902015
10.852377 2.4191422 -0.79670984 4294902015
10.88651 2.3567259 -0.79820597 4294902015
10.818524 2.5731416 -0.89044422 4294902015
10.817604 2.5028918 -0.88903058 4294902015
10.838592 2.4377816 -0.88952953 4294902015
10.864055 2.3735719 -0.89044422 4294902015
10.822937 2.5669205 -0.99423182 4294902015
10.818109 2.4957626 -0.99229205 4294902015
10.852651 2.4336951 -0.99413943 4294902015
9.7145329 7.8873491 -0.099060833 4278255615
9.7400379 7.7116747 -0.098086961 4278255615
9.7635403 7.6332874 -0.097762339 4278255615
9.7438116 7.9007545 -0.21532029 4278255615
9.7039185 7.7702012 -0.21305239 4278255615
9.7302389 7.6937695 -0.21251051 4278255615
9.7559862 7.6173077 -0.21196862 4278255615
9.8369493 7.8663702 -0.33717543 4278255615
9.838747 7.7693162 -0.33542514 4278255615
10.042916 8.357604 -0.57695019 4278255615
10.059283 8.2672815 -0.57483828 4278255615
10.130362 8.1194744 -0.57305485 4278255615
10.029007 7.7393823 -0.55827123 4278255615
10.112925 8.3004723 -0.70126486 4278255615
9.9153385 7.7389441 -0.67275465 4278255615
10.051997 7.74683 -0.67912155 4278255615
10.137755 8.101099 -0.81561613 4278255615
10.152804 8.0115452 -0.81273073 4278255615
10.067959 7.8448386 -0.80158257 4278255615
10.040771 7.725112 -0.7953527 4278255615
10.096724 7.6699972 -0.79607409 4278255615
10.180661 8.1217451 -0.93958682 4278255615
10.214713 7.8770165 -1.0388778 4278255615
7.5741315 -17.098089 0.16010399 4294967295
7.500628 -17.216665 0.16062793 4294967295
7.7153296 -17.080206 -0.16646379 4294967295
7.2568598 -16.605526 -0.15975487 4294967295
7.2574911 -16.888599 -0.16256829 4294967295
7.190701 -17.020315 -0.16359627 4294967295
7.4042587 -16.692896 -0.33008021 4294967295
7.3864465 -16.932289 -0.33433503 4294967295
7.4954734 -16.651737 -0.50532371 4294967295
7.4182639 -17.035727 -0.51481688 4294967295
7.2264881 -17.167856 -0.51618153 4294967295
7.2305708 -17.226004 -0.68742746 4294967295
7.3123531 -17.316664 -0.84624666 4294967295
7.2663841 -17.239397 -1.0187086 4294967295
10.486588 3.5500174 0.71429503 4278190080
10.47028 3.4730334 0.71184611 4278190080
10.441083 3.3923731 0.7086013 4278190080
10.472245 3.5357039 0.61075443 4278190080
10.493743 3.4713809 0.61075443 4278190080
10.490145 3.3989232 0.60940278 4278190080
10.467731 3.5267704 0.50812107 4278190080
10.468302 3.4555857 0.50718063 4278190080
10.47885 3.387908 0.50671041 4278190080
10.482834 3.5224011 0.40637276 4278190080
10.477668 3.4492648 0.40543464 4278190080
10.48722 3.3812308 0.40503258 4278190080
10.468541 3.5418668 0.31552207 4278190080
10.507156 3.4832299 0.31597757 4278190080
10.53879 3.4220908 0.31625593 4278190080
10.472117 3.5315833 0.21339694 4278190080
10.502134 3.4700844 0.21354143 4278190080
10.533692 3.4089661 0.21371806 4278190080
10.488463 3.5337548 0.10948039 4278190080
10.511847 3.469959 0.10949365 4278190080
10.555777 3.4127767 0.10965282 4278190080
10.483294 3.5184779 0.0091988565 4278190080
10.503736 3.4537752 0.0092013003 4278190080
10.51997 3.3877282 0.0092135174 4278190080
10.507898 3.5531397 -0.083684437 4278190080
10.529503 3.4885974 -0.083684437 4278190080
10.545004 3.4220717 -0.083619513 4278190080
10.48116 3.5366733 -0.18555658 4278190080
10.51975 3.4779451 -0.18591784 4278190080
10.534234 3.4111755 -0.18577735 4278190080
10.482794 3.5298047 -0.29163775 4278190080
10.494762 3.4622858 -0.2913411 4278190080
10.503444 3.3938308 -0.29095542 4278190080
10.504813 3.5256987 -0.39275804 4278190080
10.519604 3.4589915 -0.3924869 4278190080
10.5458 3.563905 -0.48608965 4278190080
10.537127 3.4890802 -0.48458782 4278190080
10.558336 3.4243598 -0.48458782 4278190080
10.541953 3.5551362 -0.5907737 4278190080
10.551245 3.4863126 -0.59004128 4278190080
10.600934 3.4307289 -0.59173161 4278190080
10.525626 3.5401299 -0.6925931 4278190080
10.540515 3.4732933 -0.69213408 4278190080
9.3655596 7.2351661 0.76113039 4294901760
9.478817 7.2302337 0.76645678 4294901760
9.4679918 7.1305008 0.76223242 4294901760
9.5884552 7.1294513 0.7681098 4294901760
9.7036266 7.123055 0.77355862 4294901760
9.3113413 7.2727394 0.65042078 4294901760
9.3921661 7.2435246 0.65281224 4294901760
9.5673513 7.1931386 0.65847886 4294901760
9.6249399 7.1444182 0.65936261 4294901760
9.7104816 7.1159225 0.66206598 4294901760
9.3186607 6.7412853 0.6340968 4294901760
9.3303452 6.9165063 0.53244448 4294901760
9.5185423 6.9659185 0.54018176 4294901760
9.5327597 6.8869057 0.53868556 4294901760
9.2803717 6.6182971 0.523211 4294901760
9.1999273 6.8960228 0.42108104 4294901760
9.4372988 6.9838986 0.42922252 4294901760
9.6890001 7.0785484 0.43790007 4294901760
9.7662983 7.0435162 0.43930724 4294901760
9.2377453 6.5765948 0.4157874 4294901760
9.2116899 6.9349236 0.32764298 4294901760
9.5926323 7.1299543 0.33832151 4294901760
9.4281216 7.0832977 0.22529468 4294901760
9.8023252 7.1779642 0.23102678 4294901760
9.7700148 7.0626192 0.22951749 4294901760
9.7358475 6.9473619 0.22799215 4294901760
9.1193094 6.9350796 0.11206032 4294901760
9.0515833 6.9549127 0.0083265426 4294901760
9.1944189 7.0978045 -0.089343727 4294901760
9.1991978 7.0921297 -0.19667533 4294901760
9.5885925 7.2989841 -0.20540574 4294901760
9.2414694 6.8572564 -0.19450776 4294901760
9.5331297 6.8939061 -0.19966574 4294901760
9.727417 6.9439116 -0.20341882 4294901760
9.133441 7.1218371 -0.30709386 4294901760
9.4731836 7.2937164 -0.31818905 4294901760
9.5567503 7.2650933 -0.31964269 4294901760
9.2861938 6.8812642 -0.30638188 4294901760
9.487978 6.9410057 -0.3122558 4294901760
9.5790091 6.9177694 -0.31403577 4294901760
8.9775457 6.986052 -0.40418535 4294901760
9.0059786 6.9198775 -0.4034881 4294901760
9.181222 6.9653373 -0.40995711 4294901760
9.2173891 6.904079 -0.40964723 4294901760
9.7191668 7.1872029 -0.43180457 4294901760
9.4637041 6.8202887 -0.41541898 4294901760
9.5135174 6.7678838 -0.41580635 4294901760
8.9832373 7.1098394 -0.50134259 4294901760
9.4532499 7.3880014 -0.52677977 4294901760
9.0600309 6.8157706 -0.49575764 4294901760
9.2187443 6.6730385 -0.49777573 4294901760
8.8001547 7.1330075 -0.60221159 4294901760
-12.127361 -6.5014119 0.87922907 4278255360
-12.146727 -6.4161539 0.87782097 4278255360
-12.160191 -6.3281384 0.87604553 4278255360
-12.160178 -6.5061665 0.75330383 4278255360
-12.157569 -6.314105 0.74852097 4278255360
-12.108915 -6.4686852 0.62289822 4278255360
-12.123624 -6.3812356 0.6217013 4278255360
-12.188272 -6.3200631 0.62294096 4278255360
-12.219704 -6.2415228 0.62259901 4278255360
-12.054032 -6.5219617 0.49509147 4278255360
-12.084122 -6.4427052 0.49472293 4278255360
-12.134044 -6.3740139 0.495125 4278255360
-12.076933 -6.4716568 0.38260451 4278255360
-12.18914 -6.3404994 0.38356608 4278255360
-12.199347 -6.250999 0.38275635 4278255360
-12.322254 -6.218822 0.38516027 4278255360
-12.365551 -6.1457667 0.38531211 4278255360
-12.403926 -6.0702171 0.38533741 4278255360
-12.585869 -5.968956 0.38837394 4278255360
-12.196875 -6.3291087 0.25658849 4278255360
-12.245274 -6.2591572 0.2567651 4278255360
-12.313812 -6.1991911 0.25731102 4278255360
-12.382076 -6.1386189 0.25785694 4278255360
-12.575219 -5.9485745 0.25931805 4278255360
-12.640489 -5.8848071 0.25983188 4278255360
-12.644544 -5.7925601 0.25926989 4278255360
-12.086224 -6.4565635 0.12695624 4278255360
-12.279607 -6.2721186 0.12752661 4278255360
-12.369987 -6.1280584 0.12763272 4278255360
-12.437914 -6.0669475 0.12785822 4278255360
-12.449666 -5.9783955 0.12767252 4278255360
-12.569241 -5.8471003 0.1280174 4278255360
-12.661255 -5.7956705 0.12842859 4278255360
-12.170379 -6.5794063 0.0024133727 4278255360
-12.106373 -6.4491343 0.0027017007 4278255360
-12.144831 -6.3742647 0.0027041442 4278255360
-12.186378 -6.3010035 0.0026968138 4278255360
-12.335188 -6.1872954 0.0024988938 4278255360
-12.405199 -6.1274328 0.0024109292 4278255360
-12.371516 -6.016654 0.0026039623 4278255360
-12.456908 -5.9639463 0.0024720156 4278255360
-12.572873 -5.9249077 0.0022569913 4278255360
-12.641651 -5.8627949 0.0021690268 4278255360
-12.673747 -5.7834563 0.0021788008 4278255360
-12.181023 -6.3335719 -0.11221896 4278255360
-12.241014 -6.2696528 -0.11247867 4278255360
-12.298894 -6.2043347 -0.11271672 4278255360
-12.387775 -6.1541152 -0.11333351 4278255360
-12.528128 -6.0333104 -0.11412343 4278255360
-12.636291 -5.9901681 -0.11497828 4278255360
-12.641092 -5.8977213 -0.11459955 4278255360
-12.675225 -5.8192115 -0.1145779 4278255360
-12.113353 -6.3831139 -0.23836058 4278255360
-12.170925 -6.3183417 -0.23878205 4278255360
-12.254863 -6.2667599 -0.23980562 4278255360
-12.333265 -6.2116861 -0.24070877 4278255360
-12.351443 -6.1261201 -0.24026723 4278255360
-12.435515 -6.0730329 -0.24131086 4278255360
-12.461732 -5.9914169 -0.24107003 4278255360
-12.503682 -5.9174066 -0.24119045 4278255360
-12.642168 -5.8882766 -0.24345835 4278255360
-12.700782 -5.8210096 -0.2439601 4278255360
-12.095517 -6.4588118 -0.37031263 4278255360
-12.122536 -6.3779578 -0.36989731 4278255360
-12.168541 -6.3071351 -0.37013462 4278255360
-12.265769 -6.2623487 -0.3720926 4278255360
-12.335218 -6.2026854 -0.37313092 4278255360
-12.393648 -6.1370826 -0.37381324 4278255360
-12.436462 -6.063549 -0.37399125 4278255360
-12.431981 -5.9672308 -0.3726266 4278255360
-12.56868 -5.9382315 -0.37591955 4278255360
-12.64476 -5.8795424 -0.37722486 4278255360
-12.682417 -5.8026767 -0.3772842 4278255360
-12.107013 -6.4494753 -0.49498397 4278255360
-12.166709 -6.3857465 -0.49587491 4278255360
-12.219865 -6.318315 -0.49649471 4278255360
-12.278883 -6.2536454 -0.49738565 4278255360
-12.342033 -6.1907287 -0.49847028 4278255360
-12.387851 -6.118865 -0.4988189 4278255360
-12.423365 -6.0418658 -0.49874145 4278255360
-12.461104 -5.9659553 -0.49878016 4278255360
-12.573407 -5.925159 -0.50203407 4278255360
-12.645787 -5.8647127 -0.50358349 4278255360
-12.776081 -5.8301468 -0.50761211 4278255360
-12.11817 -6.488308 -0.60891098 4278255360
-12.128599 -6.3984475 -0.60736221 4278255360
-12.182698 -6.3317394 -0.60816008 4278255360
-12.218653 -6.2555027 -0.60801923 4278255360
-12.319238 -6.2118988 -0.61130452 4278255360
-12.369647 -6.1424131 -0.61196154 4278255360
-12.564561 -5.9534707 -0.61632621 4278255360
-0.19249693 -11.196293 0.72207028 4294967040
0.13917682 -10.978232 0.60690737 4294967040
0.13169701 -10.936189 0.5034616 4294967040
0.06430351 -10.887836 0.50136697 4294967040
0.258017 -10.975815 0.40369242 4294967040
0.28212517 -11.024877 0.31494009 4294967040
0.15015805 -11.277406 0.32126623 4294967040
0.080559529 -11.223134 0.31987447 4294967040
0.011688566 -11.218418 0.31974795 4294967040
0.34552363 -11.23824 0.21647975 4294967040
0.27589583 -11.213161 0.21604623 4294967040
0.20418566 -11.05769 0.21352538 4294967040
0.13434449 -10.897767 0.21094032 4294967040
0.067493163 -10.901386 0.21098848 4294967040
0.00060543109 -10.94059 0.21161468 4294967040
-0.066016302 -10.8564 0.21026595 4294967040
0.26051876 -10.7126 0.10714585 4294967040
0.36620611 -11.603565 -0.089278802 4294967040
0.35674 -11.53716 -0.19521022 4294967040
0.27979407 -11.291258 -0.19023287 4294967040
0.21065623 -11.300759 -0.19039343 4294967040
0.13805552 -11.041912 -0.18517525 4294967040
0.070096508 -11.010558 -0.18453301 4294967040
0.0024997946 -10.87081 -0.18172322 4294967040
-0.064020053 -10.839626 -0.18110105 4294967040
-0.13078181 -10.860023 -0.18152252 4294967040
0.34926838 -11.533628 -0.30581823 4294967040
0.26658747 -11.041914 -0.29116309 4294967040
0.13138567 -11.071341 -0.29196408 4294967040
-0.0044426769 -10.970164 -0.28893813 4294967040
-0.071859278 -10.985923 -0.2894128 4294967040
-0.13939326 -10.99527 -0.28970945 4294967040
0.44509941 -10.702714 -0.37846425 4294967040
0.33465376 -11.423526 -0.40623841 4294967040
0.256484 -11.075721 -0.39268059 4294967040
-0.015048773 -10.835861 -0.38326758 4294967040
-0.081429727 -10.821576 -0.38272527 4294967040
-0.14815761 -10.844852 -0.38365495 4294967040
0.3398318 -10.829723 -0.4721508 4294967040
0.52187741 -10.611248 -0.56248891 4294967040
0.4570159 -10.620235 -0.56282699 4294967040
4.979032 10.905617 0.77055871 4278190335
5.1223006 11.03965 0.78170127 4278190335
5.2597384 11.156079 0.79174179 4278190335
5.4117289 11.298238 0.80361903 4278190335
5.5765743 11.461384 0.81702679 4278190335
5.7365479 11.608606 0.82945502 4278190335
5.7364984 11.431341 0.81972057 4278190335
5.7299609 11.245625 0.80937392 4278190335
5.9391651 11.481544 0.82810807 4278190335
6.1310601 11.676426 0.84414846 4278190335
6.3269744 11.872018 0.86037248 4278190335
6.5245652 12.063881 0.87647408 4278190335
6.7530727 12.305386 0.89618778 4278190335
6.9595375 12.499181 0.91271794 4278190335
7.1818824 12.714362 0.93090111 4278190335
7.3838048 12.886571 0.94620675 4278190335
5.6847062 11.659407 0.71062219 4278190335
5.8434377 11.800611 0.7208637 4278190335
5.9951406 11.922455 0.73006546 4278190335
6.1730762 12.090906 0.74207455 4278190335
6.351922 12.254954 0.75392765 4278190335
6.7460289 12.268648 0.76422113 4278190335
6.979785 12.511336 0.78116906 4278190335
7.2133241 12.745524 0.79775298 4278190335
6.6697154 13.242634 0.6699205 4278190335
6.7535748 13.206797 0.67017698 4278190335
6.7944331 13.087965 0.66645795 4278190335
6.7469883 12.803848 0.65474516 4278190335
6.8654757 12.837093 0.65837872 4278190335
7.0022569 12.901853 0.66359389 4278190335
7.0856271 12.866521 0.66397864 4278190335
7.1327648 12.766111 0.66120005 4278190335
7.2080059 12.71689 0.66094357 4278190335
7.2893858 12.678486 0.66124278 4278190335
6.6158481 13.311228 0.53395617 4278190335
6.698751 13.27306 0.53405666 4278190335
6.7499824 13.173004 0.53184539 4278190335
6.8182292 13.107401 0.53094083 4278190335
6.8835917 13.037037 0.52986866 4278190335
6.948348 12.966366 0.52879655 4278190335
7.0101094 12.891002 0.5275569 4278190335
7.0779686 12.827621 0.52678633 4278190335
7.1467791 12.766508 0.52611625 4278190335
7.2185616 12.711119 0.52568066 4278190335
7.3138819 12.696897 0.52685332 4278190335
6.6721921 13.29045 0.41221085 4278190335
6.7463522 13.235009 0.41180599 4278190335
6.8012481 13.142756 0.41036361 4278190335
6.8636336 13.066261 0.40937674 4278190335
6.922986 12.985085 0.40826336 4278190335
6.986834 12.913347 0.40742829 4278190335
7.0582404 12.856213 0.40702343 4278190335
7.1194806 12.78122 0.40611246 4278190335
7.1962953 12.734685 0.40603656 4278190335
7.2797666 12.69983 0.40631491 4278190335
7.4258823 12.772462 0.40975633 4278190335
6.6593099 13.231828 0.27380088 4278190335
6.7494721 13.208525 0.274122 4278190335
6.8170395 13.141123 0.27365637 4278190335
6.8863635 13.077814 0.27327102 4278190335
6.9466844 12.998276 0.27259666 4278190335
7.001523 12.909702 0.27176172 4278190335
7.0699987 12.847227 0.27140847 4278190335
7.1428456 12.793128 0.2712158 4278190335
7.2148023 12.737749 0.27100706 4278190335
7.2968087 12.700176 0.27113554 4278190335
7.4380269 12.764016 0.27315861 4278190335
6.5746732 13.255766 0.13421187 4278190335
6.6540856 13.211602 0.13418534 4278190335
6.7413998 13.182989 0.13427819 4278190335
6.8124862 13.122739 0.13413891 4278190335
6.8793578 13.055037 0.13394658 4278190335
6.9418831 12.979954 0.13370119 4278190335
7.0027924 12.902839 0.13344254 4278190335
7.0765243 12.849993 0.13336958 4278190335
7.1474328 12.792362 0.13326347 4278190335
7.1966972 12.696939 0.13287216 4278190335
7.2968988 12.691553 0.13317062 4278190335
6.6201935 13.308302 -0.00010094616 4278190335
6.6877489 13.239761 -2.5198942e-05 4278190335
6.7583637 13.178012 3.1000603e-05 4278190335
6.8270874 13.113234 9.4530529e-05 4278190335
6.8835893 13.026008 0.00021914691 4278190335
6.9388061 12.937701 0.00034620674 4278190335
7.0118442 12.883464 0.00037797171 4278190335
7.0859289 12.831444 0.00040240629 4278190335
7.1557288 12.772021 0.00044638856 4278190335
7.2127128 12.690492 0.00055145728 4278190335
7.3169174 12.691911 0.00042195397 4278190335
6.6614542 13.263278 -0.12426255 4278190335
6.7309012 13.198993 -0.12398121 4278190335
6.7993507 13.133468 -0.12368905 4278190335
6.874227 13.080878 -0.12355919 4278190335
6.9331861 12.998749 -0.12307226 4278190335
6.992825 12.919027 -0.12261778 4278190335
7.064743 12.86273 -0.12245547 4278190335
7.1415873 12.815645 -0.12241219 4278190335
7.207787 12.749822 -0.12214167 4278190335
7.2749405 12.686271 -0.12190361 4278190335
7.3998981 12.722648 -0.12292077 4278190335
6.656065 13.231136 -0.26081884 4278190335
6.7275743 13.171349 -0.26039737 4278190335
6.7986012 13.111182 -0.25997591 4278190335
6.8714714 13.055064 -0.25965479 4278190335
6.9391985 12.989727 -0.25913298 4278190335
7.0016179 12.915262 -0.25841045 4278190335
7.0571218 12.829133 -0.25742704 4278190335
7.1342449 12.78297 -0.25736681 4278190335
7.2076201 12.730255 -0.25716612 4278190335
7.2865915 12.687524 -0.25720626 4278190335
6.6662021 13.229903 -0.40303451 4278190335
6.7281322 13.151377 -0.4017885 4278190335
6.8017902 13.09654 -0.40134352 4278190335
6.8750286 13.041296 -0.40089852 4278190335
6.9407721 12.972426 -0.40000853 4278190335
7.0059299 12.903242 -0.39911854 4278190335
7.0690532 12.83112 -0.39813957 4278190335
7.1359453 12.766564 -0.39742759 4278190335
7.2082286 12.712105 -0.39707157 4278190335
7.2940669 12.681499 -0.39754623 4278190335
6.6032209 13.274187 -0.53794289 4278190335
6.6795893 13.22361 -0.53751677 4278190335
6.7542176 13.169929 -0.53697449 4278190335
6.8159781 13.091899 -0.53538626 4278190335
6.8854408 13.029511 -0.53449535 4278190335
6.9463654 12.951795 -0.53294587 4278190335
7.008985 12.878211 -0.5315901 4278190335
7.0743451 12.810471 -0.53050548 4278190335
7.1381617 12.74067 -0.52934337 4278190335
7.2102771 12.686207 -0.52887851 4278190335
7.3059511 12.672891 -0.53027302 4278190335
6.6505342 13.235765 -0.65903449 4278190335
6.7275367 13.1867 -0.65861207 4278190335
6.8009725 13.13098 -0.65786117 4278190335
6.8604994 13.049215 -0.6557492 4278190335
6.9376178 13.001586 -0.65546763 4278190335
6.9934835 12.914852 -0.65312099 4278190335
7.0586472 12.84631 -0.65175998 4278190335
7.126152 12.782689 -0.65068054 4278190335
7.1956005 12.723072 -0.64983577 4278190335
7.262598 12.659618 -0.64880323 4278190335
7.4235244 12.758143 -0.65659398 4278190335
6.853972 13.016296 -0.79310602 4278190335
6.9379444 12.981921 -0.79361314 4278190335
7.0003343 12.907511 -0.79158473 4278190335
7.0649614 12.838073 -0.7898944 4278190335
7.283658 12.677287 -0.78803504 4278190335
-0.40627706 0.67695773 0.22873987 4294902015
-0.40558189 0.68528026 0.23042858 4294902015
-0.40992227 0.66443217 0.19667009 4294902015
-0.43839231 0.66406095 0.14110848 4294902015
-0.42965245 0.70597565 0.1452406 4294902015
-0.42735624 0.7119956 0.14577378 4294902015
-0.44221488 0.6976558 0.11548998 4294902015
-0.43466693 0.704723 0.1156848 4294902015
-0.43292531 0.71162546 0.11617185 4294902015
-0.42619064 0.72030866 0.11656149 4294902015
-0.42327011 0.72548753 0.11685371 4294902015
-0.41881064 0.72807103 0.11685371 4294902015
-0.41581085 0.73322278 0.11714594 4294902015
-0.40678179 0.73827022 0.11714594 4294902015
-0.462313 0.71017981 0.087190427 4294902015
-0.45956743 0.71552098 0.087374091 4294902015
-0.44474506 0.72131169 0.087190427 4294902015
-0.44134977 0.72573155 0.08731287 4294902015
-0.43139273 0.72937578 0.087190427 4294902015
-0.42690924 0.73200899 0.087190427 4294902015
-0.42191127 0.73374993 0.087129205 4294902015
-0.41141197 0.7362597 0.086945534 4294902015
-0.40640423 0.73789638 0.086884312 4294902015
-0.4004378 0.73774594 0.086700641 4294902015
-0.50315136 0.66118127 0.078611776 4294902015
-0.48501757 0.67090273 0.078455813 4294902015
-0.48192647 0.68415022 0.078923702 4294902015
-0.47771952 0.68709439 0.078923702 4294902015
-0.47429419 0.70034516 0.079391584 4294902015
-0.46665695 0.69826156 0.079079665 4294902015
-0.45805308 0.70393556 0.079079665 4294902015
-0.45372519 0.70673287 0.079079665 4294902015
-0.44342998 0.70970732 0.078923702 4294902015
-0.44168815 0.71666473 0.079183638 4294902015
-0.43468738 0.71509546 0.078923702 4294902015
-0.42587933 0.7203759 0.078923702 4294902015
-0.41205481 0.72722423 0.078871712 4294902015
-0.40069008 0.72785258 0.078611776 4294902015
-0.52674872 0.6417284 0.071027532 4294902015
-0.52468777 0.64727741 0.071155779 4294902015
-0.51268464 0.65682554 0.071155779 4294902015
-0.49288541 0.67304921 0.071198523 4294902015
-0.49284175 0.68172985 0.071497761 4294902015
-0.49270999 0.69043517 0.071796991 4294902015
-0.48846427 0.69344538 0.071796991 4294902015
-0.48104787 0.70103532 0.071882486 4294902015
-0.47129917 0.70522404 0.071796991 4294902015
-0.44468284 0.71172184 0.071412265 4294902015
-0.52421188 0.66342998 0.063994862 4294902015
-0.50103444 0.6586374 0.06339179 4294902015
-0.47079 0.70475417 0.064061873 4294902015
-0.45288768 0.70572531 0.063760333 4294902015
-0.4711771 0.68663502 0.056858744 4294902015
-0.4493351 0.70942038 0.057035878 4294902015
-0.44269708 0.71828294 0.057137094 4294902015
-0.43620086 0.71757096 0.057035878 4294902015
-0.43230462 0.72109079 0.05706118 4294902015
-0.42634305 0.72114974 0.056985267 4294902015
-0.4203971 0.72116274 0.056909353 4294902015
-0.5474906 0.65917742 0.049686495 4294902015
-0.5478763 0.66793436 0.049798891 4294902015
-0.54565644 0.67361367 0.049847059 4294902015
-0.52928853 0.67006177 0.049638327 4294902015
-0.50657177 0.66616404 0.049365368 4294902015
-0.50127351 0.66766101 0.049333256 4294902015
-0.49121052 0.66269362 0.049172692 4294902015
-0.47521755 0.68401718 0.049301144 4294902015
-0.47214302 0.68856907 0.049333256 4294902015
-0.4656665 0.68814152 0.049269032 4294902015
-0.45133927 0.70356929 0.049349312 4294902015
-0.44808376 0.70801485 0.049381427 4294902015
-0.441082 0.70651108 0.049301144 4294902015
-0.4377878 0.71090662 0.049333256 4294902015
-0.41129076 0.7161991 0.049188748 4294902015
-0.56274599 0.66870278 0.041871715 4294902015
-0.55415988 0.66675836 0.041825291 4294902015
-0.53991926 0.67450303 0.041805394 4294902015
-0.50636655 0.67395443 0.041666117 4294902015
-0.49211872 0.68072903 0.04164622 4294902015
-0.46932459 0.69301981 0.041626327 4294902015
-0.46395278 0.69422328 0.041613061 4294902015
-0.45703396 0.70237947 0.041632958 4294902015
-0.45055586 0.70180386 0.04160643 4294902015
-0.44190973 0.70728004 0.04160643 4294902015
-0.4375616 0.70997822 0.04160643 4294902015
-0.43267789 0.71179503 0.041599795 4294902015
-0.56534207 0.65603358 0.034102585 4294902015
-0.56713259 0.66634947 0.034080595 4294902015
-0.56496143 0.67211515 0.034073263 4294902015
-0.56210274 0.67710906 0.03406838 4294902015
-0.55160493 0.67280596 0.034092814 4294902015
-0.5443238 0.67228884 0.034105029 4294902015
-0.51060295 0.66324073 0.034173448 4294902015
-0.50773245 0.66795474 0.03416856 4294902015
-0.44772485 0.69766808 0.027380565 4294902015
-0.44289985 0.69955784 0.027391387 4294902015
-0.43859911 0.70226228 0.027391387 4294902015
-0.53463072 0.65156108 0.019578267 4294902015
-0.47776383 0.65265477 0.020260645 4294902015
-0.46163833 0.65561736 0.020401135 4294902015
-0.4593195 0.66089994 0.020340925 4294902015
-0.45397845 0.67062539 0.020240575 4294902015
-0.44626522 0.6769805 0.020220505 4294902015
-0.44101208 0.67803013 0.020260645 4294902015
-0.55092943 0.64678711 0.011432597 4294902015
-0.5469504 0.65015537 0.011432597 4294902015
-0.52458763 0.65557575 0.01172926 4294902015
-0.4876053 0.65757477 0.012352251 4294902015
-0.47657317 0.65945721 0.012500582 4294902015
-0.46093294 0.66319168 0.012678579 4294902015
-0.42294675 0.66801161 0.013182906 4294902015
-0.55682528 0.66241682 0.0032463621 4294902015
-0.55593783 0.66966826 0.0030526791 4294902015
-0.52511179 0.66505784 0.0039436212 4294902015
-0.55719906 0.6708135 -0.0040499237 4294902015
-0.54926682 0.66958976 -0.0037683311 4294902015
-0.49079582 0.67069328 -0.0021257072 4294902015
-0.46489981 0.67802352 -0.0017033182 4294902015
-0.43106771 0.68117958 -0.00095240452 4294902015
-0.40016317 0.6870954 -0.00043615128 4294902015
-0.54813313 0.6517753 -0.010991093 4294902015
-0.54412359 0.65512627 -0.010991093 4294902015
-0.53692633 0.654594 -0.010709371 4294902015
-0.50841367 0.65183276 -0.009582486 4294902015
-0.50318557 0.65335846 -0.0094697969 4294902015
-0.4898845 0.66090602 -0.0093571087 4294902015
-0.48232222 0.66767704 -0.0094134528 4294902015
-0.46240193 0.67437333 -0.0090753874 4294902015
-0.53731167 0.64717543 -0.01806514 4294902015
-0.52094793 0.65149915 -0.017606098 4294902015
-0.51570439 0.65311664 -0.017474944 4294902015
-0.51107395 0.65548158 -0.017409366 4294902015
-0.48601577 0.66440564 -0.016884748 4294902015
-0.47026029 0.6683414 -0.016491285 4294902015
-0.53812051 0.6483981 -0.025847595 4294902015
-0.52761674 0.65184993 -0.025548376 4294902015
-0.49489969 0.65965241 -0.024501111 4294902015
-0.41305813 0.68067676 -0.028947335 4294902015
-0.50250083 0.64473009 -0.038196243 4294902015
-0.48576561 0.64750004 -0.03745728 4294902015
-0.48296934 0.65206832 -0.037642021 4294902015
-0.46166319 0.65639639 -0.036810685 4294902015
-0.51895452 0.6331448 -0.045952659 4294902015
-0.5156855 0.63709056 -0.046054412 4294902015
-0.51152515 0.64805728 -0.046664916 4294902015
-0.50937301 0.65353829 -0.046970166 4294902015
-0.50071311 0.65894759 -0.046868417 4294902015
-0.48903802 0.66024488 -0.046257913 4294902015
-0.48086914 0.65761054 -0.045545656 4294902015
-0.47275114 0.65490109 -0.044833399 4294902015
-0.4675698 0.65616882 -0.044629898 4294902015
-0.52591687 0.64950895 -0.055374105 4294902015
-0.52221239 0.66137815 -0.056150742 4294902015
-0.50634646 0.6661275 -0.055485051 4294902015
-0.49104372 0.66270161 -0.05415367 4294902015
-0.52538753 0.63349986 -0.068261825 4294902015
-0.53067714 0.6560874 -0.070955634 4294902015
-0.52664149 0.6593312 -0.070955634 4294902015
-0.52688718 0.66799939 -0.071853563 4294902015
-0.51320642 0.66734141 -0.070699081 4294902015
-0.50081229 0.66803586 -0.069801144 4294902015
-0.5313766 0.63208193 -0.084338933 4294902015
-0.53234911 0.64927238 -0.086398594 4294902015
-0.53236151 0.66580719 -0.088311143 4294902015
-0.52122116 0.67706215 -0.088605382 4294902015
-0.50749272 0.66763866 -0.086251475 4294902015
-0.50397956 0.67153174 -0.086398594 4294902015
-0.53947395 0.641734 -0.11696114 4294902015
-0.53740788 0.64730322 -0.1175099 4294902015
-0.53155828 0.64830583 -0.11696114 4294902015
-0.52448088 0.64773178 -0.11604653 4294902015
-0.52172297 0.65247464 -0.11641237 4294902015
-0.51588428 0.65334696 -0.11586361 4294902015
-0.51186568 0.6565001 -0.11586361 4294902015
-0.48800185 0.65858752 -0.11348562 4294902015
-6.532023 7.3692369 0.63923591 4278255615
-6.6638651 7.5301576 0.55881906 4278255615
-6.505147 7.4423323 0.54992926 4278255615
-6.7061687 7.4944153 0.46580103 4278255615
-6.4946532 7.3482671 0.45511416 4278255615
-6.4455009 7.3834634 0.45485768 4278255615
-7.4527116 7.908143 0.31084076 4278255615
-7.5559454 8.0335073 0.21302764 4278255615
-6.9279919 7.6430354 0.20157947 4278255615
-7.7437878 7.8430185 0.10917531 4278255615
-7.6178203 7.9072094 0.10889675 4278255615
-7.2695465 7.7334199 0.10646937 4278255615
-7.337626 7.9024577 0.10759684 4278255615
-7.4938312 7.2429557 0.010752897 4278255615
-7.1528687 7.4417734 0.010997242 4278255615
-7.113677 7.5851583 0.010809097 4278255615
-7.266994 8.1401672 0.0095556015 4278255615
-7.2195554 8.187604 0.0095458282 4278255615
-7.395812 7.1161637 -0.074713968 4278255615
-7.3050804 7.2035775 -0.074670687 4278255615
-7.1220856 7.4676828 -0.075319931 4278255615
-7.0528159 7.4864984 -0.074952029 4278255615
-7.589736 8.1664314 -0.18730266 4278255615
-7.4184551 8.0810156 -0.18371014 4278255615
-7.7806029 8.3824968 -0.30279225 4278255615
-7.7540154 8.4573412 -0.3038899 4278255615
-7.7207623 8.5255051 -0.30472058 4278255615
-7.4337378 8.3104725 -0.29427806 4278255615
-7.7287173 8.5512428 -0.4100346 4278255615
-7.6553202 8.5392761 -0.50190574 4278255615
-7.4160223 8.3752079 -0.48867089 4278255615
-7.3631783 8.4190502 -0.48857704 4278255615
-7.2728519 8.4194746 -0.48580804 4278255615
-7.36801 8.4353981 -0.59499955 4278255615
-10.28674 5.1622081 0.74117178 4294967295
-10.519238 4.9699979 0.64101112 4294967295
-9.8899021 4.8973422 0.60987067 4294967295
-9.9882689 5.0996189 0.61917639 4294967295
-10.052547 5.2104397 0.62479103 4294967295
-10.153562 4.9585552 0.51897895 4294967295
-10.327909 5.1224265 0.52876818 4294967295
-10.241854 5.1582856 0.52616054 4294967295
-9.9827061 5.1823044 0.51675612 4294967295
-10.304849 5.0428123 0.42024344 4294967295
-10.504267 5.4639349 0.43257293 4294967295
-10.279193 5.003695 0.32516313 4294967295
-10.157784 5.0219321 0.32260737 4294967295
-10.416253 5.2294683 0.33080605 4294967295
-10.457895 5.3309603 0.33290634 4294967295
-10.27343 4.9356208 0.21895242 4294967295
-10.332811 5.0424132 0.22055806 4294967295
-10.515771 5.2924399 0.22497354 4294967295
-10.48761 4.963243 0.11302862 4294967295
-10.059522 4.8364081 0.11010382 4294967295
-10.282146 5.0213542 0.11196747 4294967295
-10.422247 5.169219 0.11323421 4294967295
-10.357053 4.887516 -0.087579936 4294967295
-10.384578 4.9786358 -0.088272467 4294967295
-10.131225 5.0886135 -0.08633554 4294967295
-10.377746 4.9053702 -0.19392574 4294967295
-10.352859 4.9715514 -0.19404615 4294967295
-10.398557 5.0016575 -0.30581823 4294967295
-10.390757 5.1686578 -0.41309479 4294967295
-10.386368 4.9817266 -0.50429928 4294967295
-10.372667 5.0536737 -0.50519103 4294967295
-10.362056 5.1274118 -0.50627047 4294967295
-0.80911607 -7.387259 0.76199484 4278190080
-0.82642102 -7.1399345 0.73812956 4278190080
-0.87604517 -6.8331013 0.70890683 4278190080
-0.91742581 -6.8236518 0.70851719 4278190080
-0.81895334 -7.4650922 0.49585226 4278190080
-0.86336505 -7.4480286 0.49511757 4278190080
-0.82207316 -7.4395642 0.42500359 4278190080
-0.86701161 -7.4284286 0.42469168 4278190080
-0.8252157 -7.4264441 0.35521317 4278190080
-0.868788 -7.4043722 0.35448647 4278190080
-0.82945573 -7.4115558 0.28565764 4278190080
-0.82066619 -7.4686589 0.22596921 4278190080
-0.86486518 -7.4495802 0.22561494 4278190080
-0.82546729 -7.4464211 0.15623637 4278190080
-0.87288547 -7.4561124 0.15647721 4278190080
-0.77918208 -7.4270773 0.085604459 4278190080
-0.82639623 -7.4370646 0.085703947 4278190080
-0.8725965 -7.4368196 0.085737102 4278190080
-0.78520393 -7.4034781 0.018027073 4278190080
-0.83530664 -7.440258 0.017924447 4278190080
-0.76838976 -7.3987942 -0.044145122 4278190080
-0.81672394 -7.4207768 -0.044437286 4278190080
-0.85128099 -7.3212657 -0.043409307 4278190080
-0.77165157 -7.3863053 -0.11258228 4278190080
-0.81772816 -7.3883877 -0.11272277 4278190080
-0.82463658 -7.3453145 -0.24974248 4278190080
9.1932573 -7.066309 0.74643695 4294901760
9.1481504 -7.1213584 0.74631453 4294901760
9.108202 -7.1804457 0.7466206 4294901760
9.0803537 -7.2492738 0.74790633 4294901760
9.1891556 -7.0750451 0.63908756 4294901760
9.1376953 -7.125155 0.63856769 4294901760
9.087534 -7.1761374 0.63815176 4294901760
9.0558109 -7.2417412 0.63898361 4294901760
9.2367392 -7.0311341 0.53218794 4294901760
9.1934223 -7.0876775 0.53218794 4294901760
9.1403103 -7.1365752 0.53167498 4294901760
9.1026192 -7.1974826 0.53201699 4294901760
9.0894794 -7.2781792 0.53372687 4294901760
9.1537466 -7.0689554 0.4233593 4294901760
9.1023273 -7.1188307 0.42302427 4294901760
9.0702267 -7.1838565 0.42352682 4294901760
9.0509243 -7.259387 0.42459896 4294901760
9.1897259 -7.0661502 0.32921186 4294901760
9.1414633 -7.1187191 0.32906005 4294901760
9.088191 -7.1672482 0.32875639 4294901760
9.0612288 -7.2366009 0.32931307 4294901760
9.1963673 -7.0857186 0.22235636 4294901760
9.140893 -7.1327868 0.22211552 4294901760
9.0898943 -7.1831608 0.22197102 4294901760
9.0573578 -7.2481709 0.22221187 4294901760
9.1604624 -7.0622654 0.11278986 4294901760
9.1067104 -7.1103392 0.11270364 4294901760
9.0840883 -7.1828299 0.11288271 4294901760
9.0460892 -7.243434 0.11293577 4294901760
9.174592 -7.0901771 0.0078867199 4294901760
9.1191034 -7.1370921 0.0079233721 4294901760
9.0673027 -7.1866994 0.0079478063 4294901760
9.0300541 -7.2478342 0.0079258149 4294901760
9.1893139 -7.0683894 -0.089105673 4294901760
9.1363039 -7.1172671 -0.088975824 4294901760
9.0908909 -7.1719542 -0.08895418 4294901760
9.0521822 -7.2319684 -0.089029923 4294901760
9.1573324 -7.0530939 -0.19553134 4294901760
9.1146717 -7.1097646 -0.19555141 4294901760
9.0732288 -7.1674166 -0.19561161 4294901760
9.0478172 -7.2379427 -0.19609329 4294901760
9.1743879 -7.0755591 -0.30721253 4294901760
9.0961409 -7.1046457 -0.30590722 4294901760
9.0680552 -7.1727271 -0.30650055 4294901760
9.0394754 -7.2407312 -0.30709386 4294901760
9.1661434 -7.0836468 -0.4122813 4294901760
9.0918188 -7.1157346 -0.4107706 4294901760
9.0370235 -7.1626968 -0.41022828 4294901760
9.0045929 -7.2273951 -0.41080931 4294901760
9.0250731 -7.2128983 -0.50589496 4294901760
9.0378809 -7.232585 -0.61618501 4294901760
9.0229988 -7.2327118 -0.72275865 4294901760
15.179102 -8.5739346 1.1045288 4278255360
15.121011 -8.6639338 1.1041615 4278255360
15.073606 -8.7600613 1.1045901 4278255360
15.172983 -8.5870819 0.94295371 4278255360
15.119142 -8.6795225 0.94290173 4278255360
15.0656 -8.7721281 0.94290173 4278255360
15.112296 -8.5823603 0.61825234 4278255360
15.061929 -8.7999401 0.62043011 4278255360
15.116331 -8.7884207 0.47838232 4278255360
15.083491 -8.6660652 0.31527439 4278255360
15.034353 -8.7609692 0.31535468 4278255360
15.078994 -8.6695995 0.1514357 4278255360
15.093404 -8.5786057 -0.0062022619 4278255360
15.048279 -8.6755514 -0.0062242532 4278255360
15.166331 -8.5737133 -0.15218028 4278255360
15.124716 -8.6730766 -0.15232097 4278255360
15.110112 -8.7883377 -0.15280789 4278255360
15.15505 -8.5804291 -0.31310102 4278255360
15.084777 -8.6632986 -0.31269965 4278255360
15.103207 -8.5641327 -0.47865376 4278255360
15.116118 -8.4692259 -0.63490063 4278255360
15.068211 -8.5642862 -0.63509434 4278255360
15.043944 -8.6730528 -0.63637263 4278255360
15.095086 -8.5369215 -0.77786654 4278255360
15.066682 -8.6432991 -0.77918065 4278255360
10.256308 -5.3054776 0.74349827 4294967040
10.188211 -5.349751 0.74104935 4294967040
10.230949 -5.4525299 0.74631453 4294967040
10.151646 -5.4905152 0.74313092 4294967040
10.120391 -5.554142 0.74331456 4294967040
10.088737 -5.6175914 0.74349827 4294967040
10.271644 -5.0081201 0.63024974 4294967040
10.229981 -5.0657339 0.62962586 4294967040
10.326292 -5.1925611 0.63706005 4294967040
10.46306 -5.4232039 0.64886117 4294967040
10.44196 -5.4938111 0.649589 4294967040
10.241558 -5.4688768 0.63976341 4294967040
10.149859 -5.5002136 0.63633221 4294967040
10.116795 -5.5628695 0.63638425 4294967040
10.122589 -5.6472201 0.63877565 4294967040
10.32144 -5.0405445 0.52697277 4294967040
10.171277 -5.0447359 0.52128732 4294967040
10.03038 -5.0517707 0.51602942 4294967040
10.053454 -5.1409698 0.518637 4294967040
10.026155 -5.2048616 0.51885074 4294967040
10.418286 -5.4898558 0.53936952 4294967040
10.133322 -5.4193883 0.52718651 4294967040
10.127099 -5.4962373 0.5285117 4294967040
10.101935 -5.5630922 0.52893913 4294967040
9.7667112 -5.4568439 0.51419127 4294967040
9.7582512 -5.5309558 0.51543093 4294967040
9.9016857 -5.6928163 0.52419418 4294967040
10.448141 -5.03372 0.42443144 4294967040
10.457454 -5.117506 0.42593911 4294967040
10.053551 -4.9965076 0.41200143 4294967040
10.048577 -5.0711613 0.41297305 4294967040
10.600745 -5.4317427 0.43495169 4294967040
10.626621 -5.5275908 0.43719646 4294967040
10.332673 -5.4554796 0.42734629 4294967040
10.239985 -5.4871449 0.42510152 4294967040
10.174516 -5.5326824 0.42389536 4294967040
10.11325 -5.5800385 0.42285675 4294967040
9.8442373 -5.5106473 0.41384417 4294967040
10.088498 -5.8111453 0.42593911 4294967040
10.186858 -5.4313221 0.32799724 4294967040
10.202579 -5.5203624 0.32941431 4294967040
10.14573 -5.570353 0.32875639 4294967040
10.123587 -5.6393113 0.32911065 4294967040
10.077479 -5.6949291 0.32878169 4294967040
10.370195 -5.9445596 0.33834681 4294967040
10.325446 -5.4371223 0.22331975 4294967040
10.300709 -5.5050883 0.22348031 4294967040
10.242126 -5.554842 0.22303073 4294967040
10.171058 -5.5973358 0.22235636 4294967040
9.995965 -5.5811653 0.2197713 4294967040
10.456288 -5.1861043 0.11348624 4294967040
10.433201 -5.2546635 0.11355256 4294967040
10.577044 -5.4087315 0.11486574 4294967040
10.509046 -5.4555593 0.11460708 4294967040
10.539953 -5.5539713 0.11509123 4294967040
10.31433 -5.5161986 0.11365204 4294967040
10.198554 -5.5350199 0.11303525 4294967040
10.161772 -5.596046 0.11301535 4294967040
10.190096 -5.6934109 0.11349287 4294967040
10.554274 -5.9821668 0.11653705 4294967040
10.071479 -5.8729601 0.11340002 4294967040
10.428194 -5.2673507 0.0076716952 4294967040
10.620344 -5.6121402 0.0068677976 4294967040
10.249081 -5.4966326 0.0078011989 4294967040
10.191446 -5.5465078 0.0078671724 4294967040
10.154596 -5.6074867 0.0078745028 4294967040
10.325879 -5.7850523 0.007297846 4294967040
10.13373 -5.246572 -0.087136284 4294967040
10.177473 -5.3486524 -0.088066868 4294967040
10.236223 -5.4599352 -0.089192241 4294967040
10.213082 -5.5283523 -0.08932209 4294967040
10.18598 -5.5947652 -0.089408651 4294967040
10.156701 -5.66008 -0.089473583 4294967040
10.251538 -5.4765081 -0.19681582 4294967040
10.205437 -5.5326366 -0.19653483 4294967040
10.16166 -5.5898514 -0.19631407 4294967040
10.172569 -5.677433 -0.1973577 4294967040
10.006731 -5.8289928 -0.19597287 4294967040
10.22444 -5.4704199 -0.30750918 4294967040
10.194195 -5.5349607 -0.30762786 4294967040
10.164418 -5.5998187 -0.30777618 4294967040
10.139464 -5.6674457 -0.30810252 4294967040
10.128072 -5.825336 -0.31011981 4294967040
10.097318 -5.8903933 -0.31029782 4294967040
10.205305 -5.4731517 -0.41212636 4294967040
10.175919 -5.5380559 -0.41232005 4294967040
11.486529 -4.7414122 0.79743552 4278190335
11.467343 -4.8160534 0.79810894 4278190335
11.443085 -4.8886776 0.79847628 4278190335
11.515768 -4.6819367 0.68249702 4278190335
11.47575 -4.7479267 0.68187314 4278190335
11.44364 -4.8170891 0.68171722 4278190335
11.441409 -4.8990073 0.68327683 4278190335
11.502091 -4.6849737 0.56689894 4278190335
11.471283 -4.7546959 0.56681347 4278190335
11.443733 -4.8257694 0.56689894 4278190335
11.475514 -4.6850681 0.45116767 4278190335
11.454858 -4.7588439 0.45146921 4278190335
11.448457 -4.838769 0.45230681 4278190335
11.507321 -4.7523465 0.35092318 4278190335
11.461355 -4.8158951 0.35046771 4278190335
11.430671 -4.8857374 0.35044241 4278190335
11.508805 -4.683794 0.23545834 4278190335
11.473383 -4.7516446 0.23534594 4278190335
11.454147 -4.8262248 0.23552257 4278190335
11.425238 -4.8968096 0.23553862 4278190335
11.479961 -4.6759591 0.11828795 4278190335
11.467682 -4.7532034 0.11840733 4278190335
11.452122 -4.8293066 0.11850682 4278190335
11.430545 -4.9030328 0.11856651 4278190335
11.467336 -4.6864052 0.0059490572 4278190335
11.445751 -4.7597518 0.0059295096 4278190335
11.435671 -4.8380756 0.005878197 4278190335
11.479933 -4.7433863 -0.098065317 4278190335
11.448769 -4.8129616 -0.09804368 4278190335
11.41994 -4.8835125 -0.098054498 4278190335
11.454905 -4.7416472 -0.21237001 4278190335
11.431123 -4.8141723 -0.21249044 4278190335
11.429858 -4.8964257 -0.21311261 4278190335
11.494702 -4.6843057 -0.33174652 4278190335
11.474053 -4.758194 -0.33201352 4278190335
11.447404 -4.8296738 -0.33210251 4278190335
11.416636 -4.8994284 -0.33207285 4278190335
11.501301 -4.7002888 -0.44485879 4278190335
11.446411 -4.760026 -0.44377416 4278190335
11.401344 -4.8235502 -0.44311565 4278190335
17.163404 1.7119956 1.0932026 4294902015
17.171598 1.6064647 1.0930802 4294902015
17.186104 1.5015061 1.0933863 4294902015
17.174805 1.6987574 0.93380392 4294902015
17.177944 1.5926973 0.93344003 4294902015
17.190378 1.4875238 0.93359601 4294902015
17.176495 1.6875796 0.77396804 4294902015
17.145737 1.5784005 0.77221537 4294902015
17.131256 1.6688021 0.61265719 4294902015
17.136196 1.5632015 0.61248964 4294902015
17.159849 1.6023409 0.47203088 4294902015
17.180313 1.4979757 0.47230923 4294902015
17.160732 1.5850542 0.31267327 4294902015
17.1791 1.4805008 0.31281778 4294902015
17.175997 1.5811857 0.15047403 4294902015
17.176409 1.4749961 0.15041435 4294902015
17.177198 1.5608885 -0.0059261513 4294902015
17.136263 1.4911164 -0.14978889 4294902015
17.155228 1.5875682 -0.30934796 4294902015
17.182575 1.4838244 -0.30970922 4294902015
17.186005 1.5790792 -0.47556847 4294902015
17.16534 1.5598117 -0.63137561 4294902015
17.119385 1.2384022 -0.62858659 4294902015
17.158913 1.5962063 -0.77275097 4294902015
17.157436 1.48994 -0.77223474 4294902015
11.228375 1.9623976 0.73437607 4278255615
11.225441 1.8909764 0.73345774 4278255615
11.244715 1.8233415 0.73394752 4278255615
11.213215 1.9503664 0.62785828 4278255615
11.233835 1.8830127 0.62832618 4278255615
11.234333 1.8122979 0.62775433 4278255615
11.205601 1.9416885 0.52209955 4278255615
11.218289 1.8730602 0.52214229 4278255615
11.244368 1.8065677 0.52278352 4278255615
11.196382 1.9307308 0.41652447 4278255615
11.212947 1.8628134 0.41669199 4278255615
11.222193 1.7936616 0.41662499 4278255615
11.172385 1.9505955 0.32286042 4278255615
11.196959 1.8841639 0.32318938 4278255615
11.218178 1.8170242 0.32344243 4278255615
11.217801 1.9471246 0.21875975 4278255615
11.222634 1.877102 0.21864735 4278255615
11.250722 1.8109075 0.21892031 4278255615
11.22843 1.9456435 0.11165575 4278255615
11.214512 1.8724295 0.11148331 4278255615
11.25146 1.807707 0.11165575 4278255615
11.208248 1.9287422 0.0084291678 4278255615
11.210993 1.8584621 0.0084511591 4278255615
11.21231 1.7880636 0.0084755933 4278255615
11.173685 1.9488101 -0.086389646 4278255615
11.209099 1.8841929 -0.086649343 4278255615
11.2471 1.8196938 -0.086941503 4278255615
11.205811 1.9470606 -0.1918184 4278255615
11.214588 1.8777709 -0.19175819 4278255615
11.227873 1.8092424 -0.19179833 4278255615
11.18861 1.9367307 -0.30035964 4278255615
11.203241 1.8685355 -0.30044863 4278255615
11.225351 1.8015004 -0.30077496 4278255615
11.202812 1.9278071 -0.40387547 4278255615
11.210486 1.8583782 -0.40372053 4278255615
11.211553 1.9533986 -0.49777573 4278255615
11.218402 1.8837416 -0.49754107 4278255615
11.22975 1.8148713 -0.49754107 4278255615
12.192007 4.37925 0.82982236 4294967295
12.213941 4.3027005 0.82951623 4294967295
12.225018 4.2224612 0.82853663 4294967295
12.180348 4.3638177 0.70890659 4294967295
12.210664 4.2903223 0.70911455 4294967295
12.246201 4.2185712 0.70963442 4294967295
12.149932 4.3441072 0.58758879 4294967295
12.182015 4.2714581 0.58784527 4294967295
12.225002 4.202476 0.5886147 4294967295
12.155912 4.3350372 0.46828824 4294967295
12.201152 4.2669654 0.46895832 4294967295
12.218595 4.1891036 0.46865678 4294967295
12.149701 4.3616543 0.36253798 4294967295
12.18755 4.2910075 0.36284164 4294967295
12.216485 4.2171245 0.36291754 4294967295
12.171396 4.3558106 0.24351862 4294967295
12.180911 4.2750859 0.24322961 4294967295
12.224877 4.2064462 0.24353468 4294967295
12.148554 4.3436141 0.12164385 4294967295
12.158935 4.2633657 0.1215311 4294967295
12.201887 4.1945305 0.12165048 4294967295
12.14633 4.3268361 0.0047126673 4294967295
12.179258 4.2545342 0.0046955631 4294967295
12.212703 4.1823149 0.0046760151 4294967295
12.184892 4.2876782 -0.10343245 4294967295
12.199628 4.2089181 -0.1033026 4294967295
12.170692 4.3579583 -0.22300708 4294967295
12.194373 4.2822042 -0.22294687 4294967295
12.19773 4.1994886 -0.22246519 4294967295
12.136696 4.3369827 -0.34586763 4294967295
12.166852 4.2637539 -0.34598631 4294967295
12.182386 4.1854472 -0.34565997 4294967295
12.144769 4.3262801 -0.46298754 4294967295
12.167313 4.2503619 -0.4628326 4294967295
12.168583 4.1672091 -0.46182543 4294967295
6.9507532 3.0923371 0.77923626 4278190080
6.9623027 3.0464373 0.77845699 4278190080
6.9836068 3.0048404 0.77874923 4278190080
6.9477367 3.0895391 0.50160718 4278190080
6.9629054 3.0452502 0.50136232 4278190080
6.9823766 3.0028636 0.50142354 4278190080
6.9574523 3.0873032 0.43160599 4278190080
6.9726038 3.0429571 0.43139803 4278190080
6.9966497 3.0024798 0.43170998 4278190080
6.9395642 3.0742829 0.36025736 4278190080
6.9445577 3.0256591 0.35961616 4278190080
6.9942169 2.9963667 0.36106956 4278190080
6.9136372 3.1071422 0.28974515 4278190080
6.9307437 3.0638545 0.28967816 4278190080
6.9539957 3.0232625 0.28984568 4278190080
6.975172 2.981715 0.28994617 4278190080
6.9235034 3.0773094 0.2275634 4278190080
6.9633217 3.0439816 0.22814541 4278190080
6.9855418 3.0027778 0.22824661 4278190080
7.0010724 2.9586911 0.22817071 4278190080
6.9469643 3.0797408 0.15795439 4278190080
6.9602313 3.0346591 0.15785806 4278190080
6.973207 2.9895308 0.15776171 4278190080
6.9558306 3.0814884 0.086532965 4278190080
6.960856 3.0327594 0.086433485 4278190080
6.9830103 2.9915664 0.086460017 4278190080
6.9430141 3.0663748 0.017672772 4278190080
6.9497743 3.018538 0.017704535 4278190080
6.9746027 2.9785867 0.017687432 4278190080
6.9249439 3.0764995 -0.045649216 4278190080
6.9574347 3.039958 -0.04581153 4278190080
6.9732003 2.9960263 -0.045779068 4278190080
6.9932942 2.9539614 -0.045800708 4278190080
6.8627539 3.0438409 -0.11420795 4278190080
6.9527802 3.0328574 -0.1157734 4278190080
6.9675832 2.9885621 -0.11569312 4278190080
6.9068418 3.0583429 -0.18753891 4278190080
6.9309759 3.0183001 -0.1877169 4278190080
6.9466085 2.9745355 -0.1876279 4278190080
6.9323282 3.0616567 -0.25698623 4278190080
6.9509835 3.019063 -0.25698623 4278190080
6.9647827 2.9743941 -0.25679255 4278190080
6.9561834 3.0379622 -0.31971529 4278190080
6.9719396 2.99404 -0.31957451 4278190080
6.9892592 2.9508159 -0.31952757 4278190080
6.8783875 3.049336 -0.38753992 4278190080
6.9308305 3.0218389 -0.38962466 4278190080
6.9602532 2.9839766 -0.39030078 4278190080
6.9775114 2.9408252 -0.39024445 4278190080
6.917953 3.0603688 -0.45992491 4278190080
6.9311109 3.0154753 -0.45953143 4278190080
6.9623275 2.978384 -0.46044952 4278190080
7.0099058 2.9479852 -0.46254799 4278190080
6.9313736 3.0597868 -0.53100365 4278190080
6.9362965 3.0112441 -0.52988154 4278190080
6.9436364 2.9639304 -0.52898389 4278190080
6.609623 2.932219 -0.56588608 4278190080
6.9407644 3.0283358 -0.59440863 4278190080
6.9637942 2.9876561 -0.59482437 4278190080
6.9709773 2.9402223 -0.59382653 4278190080
-17.488556 -7.2390556 0.1616095 4294901760
-17.480486 -7.3373761 -0.010104465 4294901760
-16.878567 -7.3761988 -0.16297948 4294901760
-17.08428 -7.3415914 -0.16487312 4294901760
-17.222956 -7.2763233 -0.16597685 4294901760
-16.838549 -7.5928535 -0.33429489 4294901760
-16.844606 -7.4715538 -0.33341181 4294901760
-16.877306 -7.3624597 -0.33313084 4294901760
-17.493647 -7.1255851 -0.34268412 4294901760
-17.136974 -6.8580041 -0.334034 4294901760
-16.80892 -7.4425287 -0.50894296 4294901760
-16.977091 -7.2691379 -0.5114646 4294901760
-17.149431 -7.2187328 -0.51558822 4294901760
-17.180471 -7.1080203 -0.5151729 4294901760
-17.288578 -7.02882 -0.51724952 4294901760
-17.258049 -6.8933172 -0.51490593 4294901760
7.4627399 -16.029684 0.31986651 4278255360
7.4341779 -15.981091 0.15297437 4278255360
7.5390296 -15.998643 -0.0069963862 4278255360
7.5572472 -16.295898 -0.007673224 4278255360
7.4371905 -16.298292 -0.0075559383 4278255360
7.4761486 -16.023727 -0.15499371 4278255360
7.4886804 -16.31102 -0.15787205 4278255360
7.5828729 -16.02268 -0.31934279 4278255360
7.485261 -16.070719 -0.31938294 4278255360
7.4906569 -16.343565 -0.32440042 4278255360
7.3314614 -16.258886 -0.3215304 4278255360
7.4781551 -16.344564 -0.49680948 4278255360
10.127877 -11.01018 0.95281881 4294967040
10.068184 -11.08098 0.9535535 4294967040
9.994669 -11.136606 0.95306373 4294967040
9.9082708 -11.177557 0.95141071 4294967040
10.13356 -11.034588 0.81527275 4294967040
10.05627 -11.086203 0.81454492 4294967040
9.9807253 -11.139517 0.81397307 4294967040
9.9121866 -11.200548 0.81397307 4294967040
10.033362 -11.075387 0.67492199 4294967040
9.9565554 -11.127063 0.6743663 4294967040
9.8834629 -11.182705 0.67406702 4294967040
10.068639 -10.996356 0.53546387 4294967040
10.020417 -11.079426 0.53643548 4294967040
9.9555759 -11.144428 0.53660297 4294967040
9.9207287 -11.243527 0.53831172 4294967040
10.069856 -11.08671 0.41489315 4294967040
9.969594 -11.112574 0.41367853 4294967040
9.931057 -11.207204 0.41481724 4294967040
10.013014 -11.046274 0.27534229 4294967040
9.955719 -11.119423 0.27559918 4294967040
9.8992271 -11.193783 0.2758882 4294967040
10.013462 -11.053419 0.13499448 4294967040
9.9641218 -11.135519 0.13518018 4294967040
9.9042168 -11.206188 0.13526639 4294967040
10.01142 -11.077255 -0.00026465787 4294967040
9.9519196 -11.148174 -0.00029642283 4294967040
9.8892803 -11.215779 -0.00031841398 4294967040
10.021484 -11.037335 -0.12497672 4294967040
10.018335 -11.170823 -0.12602635 4294967040
9.9237442 -11.202894 -0.12560433 4294967040
9.8640366 -11.27411 -0.12575582 4294967040
9.9702797 -11.131771 -0.26348814 4294967040
9.9150381 -11.207714 -0.26388955 4294967040
9.8579235 -11.281893 -0.26425081 4294967040
9.9673357 -11.143027 -0.40706912 4294967040
9.8862009 -11.189743 -0.40650544 4294967040
9.8232708 -11.256971 -0.40677243 4294967040
9.9524574 -11.148776 -0.54255253 4294967040
9.8904705 -11.217129 -0.5429399 4294967040
9.8352375 -11.29343 -0.54375339 4294967040
9.9193697 -11.201899 -0.66607428 4294967040
9.8399267 -11.250522 -0.66532338 4294967040
15.331768 -4.0206819 1.0074295 4278190335
15.276927 -4.1066489 1.0055317 4278190335
15.266839 -4.2045488 1.0065112 4278190335
15.255162 -4.3022084 1.0074295 4278190335
15.367376 -4.0435872 0.86258125 4278190335
15.302744 -4.1271424 0.86044979 4278190335
15.280982 -4.2220244 0.86065769 4278190335
15.269203 -4.3197851 0.8614375 4278190335
15.385978 -4.0591989 0.71634436 4278190335
15.299057 -4.1368375 0.7136085 4278190335
15.2782 -4.2319665 0.71382225 4278190335
15.265402 -4.3294487 0.71442074 4278190335
15.315614 -4.0541663 0.56675667 4278190335
15.293343 -4.14885 0.56685716 4278190335
15.285894 -4.2476954 0.56749374 4278190335
15.269156 -4.3441434 0.56782877 4278190335
15.320316 -4.1211801 0.43736359 4278190335
15.307269 -4.2185583 0.43769255 4278190335
15.300339 -4.317832 0.43819866 4278190335
15.314272 -4.1359921 0.29066002 4278190335
15.296315 -4.2320137 0.29078847 4278190335
15.281604 -4.3290606 0.29098117 4278190335
15.319489 -4.1423626 0.14132823 4278190335
15.275473 -4.2312112 0.14120221 4278190335
15.319451 -4.344779 0.14168637 4278190335
15.316961 -4.0602508 -0.0025004225 4278190335
15.285005 -4.1523218 -0.0024833183 4278190335
15.277543 -4.2511253 -0.0025297438 4278190335
15.326185 -4.3661609 -0.0027203336 4278190335
15.335196 -4.1280556 -0.13550539 4278190335
15.298011 -4.218883 -0.13537554 4278190335
15.324764 -4.3276138 -0.13597068 4278190335
15.30616 -4.1309328 -0.28175178 4278190335
15.292089 -4.2279687 -0.28199264 4278190335
15.330313 -4.3399649 -0.28333732 4278190335
15.314282 -4.143826 -0.43421373 4278190335
15.285678 -4.2369137 -0.43412471 4278190335
15.284394 -4.3377209 -0.43489605 4278190335
22.032585 1.1100891 1.3883574 4294902015
22.031088 1.0915493 1.1836553 4294902015
22.017529 1.0762814 0.97868598 4294902015
21.999353 1.1922984 0.77421373 4294902015
22.006254 1.0572904 0.77421373 4294902015
21.974291 1.103302 0.59270841 4294902015
22.000553 1.0823321 0.38964736 4294902015
21.9513 1.2081003 0.18188414 4294902015
21.984268 1.074656 0.18205658 4294902015
21.950159 1.1819441 -0.017493485 4294902015
21.915173 1.2313439 -0.20117702 4294902015
21.94828 1.0981519 -0.20145835 4294902015
21.988695 1.220891 -0.40558332 4294902015
21.998768 1.0860959 -0.40564352 4294902015
21.948313 1.2040908 -0.61574149 4294902015
21.959282 1.0695903 -0.6158601 4294902015
14.892987 12.8576 1.0596133 4278255615
14.932204 12.874312 0.87908423 4278255615
14.805696 12.902752 0.69400501 4278255615
14.945946 12.864471 0.69671887 4278255615
15.130447 12.862497 0.7013759 4278255615
14.892076 13.034456 0.53673464 4278255615
14.956649 12.929759 0.5362286 4278255615
15.077516 12.873446 0.53762031 4278255615
15.225764 12.839338 0.53992301 4278255615
14.958496 13.065994 0.35486934 4278255615
15.030815 12.967433 0.35470876 4278255615
15.100205 12.86653 0.35450003 4278255615
15.237775 12.823209 0.35573637 4278255615
15.405368 12.803607 0.3575989 4278255615
15.149279 13.061464 0.16873913 4278255615
15.200967 12.944278 0.16849373 4278255615
15.286228 12.855911 0.16854678 4278255615
15.452518 12.834711 0.16930285 4278255615
15.216575 13.08814 -0.012824034 4278255615
15.252391 12.956977 -0.012682314 4278255615
15.333904 12.865075 -0.012689644 4278255615
15.503419 12.846028 -0.012977973 4278255615
15.620646 12.782323 -0.013100145 4278255615
15.366637 13.115685 -0.18227302 4278255615
15.39025 12.973456 -0.18147227 4278255615
15.468027 12.8775 -0.18145064 4278255615
15.583824 12.812831 -0.18197003 4278255615
15.610108 12.817211 -0.36895567 4278255615
15.645737 12.829213 -0.56385523 4278255615
15.737366 12.743665 -0.56435955 4278255615
7.2169042 16.855093 0.98984635 4294967295
7.4170704 17.032988 1.0024792 4294967295
7.5226564 16.989895 1.0026352 4294967295
7.7073154 16.845448 0.99972391 4294967295
7.9520011 17.102104 1.0171916 4294967295
7.3122716 17.046898 0.82915509 4294967295
7.4255204 17.021856 0.83009553 4294967295
7.5286098 16.973234 0.82996732 4294967295
7.6211143 16.901218 0.8287704 4294967295
7.7275448 16.590876 0.81859648 4294967295
7.9172425 16.729177 0.82740247 4294967295
7.961729 16.559628 0.82167429 4294967295
7.3132424 17.010128 0.6563465 4294967295
7.42068 16.97226 0.65661448 4294967295
7.6691484 16.970081 0.65993142 4294967295
7.7059598 16.776485 0.65453726 4294967295
7.8387704 16.793186 0.65691602 4294967295
7.8761301 16.606613 0.6517899 4294967295
7.9817848 16.309425 0.64435202 4294967295
7.3468695 17.189831 0.50897557 4294967295
7.3932319 17.008736 0.50523049 4294967295
7.6586881 17.327885 0.51532698 4294967295
7.6464648 17.017035 0.50801396 4294967295
7.7415996 16.949791 0.50745726 4294967295
7.7314048 16.656235 0.50059974 4294967295
7.978847 16.651159 0.50315547 4294967295
7.3529582 17.156294 0.33566594 4294967295
7.4145436 17.010944 0.3339158 4294967295
7.4770546 16.870975 0.33226201 4294967295
7.6264319 16.926882 0.33406031 4294967295
7.7247381 16.867949 0.33385158 4294967295
7.6854997 16.513832 0.32842454 4294967295
7.368084 17.177006 0.16003767 4294967295
7.3885732 16.937162 0.15863164 4294967295
7.4919529 16.890594 0.15862501 4294967295
7.6053162 16.866184 0.15878418 4294967295
7.3750672 17.137409 -0.009368984 4294967295
7.4034967 16.916861 -0.0089022834 4294967295
7.5140691 16.886648 -0.0089438222 4294967295
7.6554627 16.924046 -0.0091686212 4294967295
7.4244571 17.072422 -0.16511118 4294967295
7.5242195 17.015572 -0.16498134 4294967295
7.4309993 17.056835 -0.33698428 4294967295
7.4938111 16.916763 -0.33491707 4294967295
7.4614282 17.386225 -0.52487379 4294967295
6.5864515 15.647266 0.9191435 4278190080
6.5918097 15.631416 0.76135749 4278190080
6.6047616 15.625968 0.60434818 4278190080
6.5795479 15.659482 0.46573004 4278190080
6.5844717 15.62729 0.30824172 4278190080
6.6101356 15.674871 0.14890221 4278190080
6.6246371 15.929366 -0.0059359251 4278190080
6.6365204 15.685811 -0.0053983643 4278190080
6.602993 15.707604 -0.14803591 4278190080
6.6599956 16.089565 -0.31306091 4278190080
6.6142464 15.705627 -0.30559489 4278190080
6.6195335 15.962254 -0.47622111 4278190080
6.6167116 15.682813 -0.46853757 4278190080
-13.210046 -4.5454564 0.26026538 4294901760
-12.963046 -4.6348085 0.1273807 4294901760
-13.226212 -4.6375651 0.12903212 4294901760
-13.069067 -4.4926114 0.12773222 4294901760
-13.358728 -4.7586336 0.001567936 4294901760
-12.808013 -4.4741282 0.0030682196 4294901760
-13.067908 -5.9027066 -0.11881967 4294901760
-13.278838 -5.5140309 -0.11924168 4294901760
-13.428104 -5.3837876 -0.12020474 4294901760
-13.538383 -5.0459876 -0.11999914 4294901760
-13.559699 -4.9593873 -0.11989094 4294901760
-13.57858 -4.8720398 -0.11976108 4294901760
-13.542192 -4.7653933 -0.11900362 4294901760
-13.251446 -5.6841421 -0.25295144 4294901760
-13.277782 -5.5992289 -0.25277081 4294901760
-13.231536 -5.4843454 -0.25102472 4294901760
-3.1303508 -8.267046 0.1778803 4278255360
-3.0287254 -9.1611118 0.10006929 4278255360
-3.0353205 -8.9954958 0.099041305 4278255360
-2.8679461 -8.6415176 0.013970931 4278255360
-2.9112887 -8.5953445 0.014044235 4278255360
-2.9580934 -8.5603065 0.014088217 4278255360
-3.0105629 -8.541995 0.014088217 4278255360
-3.1701503 -8.8216734 0.013313641 4278255360
-3.2169948 -8.7823381 0.013364954 4278255360
-3.1502309 -9.0021811 -0.066858046 4278255360
-3.0791836 -9.3279343 -0.16068992 4278255360
-3.1908197 -9.2818813 -0.16052936 4278255360
9.286602 -15.237574 1.1297525 4294967040
9.1733894 -15.261762 1.1274261 4294967040
9.2710257 -15.240465 0.96400857 4294967040
9.1757965 -15.294496 0.96385264 4294967040
9.2443581 -15.219076 0.79739368 4294967040
9.1513157 -15.276369 0.79743642 4294967040
9.2427692 -15.24496 0.63329566 4294967040
9.151618 -15.305675 0.6334632 4294967040
9.2859402 -15.242479 0.48756787 4294967040
9.1973877 -15.307738 0.48782092 4294967040
9.271349 -15.252995 0.32256398 4294967040
9.1816959 -15.316457 0.32269242 4294967040
9.2526197 -15.232677 0.15428092 4294967040
9.1713133 -15.309752 0.15444009 4294967040
9.176013 -15.278211 -0.15650862 4294967040
9.1687927 -15.288876 -0.32136986 4294967040
15.25869 -17.697794 0.19105648 4278190335
15.10054 -17.733223 0.19055243 4278190335
14.984366 -17.817125 0.19047947 4278190335
14.848565 -17.877193 0.19020756 4278190335
14.847038 -18.100176 0.19134167 4278190335
14.738216 -18.194042 0.19136819 4278190335
15.429141 -17.717432 -0.021187993 4278190335
15.136398 -18.041332 -0.021324826 4278190335
14.99479 -18.096907 -0.021207541 4278190335
14.842306 -18.138266 -0.021048715 4278190335
15.516504 -17.954973 -0.22044891 4278190335
14.8122 -18.242399 -0.21793847 4278190335
15.107128 -17.723429 -0.43099186 4278190335
14.991656 -17.808144 -0.43079117 4278190335
14.977984 -18.015112 -0.43380165 4278190335
14.628582 -18.040691 -0.42974752 4278190335
11.105817 16.612326 0.8904978 4294902015
11.049623 16.498507 0.70130891 4294902015
10.527715 17.126619 0.54465503 4294902015
10.623616 17.047277 0.5442248 4294902015
10.717339 16.964867 0.54371876 4294902015
10.783497 16.839855 0.54194742 4294902015
10.877914 16.759954 0.54154253 4294902015
10.98604 16.701246 0.54179555 4294902015
11.083875 16.626867 0.54159313 4294902015
11.170578 16.536179 0.54090995 4294902015
10.542265 17.111595 0.35867468 4294902015
10.631171 17.021147 0.35819301 4294902015
10.728457 16.944613 0.35798427 4294902015
10.796584 16.822926 0.35692453 4294902015
10.897424 16.75301 0.35686031 4294902015
10.992859 16.674976 0.35665157 4294902015
11.089969 16.59973 0.35650709 4294902015
11.212914 16.562834 0.35711724 4294902015
10.567581 17.140806 0.16962783 4294902015
10.630156 17.007805 0.16909726 4294902015
10.720398 16.920298 0.16892482 4294902015
10.798079 16.813812 0.16860647 4294902015
10.89286 16.734669 0.16850699 4294902015
10.985426 16.652493 0.16838761 4294902015
11.082951 16.578123 0.16833456 4294902015
11.193998 16.523882 0.1684473 4294902015
10.545995 17.060591 -0.012789826 4294902015
10.641981 16.982002 -0.012750731 4294902015
10.698256 16.841263 -0.012533263 4294902015
10.800307 16.773623 -0.012528377 4294902015
10.917782 16.729647 -0.01259435 4294902015
11.101101 16.562845 -0.012501498 4294902015
11.197463 16.486973 -0.012479507 4294902015
10.550225 17.156525 -0.18160212 4294902015
10.639427 17.06601 -0.1812775 4294902015
10.715097 16.95476 -0.18069318 4294902015
10.7925 16.847435 -0.18016295 4294902015
10.868445 16.73896 -0.17962192 4294902015
10.955009 16.647734 -0.17930812 4294902015
11.053624 16.575211 -0.17924319 4294902015
11.157919 16.511217 -0.17929728 4294902015
10.539035 17.113047 -0.36694869 4294902015
10.612072 16.997173 -0.3657445 4294902015
10.708679 16.91991 -0.3654635 4294902015
10.794481 16.826115 -0.3648012 4294902015
10.873541 16.722683 -0.36391813 4294902015
10.982547 16.665668 -0.36415896 4294902015
11.059612 16.560553 -0.36325583 4294902015
11.18063 16.52136 -0.36395827 4294902015
11.394308 16.616535 -0.36795217 4294902015
3.5411232 13.172691 0.87188238 4278255615
3.6295667 13.178623 0.87365782 4278255615
3.2520263 13.353074 0.75080842 4278255615
3.5433841 13.138112 0.74373811 4278255615
3.5675526 12.912054 0.7327168 4278255615
3.5307314 13.057687 0.61426324 4278255615
3.4233561 12.933092 0.48413566 4278255615
3.5458324 13.070996 0.48966381 4278255615
3.6163328 13.014327 0.48845768 4278255615
3.6624732 12.873656 0.48433667 4278255615
2.9030688 13.377253 0.38227555 4278255615
3.2137425 13.233005 0.38047892 4278255615
3.2972965 13.222736 0.38073197 4278255615
3.3127098 12.945606 0.37402627 4278255615
3.402482 12.964681 0.37506375 4278255615
3.4988437 13.00631 0.37670854 4278255615
3.5934539 13.038567 0.37812561 4278255615
3.6562874 12.955659 0.37653142 4278255615
2.5376925 13.184264 0.25153074 4278255615
2.6257565 13.20473 0.25212482 4278255615
2.7017047 13.163884 0.25172341 4278255615
2.8445275 13.440521 0.2565403 4278255615
2.9307773 13.440399 0.25682932 4278255615
3.042172 13.172529 0.25302398 4278255615
3.1381824 13.217821 0.25408369 4278255615
3.2175679 13.191517 0.25397131 4278255615
3.5424204 13.116303 0.25409976 4278255615
3.5732462 12.915077 0.25111327 4278255615
3.725184 13.149769 0.2554003 4278255615
2.385361 13.245634 0.12533799 4278255615
2.4687891 13.242545 0.12541758 4278255615
2.5878608 13.423527 0.12674402 4278255615
2.6865857 13.489775 0.12730111 4278255615
2.7187674 13.227182 0.12563643 4278255615
2.8187463 13.299272 0.12623997 4278255615
2.8998694 13.279772 0.12622669 4278255615
2.9718661 13.219777 0.12594151 4278255615
3.0177739 13.049308 0.12490689 4278255615
3.0929286 13.010116 0.12476762 4278255615
3.446702 12.746947 0.1236534 4278255615
3.5859833 12.946242 0.12517218 4278255615
3.6923659 13.019237 0.12582877 4278255615
2.7383375 13.243852 0.0031732882 4278255615
2.8247623 13.25125 0.0031122018 4278255615
2.9502132 13.434872 0.0026088494 4278255615
3.1154034 13.03691 0.0034665032 4278255615
3.1910455 13.000068 0.0035104856 4278255615
3.3005695 13.098543 0.0032123837 4278255615
3.5445204 13.048117 0.0031806186 4278255615
3.6044059 12.953869 0.003363878 4278255615
2.918617 13.05087 -0.10836675 4278255615
2.9551554 12.843664 -0.1062675 4278255615
2.699888 12.768037 -0.22547568 4278255615
2.7781804 12.75123 -0.22547568 4278255615
3.1558478 12.948279 -0.23103505 4278255615
2.7866983 13.136764 -0.36191708 4278255615
5.3055124 2.7191978 1.7572411 4294967295
5.354681 2.7030463 1.7678046 4294967295
5.4733224 3.111505 1.5975609 4294967295
5.488925 3.0759647 1.5965959 4294967295
5.5110931 3.0441048 1.5975609 4294967295
5.5322242 3.0116243 1.5982846 4294967295
5.3907466 2.7236269 1.5338722 4294967295
5.3873749 2.6805527 1.5283237 4294967295
5.5324144 3.0558856 1.3579854 4294967295
5.5476227 3.0200095 1.3571646 4294967295
5.5625992 2.984062 1.356344 4294967295
5.5591736 2.9384372 1.3512144 4294967295
5.5779672 2.9047236 1.3514197 4294967295
5.415782 2.7362802 1.3050491 4294967295
5.479784 2.7265482 1.3161287 4294967295
5.6008544 2.9604759 1.1209788 4294967295
5.6145439 2.9237773 1.120133 4294967295
5.6429005 2.8946717 1.1221632 4294967295
5.6491203 2.8542135 1.1199638 4294967295
5.5968232 2.7848029 1.1065989 4294967295
5.5881395 2.7378304 1.1016927 4294967295
5.6585426 2.9026983 0.88942277 4294967295
5.6603255 2.8598764 0.88702345 4294967295
5.675992 2.8242083 0.8867569 4294967295
5.698554 2.791945 0.88755667 4294967295
5.6968331 2.7478821 0.88475746 4294967295
5.6731658 2.9089482 0.65864366 4294967295
5.6829128 2.8700447 0.657767 4294967295
5.6977429 2.833791 0.65747476 4294967295
5.7123423 2.7974634 0.65718251 4294967295
5.7267103 2.7610633 0.65689033 4294967295
5.7381501 2.7233119 0.65630585 4294967295
5.6968923 2.8321242 0.42544609 4294967295
5.7204375 2.8001881 0.42587465 4294967295
5.7420068 2.7672026 0.42618078 4294967295
5.7534676 2.7293508 0.42581344 4294967295
5.7583499 2.6885059 0.42501754 4294967295
5.684166 2.8203225 0.365686 4294967295
5.7166176 2.792845 0.36656979 4294967295
5.7354465 2.7585819 0.36667377 4294967295
5.752265 2.7233379 0.36667377 4294967295
5.7598147 2.683773 0.3661539 4294967295
5.6722355 2.8101835 0.30635273 4294967295
5.7091269 2.7849622 0.30729318 4294967295
5.7252069 2.7494466 0.30725041 4294967295
5.7428727 2.7146926 0.30729318 4294967295
5.7585158 2.6789825 0.30725041 4294967295
5.6889734 2.8130054 0.24840115 4294967295
5.7124171 2.7811072 0.24863568 4294967295
5.7383876 2.7503226 0.24897072 4294967295
5.7506356 2.712929 0.2488032 4294967295
5.7562947 2.6725438 0.24840115 4294967295
5.734355 2.8057594 0.19737504 4294967295
5.7478604 2.7687855 0.19727382 4294967295
5.7566123 2.7296093 0.19704609 4294967295
5.781405 2.6980419 0.19727382 4294967295
5.7805915 2.6545882 0.19679303 4294967295
5.7425866 2.8030448 0.13854228 4294967295
5.7425547 2.759527 0.13823721 4294967295
5.7521482 2.720819 0.13810876 4294967295
5.7696409 2.6858952 0.13812481 4294967295
5.7787404 2.6471112 0.13799636 4294967295
5.7250228 2.7927153 0.078322299 4294967295
5.7330365 2.753206 0.078255981 4294967295
5.7615747 2.7235322 0.078342199 4294967295
5.7754574 2.6868632 0.078322299 4294967295
5.7354612 2.6255715 0.077911101 4294967295
5.7570596 2.8003423 0.0205756 4294967295
5.7434664 2.7502849 0.020658677 4294967295
5.762043 2.7158444 0.02065379 4294967295
5.7704334 2.676652 0.020675782 4294967295
5.7640042 2.6308174 0.020736868 4294967295
5.7345543 2.8046136 -0.032729145 4294967295
5.7651687 2.775883 -0.03289146 4294967295
5.781189 2.7400279 -0.032880638 4294967295
5.7833943 2.6977382 -0.032707505 4294967295
5.8043818 2.6642876 -0.032761607 4294967295
5.733593 2.7998967 -0.091589123 4294967295
5.7659826 2.7720284 -0.091930315 4294967295
5.7747498 2.7327476 -0.091749683 4294967295
5.7905025 2.6968408 -0.091729611 4294967295
5.8042145 2.6600103 -0.091669403 4294967295
5.7527604 2.8049986 -0.15330406 4294967295
5.7635555 2.7666199 -0.15309639 4294967295
5.7750001 2.7286415 -0.1529184 4294967295
5.7979784 2.6961052 -0.15312606 4294967295
5.8225927 2.6642215 -0.15339306 4294967295
5.7571878 2.7568533 -0.21065722 4294967295
5.7667637 2.7180686 -0.21034734 4294967295
5.7824264 2.6822131 -0.2103086 4294967295
5.8260484 2.6591258 -0.21147069 4294967295
5.7668238 2.7754374 -0.26377222 4294967295
5.7792315 2.7378616 -0.26353756 4294967295
5.785964 2.6977048 -0.26302132 4294967295
5.808763 2.6650689 -0.26334983 4294967295
5.8331995 2.6330764 -0.26377222 4294967295
5.7737455 2.7745173 -0.32443431 4294967295
5.7843432 2.7360494 -0.32403991 4294967295
5.7901611 2.6954489 -0.32336378 4294967295
5.8138523 2.663197 -0.32381454 4294967295
5.8491988 2.6360893 -0.32499775 4294967295
5.7258315 2.7460487 -0.38011736 4294967295
5.7822776 2.729605 -0.38300276 4294967295
5.7989173 2.6940742 -0.38300276 4294967295
5.8253212 2.6630051 -0.38372409 4294967295
5.8515625 2.6317132 -0.38444546 4294967295
5.7737064 2.7635188 -0.4428089 4294967295
5.7806306 2.7233663 -0.44198605 4294967295
5.8008509 2.6895232 -0.44228527 4294967295
5.8145223 2.652638 -0.44206086 4294967295
5.8388777 2.6205845 -0.44273409 4294967295
5.8259363 2.7574995 -0.50035912 4294967295
5.8039055 2.7036009 -0.49678338 4294967295
5.8366904 2.6754143 -0.4982802 4294967295
5.859355 2.6424193 -0.4988623 4294967295
5.810205 2.745796 -0.55851978 4294967295
5.8251376 2.7092535 -0.55833501 4294967295
5.8335032 2.6697304 -0.5575037 4294967295
5.8615775 2.6392016 -0.5587045 4294967295
6.1307549 2.7152936 -0.58438355 4294967295
5.7893996 2.7317281 -0.61697835 4294967295
5.8150749 2.7003431 -0.6179958 4294967295
5.8369637 2.6670921 -0.61860633 4294967295
5.8641071 2.636121 -0.61982733 4294967295
6.0357561 2.6688781 -0.63722676 4294967295
5.8046112 2.7359014 -0.67846131 4294967295
5.8221908 2.7006514 -0.6785723 4294967295
5.8404603 2.6657014 -0.67879421 4294967295
5.8684936 2.6351056 -0.68023652 4294967295
5.9218273 2.6155052 -0.68478543 4294967295
5.8611636 2.7235167 -0.79776937 4294967295
5.8489032 2.6743042 -0.79366452 4294967295
5.8642979 2.6379588 -0.79353625 4294967295
5.887629 2.6051371 -0.79456246 4294967295
5.8474874 2.7123814 -0.9202686 4294967295
5.8217258 2.6571536 -0.91335398 4294967295
5.8343105 2.6197619 -0.9127655 4294967295
5.8747063 2.5947006 -0.91673774 4294967295
5.975801 2.5956359 -0.93056691 4294967295
-7.7282977 6.2583385 0.55304849 4278190080
-7.6866632 6.2428966 0.36760858 4278190080
-7.8891969 5.8503876 0.19364764 4278190080
-7.9902906 6.0787296 0.19714792 4278190080
-7.6334591 6.5027089 0.19695523 4278190080
-7.6282454 6.579464 0.19769382 4278190080
-7.8835883 5.8496437 0.1011835 4278190080
-7.8668284 6.4591436 0.10358436 4278190080
-7.6689801 6.536685 0.10290787 4278190080
-7.837666 6.7639432 0.10473836 4278190080
-7.875011 6.400465 0.011422404 4278190080
-7.8394504 6.4518423 0.011410187 4278190080
-7.8611684 6.551043 0.01121471 4278190080
-7.8030157 6.554214 -0.07392405 4278190080
-8.1028633 6.9863348 -0.17827119 4278190080
-11.003695 -0.68945175 0.71147877 4294901760
-11.11799 -0.55974585 0.71802962 4294901760
-11.271785 -0.49818274 0.72727424 4294901760
-11.664819 -0.2289792 0.75084502 4294901760
-11.496339 -0.15509935 0.74043715 4294901760
-11.325165 -0.3521609 0.62520695 4294901760
-11.497828 -0.2869288 0.6340968 4294901760
-11.667244 -0.14792961 0.64277869 4294901760
-11.359598 -0.0046104756 0.62671459 4294901760
-11.286842 -0.1359105 0.518466 4294901760
-11.592951 -0.28190437 0.53167498 4294901760
-11.283715 -0.33451605 0.41407868 4294901760
-11.121693 -0.26143491 0.40858403 4294901760
-11.174051 -0.19406979 0.41029271 4294901760
-11.363914 -0.12761028 0.41662499 4294901760
-11.507401 -0.058597349 0.42141607 4294901760
-11.637664 0.29785386 0.42590562 4294901760
-11.108867 -0.3525005 0.31711629 4294901760
-11.7584 -0.30095282 0.33351365 4294901760
-11.459179 -0.22292395 0.32589698 4294901760
-11.537025 -0.082836539 0.32782012 4294901760
-11.529319 -0.012036185 0.32761768 4294901760
-11.791088 0.060020857 0.33424747 4294901760
-11.893458 0.13351692 0.33685383 4294901760
-11.754006 0.27624992 0.33338711 4294901760
-11.781913 -0.36225307 0.22521439 4294901760
-11.919244 0.072450951 0.22733383 4294901760
-11.594512 0.073829353 0.11297556 4294901760
-11.780696 0.21961486 0.11422241 4294901760
-11.179572 -0.34051114 0.11025636 4294901760
-11.182213 0.058920071 -0.08465831 4294901760
-11.319372 0.27525857 -0.19079483 4294901760
-16.260336 -10.047346 1.2076279 4278255360
-16.324236 -9.9489431 1.2078116 4278255360
-16.431358 -9.739727 1.2068321 4278255360
-15.929703 -10.372841 1.0249377 4278255360
-16.058325 -10.178182 1.0250938 4278255360
-16.167046 -10.108578 1.027953 4278255360
-16.341066 -9.9405632 1.0310723 4278255360
-16.529898 -9.6431265 1.0315921 4278255360
-15.979074 -10.251095 0.84779304 4278255360
-15.968852 -10.225799 0.67132276 4278255360
-16.026226 -10.12442 0.67112178 4278255360
-16.158628 -9.9327478 0.67149031 4278255360
-16.094944 -10.078214 0.51646572 4278255360
-16.159033 -9.9808435 0.5165416 4278255360
-15.989325 -10.26462 0.34104481 4278255360
-16.079882 -10.183973 0.3415747 4278255360
-16.211599 -10.128561 0.34289131 4278255360
-16.080914 -9.7746077 0.33812258 4278255360
-16.370247 -9.9435759 0.16310838 4278255360
-16.509014 -9.8897057 0.16371191 4278255360
-16.269129 -9.992837 -0.010434332 4278255360
-16.389154 -9.9285727 -0.010602931 4278255360
-16.018927 -10.302454 -0.16975331 4278255360
-16.074242 -10.199147 -0.16965593 4278255360
-16.305368 -9.9296322 -0.17024025 4278255360
-16.411419 -9.8566866 -0.17081375 4278255360
-16.506004 -9.7761869 -0.17124659 4278255360
-16.414673 -9.8439627 -0.3477217 4278255360
11.004699 7.8722787 0.86514783 4294967040
11.054425 7.8057585 0.86527032 4294967040
11.124221 7.7531934 0.86692333 4294967040
11.003912 7.8580866 0.73926723 4294967040
11.050289 7.789269 0.73916322 4294967040
11.14624 7.7549706 0.74223047 4294967040
11.05118 7.7792325 0.61375028 4294967040
11.129063 7.7323694 0.61533195 4294967040
11.077833 7.78442 0.48952982 4294967040
11.155777 7.7373743 0.49076945 4294967040
10.830537 7.744813 0.37281165 4294967040
11.04854 7.7987089 0.37810031 4294967040
11.12079 7.7479148 0.37885943 4294967040
11.075558 7.8012891 0.25347355 4294967040
11.120754 7.7314715 0.25342539 4294967040
11.025473 7.9652548 0.12628639 4294967040
11.072508 7.7942448 0.12588182 4294967040
11.103699 7.7147474 0.12574919 4294967040
10.959555 7.8981504 0.0032099402 4294967040
10.882318 7.7414942 0.0035862327 4294967040
11.085114 7.783751 0.0031219756 4294967040
11.110474 7.7002087 0.0031879491 4294967040
11.059334 7.8034339 -0.11011972 4294967040
11.146392 7.7628613 -0.11063913 4294967040
-0.35486543 4.3787613 1.3032911 4278190335
-0.32640928 4.3597827 1.2971754 4278190335
-0.30004817 4.3674531 1.2988434 4278190335
-0.27474791 4.3931794 1.3057929 4278190335
-0.10797239 4.2111435 1.2510298 4278190335
-0.080825604 4.1454592 1.2318488 4278190335
-0.054984111 4.1161017 1.2232313 4278190335
-0.029534489 4.0904264 1.2157257 4278190335
-0.0044628652 4.1116633 1.2218413 4278190335
0.02072404 4.1029682 1.2193395 4278190335
0.046215378 4.1315799 1.2276791 4278190335
0.072518907 4.186924 1.2438022 4278190335
-0.10814714 4.1614432 1.0673056 4278190335
-0.082046747 4.1338906 1.0603094 4278190335
-0.056504596 4.1217012 1.0571733 4278190335
-0.031009458 4.0957689 1.0506597 4278190335
-0.0058442522 4.0755019 1.0455935 4278190335
0.019110331 4.0638161 1.0426986 4278190335
0.044560876 4.1121426 1.0547608 4278190335
0.069905557 4.1185842 1.0564495 4278190335
-0.10774583 4.1461205 0.90248716 4278190335
-0.082107462 4.1369185 0.90043533 4278190335
-0.056531623 4.1236434 0.89756286 4278190335
-0.031068504 4.1033602 0.8932541 4278190335
-0.0058724987 4.0927076 0.89099711 4278190335
0.019310372 4.108326 0.89427996 4278190335
0.044767912 4.1316185 0.89920425 4278190335
0.070577644 4.1586661 0.90494931 4278190335
-0.10709072 4.1211085 0.74117541 4278190335
-0.081782296 4.1207023 0.74100626 4278190335
-0.056263488 4.1043735 0.73813021 4278190335
-0.030710526 4.0573344 0.73000968 4278190335
-0.0058372631 4.0712447 0.73237818 4278190335
0.019209977 4.0859876 0.73491585 4278190335
0.045087472 4.1616788 0.74794251 4278190335
0.072076283 4.2480431 0.76283014 4278190335
-0.13135889 4.0889359 0.58431208 4278190335
-0.10714943 4.1233501 0.58884412 4278190335
-0.081807278 4.1219482 0.58857751 4278190335
-0.056293312 4.1065168 0.5864448 4278190335
-0.030863896 4.0770535 0.58244598 4278190335
-0.0058567468 4.0831127 0.58324575 4278190335
0.019317133 4.1098304 0.58684468 4278190335
0.044839732 4.1383743 0.59071022 4278190335
0.070796408 4.1717129 0.5952422 4278190335
-0.13202929 4.1320844 0.43927816 4278190335
-0.10672458 4.1348066 0.43947297 4278190335
-0.08091674 4.1134925 0.43732998 4278190335
-0.055360816 4.091023 0.43508956 4278190335
-0.029826419 4.0345583 0.42953724 4278190335
-0.0051228395 4.0704942 0.43304396 4278190335
0.020160012 4.1361346 0.43947297 4278190335
0.045420192 4.1249857 0.43840149 4278190335
-0.13092345 4.1201663 0.28806224 4278190335
-0.10569169 4.1228876 0.2881847 4278190335
-0.080156185 4.1114836 0.28745002 4278190335
-0.054520931 4.0819569 0.28561336 4278190335
-0.029302951 4.0592585 0.28420523 4278190335
-0.0044365451 4.0913019 0.28616434 4278190335
0.020725304 4.1032295 0.28689903 4278190335
0.04580323 4.0940423 0.28634802 4278190335
-0.12785201 4.1174188 0.24980617 4278190335
-0.10295966 4.1331005 0.25058597 4278190335
-0.07708957 4.1066957 0.24918233 4278190335
-0.05159815 4.0841246 0.24798661 4278190335
-0.026524344 4.0823669 0.24788263 4278190335
-0.0014822275 4.0994301 0.24876642 4278190335
0.023751192 4.1133428 0.24949424 4278190335
0.0495455 4.1600528 0.25193766 4278190335
-0.12604341 4.1322837 0.21239364 4278190335
-0.10007925 4.1080098 0.21132495 4278190335
-0.074055068 4.0635948 0.20940131 4278190335
-0.048903849 4.0459905 0.20863186 4278190335
-0.02402433 4.0372229 0.20824713 4278190335
0.00075164106 4.0512815 0.2088456 4278190335
0.025922755 4.1001549 0.21094023 4278190335
0.051668614 4.146872 0.21294935 4278190335
-0.12250307 4.1138787 0.17362012 4278190335
-0.097141422 4.1095572 0.1734526 4278190335
-0.071612805 4.0920887 0.17284952 4278190335
-0.04650287 4.0924511 0.17284952 4278190335
-0.021100318 4.0346928 0.17090629 4278190335
0.0036944817 4.068727 0.17204542 4278190335
0.0288119 4.0896153 0.17274901 4278190335
0.054560486 4.13833 0.1743907 4278190335
-0.12948495 4.0976596 0.13955408 4278190335
-0.10492972 4.1213622 0.14013609 4278190335
-0.079639539 4.1219282 0.14013609 4278190335
-0.053971574 4.0943508 0.13942757 4278190335
-0.028572531 4.0566182 0.13846599 4278190335
-0.0036765824 4.0527182 0.13836478 4278190335
0.021411212 4.0966501 0.13947818 4278190335
0.046982229 4.1354265 0.14046505 4278190335
-0.1274261 4.1505098 0.10260819 4278190335
-0.10124268 4.1222258 0.10214256 4278190335
-0.076002739 4.1257687 0.10219073 4278190335
-0.050278459 4.093164 0.10166086 4278190335
-0.02510016 4.0833969 0.1015003 4278190335
-4.4925393e-05 4.0894732 0.10159664 4278190335
0.025241317 4.1213918 0.10211045 4278190335
0.051053319 4.1641507 0.10280087 4278190335
-0.12548694 4.1139984 0.06337332 4278190335
-0.099925853 4.1016951 0.063287102 4278190335
-0.074230097 4.0732365 0.063094765 4278190335
-0.049163699 4.0676155 0.063054971 4278190335
-0.024104403 4.0508413 0.062942222 4278190335
0.00075846777 4.0779123 0.063121296 4278190335
0.025997385 4.1118298 0.063346788 4278190335
0.051351883 4.1215916 0.063413113 4278190335
-0.1447577 4.069437 0.026268858 4278190335
-0.12168391 4.1352205 0.026110033 4278190335
-0.096077643 4.1258922 0.026134469 4278190335
-0.070268586 4.0974083 0.026205327 4278190335
-0.044639837 4.0527649 0.026315283 4278190335
-0.019767031 4.0519624 0.026317727 4278190335
0.0050986507 4.0540075 0.026312841 4278190335
0.030581716 4.1338973 0.026117364 4278190335
0.056317199 4.1606293 0.026051391 4278190335
-0.13012896 4.1407356 -0.008479665 4278190335
-0.10479588 4.144455 -0.0085121281 4278190335
-0.078338519 4.0920329 -0.0079386234 4278190335
-0.053083442 4.0814381 -0.0078195948 4278190335
-0.027968418 4.0716882 -0.0077113863 4278190335
-0.0029976922 4.0857821 -0.007862878 4278190335
0.022285124 4.1267204 -0.0083065322 4278190335
0.047639769 4.1295056 -0.0083389943 4278190335
-0.1274945 4.1291995 -0.046431761 4278190335
-0.10232935 4.1369004 -0.046572249 4278190335
-0.07593628 4.0834708 -0.045488473 4278190335
-0.05070379 4.0698638 -0.045207497 4278190335
-0.025666714 4.0601006 -0.045006797 4278190335
-0.00076340535 4.0971742 -0.045749385 4278190335
0.024417544 4.1040998 -0.045889873 4278190335
0.04943119 4.0898767 -0.045608893 4278190335
-0.12489527 4.118288 -0.085635357 4278190335
-0.098852389 4.0870004 -0.084686033 4278190335
-0.073288031 4.0605459 -0.083885044 4278190335
-0.048241422 4.0499249 -0.083558716 4278190335
-0.023487583 4.0671368 -0.084063046 4278190335
0.0014696342 4.0702033 -0.084152043 4278190335
0.026424212 4.0671186 -0.084063046 4278190335
0.052255165 4.1358442 -0.086110011 4278190335
-0.14673325 4.1253018 -0.12322868 4278190335
-0.1210387 4.1131396 -0.12272511 4278190335
-0.095245294 4.0898294 -0.12179543 4278190335
-0.069607116 4.0583653 -0.12055586 4278190335
-0.044747327 4.0627131 -0.12071081 4278190335
-0.019986095 4.0988836 -0.12210532 4278190335
0.0051352368 4.0789442 -0.12133059 4278190335
0.03016307 4.078836 -0.12133059 4278190335
-0.12838763 4.1084661 -0.15620382 4278190335
-0.10335311 4.1161666 -0.15653235 4278190335
-0.077520207 4.086762 -0.15512438 4278190335
-0.052221406 4.0701809 -0.15432654 4278190335
-0.027129008 4.0534439 -0.15352869 4278190335
-0.0022839203 4.0884953 -0.15517132 4278190335
20.501949 -5.9176226 1.3440934 4294902015
20.457596 -6.0410476 1.3436036 4294902015
20.516375 -5.940352 1.147264 4294902015
20.511137 -6.0754852 1.1489797 4294902015
20.490749 -5.9476037 0.9484207 4294902015
20.450996 -6.0723672 0.94829249 4294902015
20.466164 -5.959003 0.75022483 4294902015
20.435919 -6.0864658 0.75045937 4294902015
20.454136 -5.9076943 0.57469153 4294902015
20.4338 -6.0379024 0.5751217 4294902015
20.490471 -5.9406104 0.37852031 4294902015
20.451715 -6.0656571 0.37848821 4294902015
20.436073 -5.9317327 0.17720844 4294902015
20.430403 -5.9563317 -0.01578062 4294902015
17.014559 1.0665371 1.0808969 4278255615
17.01281 0.96166664 1.080407 4278255615
17.020365 1.0527459 0.92309457 4278255615
17.025505 0.94823563 0.92304254 4278255615
16.992901 1.144595 0.76422161 4278255615
17.054451 1.0436624 0.76657271 4278255615
17.058538 0.93888885 0.76648724 4278255615
17.005852 1.1313157 0.60699499 4278255615
17.025442 1.0277307 0.60743058 4278255615
16.972597 1.1655194 0.46641326 4278255615
17.032309 1.0646635 0.46775439 4278255615
17.104395 0.96385062 0.46942452 4278255615
17.045822 1.1533713 0.31028089 4278255615
17.060562 1.0492495 0.31040934 4278255615
17.065956 1.1495146 0.149519 4278255615
17.088657 1.0457551 0.14962511 4278255615
17.063652 1.1291698 -0.005566963 4278255615
17.050295 1.0232509 -0.0055180937 4278255615
-12.101568 -2.3939598 0.44919091 4294967295
-12.051414 -2.2307277 0.44651061 4294967295
-12.137618 -2.3502002 0.34872168 4294967295
-12.137071 -2.2729197 0.34834212 4294967295
-12.126197 -2.193954 0.34770951 4294967295
-12.1933 -2.3484542 0.2353299 4294967295
-12.296526 -2.134392 0.23634143 4294967295
-12.004785 -2.3085184 0.11715385 4294967295
-12.277287 -2.2828872 0.11889812 4294967295
-12.274331 -2.2045074 0.11878537 4294967295
-12.240333 -2.1209581 0.11846703 4294967295
19.535034 -17.933914 1.1701522 4278190080
19.413649 -18.043238 1.169511 4278190080
19.542315 -17.970884 0.92565203 4278190080
19.414854 -18.074793 0.92488146 4278190080
19.275221 -18.166843 0.92357481 4278190080
19.58234 -17.929354 0.7078442 4278190080
19.449963 -18.028786 0.70708507 4278190080
19.315647 -18.125898 0.70627528 4278190080
19.450012 -18.065569 0.46220595 4278190080
19.337341 -18.183201 0.46217385 4278190080
19.422935 -18.05187 0.21194129 4278190080
19.320545 -18.17893 0.21202087 4278190080
24.294258 -4.645957 1.5523732 4294901760
24.247667 -4.7914543 1.5512712 4294901760
24.252041 -4.9471264 1.553414 4294901760
24.360945 -4.679894 1.3267244 4294901760
24.288671 -4.8207283 1.324437 4294901760
24.349886 -4.6945419 1.0965409 4294901760
24.26869 -4.833518 1.0942754 4294901760
24.299612 -4.7059922 0.86537826 4294901760
24.249699 -4.8508859 0.86467463 4294901760
24.264051 -4.7990942 0.66186577 4294901760
24.237085 -4.9484854 0.66194171 4294901760
24.293928 -4.6758199 0.43320823 4294901760
24.259878 -4.8238215 0.43312794 4294901760
24.353968 -4.6953287 0.2005737 4294901760
24.301163 -4.8399854 0.20041452 4294901760
12.66314 3.1059732 0.83496505 4278255360
12.714024 3.1074288 0.71670473 4278255360
12.687634 3.0923271 0.59425741 4278255360
12.705348 3.0856318 0.47395042 4278255360
12.710629 3.1152701 0.36704221 4278255360
12.669219 3.0228319 0.36547333 4278255360
12.684078 3.0954118 0.2455899 4278255360
12.710634 3.0979326 0.12284428 4278255360
12.670118 3.1548264 0.0043143835 4278255360
12.647448 3.0668938 0.004419452 4278255360
12.64652 3.0972102 -0.10454699 4278255360
12.663192 3.0926588 -0.22517464 4278255360
12.682749 3.171349 -0.35135591 4278255360
12.654382 3.081881 -0.34990224 4278255360
14.642674 6.1921015 1.0103682 4294967040
14.665647 6.0960088 1.0093887 4294967040
14.687067 5.9994898 1.0083479 4294967040
14.629695 6.1723714 0.86195737 4294967040
14.660835 6.0798111 0.86159348 4294967040
14.696939 5.9893627 0.86154151 4294967040
14.664079 6.1756306 0.71630162 4294967040
14.698003 6.0840087 0.71613061 4294967040
14.735983 5.9940858 0.71617335 4294967040
14.647656 6.1544747 0.56826431 4294967040
14.692533 6.067534 0.56853235 4294967040
14.704364 6.1090918 0.43883127 4294967040
14.749901 6.0221539 0.43905902 4294967040
14.658085 6.1783175 0.29136652 4294967040
14.704032 6.0917053 0.29151103 4294967040
14.76058 6.0092859 0.29184821 4294967040
14.650459 6.1698952 0.1415073 4294967040
14.727772 6.0963306 0.14179248 4294967040
14.783426 6.0133829 0.14192513 4294967040
9.9418774 5.8105412 0.74153912 4278190335
9.9022417 5.8583179 0.6343047 4278190335
9.9457645 5.8019776 0.6347726 4278190335
9.9017248 5.8494925 0.5275712 4278190335
9.9814596 5.8142724 0.52975136 4278190335
9.9203243 5.8496127 0.42171761 4278190335
9.9923201 5.8097291 0.42312479 4278190335
9.9756727 5.8279576 0.32822499 4278190335
9.8975019 5.8508444 0.22055806 4278190335
9.9479008 5.7985644 0.22083102 4278190335
9.8907757 5.8430252 0.11226591 4278190335
9.986928 5.8174577 0.11273017 4278190335
9.9210272 5.8453546 0.0080821961 4278190335
9.958437 5.7853751 0.0080773095 4278190335
6.6023669 16.569504 1.1292628 4294902015
6.706912 16.536081 1.1297525 4294902015
6.6103215 16.549513 0.96307284 4294902015
6.7042212 16.490137 0.96203309 4294902015
6.7858062 16.401628 0.9593817 4294902015
6.6003132 16.49308 0.79559827 4294902015
6.7002578 16.449493 0.79547006 4294902015
6.7945604 16.392382 0.79474336 4294902015
6.6308551 16.529615 0.63269264 4294902015
6.7219529 16.463636 0.63178802 4294902015
6.7411594 16.225496 0.62465161 4294902015
6.6026082 16.561695 0.4870871 4294902015
6.6913257 16.489376 0.48622674 4294902015
6.6186471 16.553564 0.32221073 4294902015
6.7148166 16.499676 0.32198596 4294902015
6.7267308 16.228746 0.15258971 4294902015
-0.73022711 10.040841 0.37313673 4278255615
-0.7015506 10.54076 0.38978824 4278255615
-0.64119279 10.616695 0.39220053 4278255615
-0.75533628 10.097563 0.29209006 4278255615
-0.72619408 10.579727 0.30421093 4278255615
-0.64409983 10.309608 0.29725218 4278255615
-0.56917632 10.106761 0.29201415 4278255615
-0.7644279 10.355486 0.20267129 4278255615
-0.73436183 10.854785 0.21063524 4278255615
-0.63262665 10.288239 0.20145102 4278255615
-0.52986598 10.773588 0.209142 4278255615
-0.46310529 10.761652 0.20890115 4278255615
-0.70231998 10.425142 0.10537506 4278255615
-0.6426748 10.500121 0.10584594 4278255615
-0.60944003 11.070996 0.10961303 4278255615
-0.75293505 10.403782 0.010730905 4278255615
-0.69020611 10.425169 0.010689367 4278255615
-6.7422581 1.4343513 0.26672786 4294967295
-6.50489 1.4255987 0.25888792 4294967295
-6.380981 1.4395171 0.25493443 4294967295
-6.5102706 1.5107416 0.25969201 4294967295
-6.4361115 1.2736143 0.20185395 4294967295
-6.4634371 1.3202795 0.20276491 4294967295
-6.4454317 1.357854 0.20251186 4294967295
-6.2757816 1.3624052 0.19833662 4294967295
-6.3898435 1.230062 0.14042087 4294967295
-6.3105865 1.2550123 0.13924876 4294967295
-6.3507605 1.3035586 0.14003551 4294967295
-6.3670979 1.3476768 0.14043692 4294967295
-6.445828 1.2015369 0.079562522 4294967295
-6.4294968 1.2393613 0.079502836 4294967295
-6.4178486 1.2780073 0.079476304 4294967295
-6.4049883 1.3163557 0.079443142 4294967295
-6.006381 1.3888725 0.076962702 4294967295
-6.1378379 1.4590085 0.07791774 4294967295
-6.1161413 1.4935576 0.077831522 4294967295
1.3541431 -10.870386 0.70713192 4278190080
1.2856575 -10.863623 0.70621359 4278190080
1.2360039 -11.023067 0.7155807 4278190080
1.1684495 -11.031436 0.71564192 4278190080
1.2880207 -10.959612 0.6098187 4278190080
1.4119825 -10.916984 0.50649667 4278190080
1.3014475 -11.134933 0.51517445 4278190080
1.2355174 -11.164556 0.51611489 4278190080
1.3502926 -11.042514 0.40858403 4278190080
1.2616706 -10.870897 0.40251979 4278190080
1.1226135 -10.831879 0.40071055 4278190080
0.98325312 -10.775167 0.39836529 4278190080
0.92507517 -10.874608 0.40151465 4278190080
1.2156518 -10.956345 0.21294735 4278190080
18.132553 -6.9684978 1.2267294 4294901760
18.106186 -7.0861726 1.2278314 4294901760
18.137177 -6.9876089 1.0471884 4294901760
18.098608 -7.1005888 1.0474483 4294901760
18.133081 -6.9997344 0.86715764 4294901760
18.079563 -7.1068444 0.86668742 4294901760
18.100117 -7.0043278 0.68626559 4294901760
18.051218 -7.1130576 0.68606454 4294901760
18.127893 -6.9703412 0.52739727 4294901760
18.071751 -7.0763383 0.52704298 4294901760
18.014063 -7.1815391 0.52666342 4294901760
18.120584 -6.9884882 0.34780455 4294901760
18.062471 -7.0936942 0.34754765 4294901760
23.889277 -0.99662811 1.5018032 4278255360
23.836851 -1.1409976 1.498987 4278255360
23.771593 -1.2841157 1.4954361 4278255360
23.84009 -1.0145903 1.2775444 4278255360
23.783543 -1.1584227 1.274945 4278255360
23.794933 -1.3053731 1.2759328 4278255360
23.862743 -0.88475525 1.0572132 4278255360
23.850878 -1.0308987 1.0569568 4278255360
23.815165 -1.1757965 1.055717 4278255360
23.794533 -1.3211813 1.0551614 4278255360
23.883427 -0.90556479 0.83686632 4278255360
23.873426 -1.0519176 0.83673227 4278255360
23.87351 -1.1987334 0.83696681 4278255360
23.908382 -1.0016073 0.64149559 4278255360
23.830891 -1.1448841 0.63969898 4278255360
23.888302 -1.2946001 0.64134377 4278255360
23.866961 -1.0240854 0.41954428 4278255360
23.837257 -1.1693845 0.41917497 4278255360
23.832628 -1.3157904 0.41922313 4278255360
7.1610513 2.2792857 0.77017719 4294967040
7.1841168 2.2852461 0.49762771 4294967040
7.1658726 2.2732377 0.42671919 4294967040
7.1951776 2.277693 0.35841924 4294967040
7.1794329 2.2243369 0.35709405 4294967040
7.1623611 2.2611129 0.28743339 4294967040
7.1218233 2.2160275 0.22457746 4294967040
7.1348453 2.2125654 0.15588312 4294967040
7.1808181 2.178616 0.15642904 4294967040
7.1266351 2.2079811 0.085558034 4294967040
7.0768871 2.1450691 0.085120313 4294967040
7.045454 2.0797377 0.018268974 4294967040
19.744772 7.5058327 1.3308693 4278190335
19.782974 7.3817477 1.3303795 4278190335
19.815712 7.2557607 1.3295836 4278190335
19.764183 7.4943328 1.1357229 4278190335
19.800436 7.3694372 1.135203 4278190335
19.843405 7.2471204 1.1350991 4278190335
19.724545 7.4644122 0.9378621 4278190335
19.765291 7.3415046 0.93764836 4278190335
19.748045 7.454463 0.74325597 4278190335
19.778418 7.3275962 0.74271989 4278190335
19.741127 7.3622031 0.56909919 4278190335
19.662933 7.4480829 0.37357497 4278190335
19.687645 7.3196273 0.37322173 4278190335
22.054153 -21.267315 1.3464003 4294902015
21.941116 -21.419685 1.347469 4294902015
21.906628 -21.650124 1.3533254 4294902015
21.834112 -21.844904 1.3570017 4294902015
21.975107 -21.48909 1.0660005 4294902015
21.891846 -21.672039 1.0683123 4294902015
21.803635 -21.851236 1.0704565 4294902015
21.733692 -22.050097 1.0735389 4294902015
21.695591 -22.283293 1.0782294 4294902015
21.879866 -21.832201 0.8181721 4294902015
21.817938 -22.039215 0.82077849 4294902015
20.272276 -12.285579 1.4891913 4278255615
20.058743 -12.325089 1.4792732 4278255615
19.634535 -12.231045 1.4541106 4278255615
19.680647 -12.428027 1.4629267 4278255615
19.818247 -12.2002 1.2468718 4278255615
19.601532 -12.233276 1.2381899 4278255615
19.538485 -12.211922 1.021348 4278255615
19.499323 -12.044227 0.80396533 4278255615
19.489429 -12.203959 0.80651164 4278255615
19.414181 -12.323315 0.80651164 4278255615
19.488239 -12.144645 0.61702609 4278255615
19.419271 -12.267731 0.61720324 4278255615
19.491528 -12.174088 0.4049651 4278255615
19.438427 -12.307364 0.40538257 4278255615
4.0739684 18.248629 1.182098 4294967295
4.1834059 18.212587 1.1814246 4294967295
4.3019586 18.215717 1.1832613 4294967295
4.6219363 18.076393 1.1796491 4294967295
4.742383 18.084381 1.1819756 4294967295
4.0853848 18.228485 1.007834 4294967295
4.1902008 18.172907 1.0062224 4294967295
4.3032408 18.153656 1.0065862 4294967295
4.0976191 18.226978 0.83484054 4294967295
4.7140493 18.32299 0.84501445 4294967295
4.1228113 18.268045 0.66344935 4294967295
4.2128978 18.14797 0.66019946 4294967295
4.4281449 18.065784 0.65919429 4294967295
-3.7669208 11.356045 0.76908934 4278190080
-3.5154643 10.819835 0.73302919 4278190080
-3.3663802 10.581543 0.71631539 4278190080
-3.5639124 11.697128 0.78525215 4278190080
-2.8211465 10.921305 0.72709054 4278190080
-2.7075205 10.753541 0.715397 4278190080
-2.6895292 10.965765 0.72776401 4278190080
-3.8851688 10.844429 0.63503253 4278190080
-3.7079024 10.982229 0.63877565 4278190080
-3.6398196 11.002877 0.63867164 4278190080
-3.0410507 11.23906 0.64147896 4278190080
-2.8932564 10.95915 0.62541491 4278190080
-2.8135073 10.928342 0.62281549 4278190080
-2.7549069 10.9793 0.6246351 4278190080
-3.7944572 10.821532 0.52616054 4278190080
-3.4042289 10.312709 0.50017005 4278190080
-3.3313856 10.524206 0.50782186 4278190080
-3.3069541 10.67424 0.51363552 4278190080
-3.3443537 11.28301 0.53902757 4278190080
-3.1936684 11.280904 0.53714669 4278190080
-3.1156046 11.268509 0.53573602 4278190080
-3.0016305 11.121507 0.52838343 4278190080
-2.8795853 11.214599 0.53090554 4278190080
-3.5675361 10.405242 0.40439603 4278190080
-3.3131626 10.276043 0.39759469 4278190080
-3.4688704 11.478576 0.43763202 4278190080
-3.0634727 11.115097 0.42215315 4278190080
-3.0510213 11.34119 0.42935652 4278190080
-2.9905069 11.3945 0.43056267 4278190080
-2.768497 11.101592 0.4192048 4278190080
-3.1422992 11.30881 0.33288103 4278190080
-3.0469332 11.232364 0.33037588 4278190080
-3.0160792 11.394838 0.33414626 4278190080
-3.2500303 10.257026 0.20870848 4278190080
5.3843021 -10.997674 0.78629297 4294901760
5.3080511 -11.012523 0.78506851 4294901760
5.2390962 -11.042179 0.78488481 4294901760
5.3790245 -11.009616 0.67324328 4294901760
5.3022785 -11.023515 0.67215151 4294901760
5.2353945 -11.057647 0.67225552 4294901760
5.3572488 -10.982877 0.55834943 4294901760
5.2936506 -11.023647 0.55873418 4294901760
5.2323151 -11.06947 0.55937541 4294901760
5.34057 -10.971373 0.44470137 4294901760
5.2748775 -11.007541 0.44483539 4294901760
5.225142 -11.077665 0.44624257 4294901760
9.5566959 15.105536 0.96588016 4278255360
9.6847811 15.102096 0.9693113 4278255360
9.758215 15.013081 0.96749175 4278255360
9.766099 14.825325 0.95953768 4278255360
9.9245253 14.866454 0.96588016 4278255360
10.007164 14.792871 0.96510035 4278255360
10.090968 14.721305 0.96447647 4278255360
10.101924 14.545097 0.95725024 4278255360
9.5285501 15.03923 0.79726541 4278255360
9.8328276 15.310855 0.81406522 4278255360
9.4852266 15.356708 0.6407336 4278255360
9.9041929 15.393836 0.64927709 4278255360
-7.1666093 -2.4777451 1.6226667 4294967040
-6.8481674 -2.2739134 1.5457245 4294967040
-6.9119248 -2.2012918 1.5537266 4294967040
-6.8178525 -2.1253304 1.5301309 4294967040
-6.7109423 -2.0468943 1.5038679 4294967040
-6.9981651 -2.0876877 1.5639855 4294967040
-7.4655843 -2.1773908 1.6632923 4294967040
-7.4505677 -2.1234908 1.6571369 4294967040
-7.3456016 -2.0449119 1.6314895 4294967040
-7.1313462 -1.9381704 1.5822464 4294967040
-7.1081028 -1.8850899 1.5746548 4294967040
-7.0617375 -1.8264835 1.5621389 4294967040
-7.0452905 -1.7761774 1.5561887 4294967040
-7.0541553 -1.7324477 1.5557783 4294967040
-6.9285355 -1.6565698 1.5264376 4294967040
-6.8994865 -1.6049297 1.5180253 4294967040
-6.8662477 -1.5528448 1.5087922 4294967040
-6.8859696 -1.205618 1.4985332 4294967040
-6.8546352 -1.1568242 1.490326 4294967040
-6.8500118 -1.1128585 1.4878639 4294967040
-6.8228669 -1.0655169 1.4806826 4294967040
-8.6490402 -2.9311674 1.6011046 4294967040
-8.5349808 -2.8342345 1.5772506 4294967040
-8.5212831 -2.7717481 1.5716677 4294967040
-8.4169884 -2.680814 1.5498438 4294967040
-8.350481 -2.6032965 1.5349562 4294967040
-8.1127176 -2.4746325 1.4894475 4294967040
-8.1079159 -2.4188881 1.4858947 4294967040
-8.0289383 -2.3417635 1.4691461 4294967040
-7.9493222 -2.2657003 1.4523976 4294967040
-7.9516816 -2.2137084 1.4503675 4294967040
-7.953702 -2.161773 1.4483373 4294967040
-7.7105608 -2.0449378 1.4028286 4294967040
-7.6628513 -1.9820331 1.3921704 4294967040
-7.6557555 -1.9301565 1.3887868 4294967040
-7.6004567 -1.8666828 1.3769444 4294967040
-7.3341322 -1.5643666 1.3207775 4294967040
-7.1756616 -1.4845722 1.2913406 4294967040
-7.1614437 -1.4358624 1.2872803 4294967040
-7.1198087 -1.3821212 1.2784832 4294967040
-6.9925461 -1.31293 1.2547983 4294967040
-6.9752574 -1.2654226 1.2503997 4294967040
-6.9741535 -1.2210686 1.248877 4294967040
-8.2239046 -2.6749878 1.1971993 4294967040
-8.1948366 -2.6100352 1.1908013 4294967040
-8.1936665 -2.5543923 1.1884019 4294967040
-8.2025509 -2.502044 1.1874689 4294967040
-8.2718801 -2.4678226 1.1950667 4294967040
-8.2954292 -2.4195192 1.1962663 4294967040
-8.3148851 -2.3699327 1.1969328 4294967040
-8.3435907 -2.3228571 1.1989322 4294967040
-8.412199 -2.2864404 1.20653 4294967040
-8.3992481 -2.2276645 1.2027978 4294967040
-8.4751244 -2.192224 1.2114619 4294967040
-8.5364647 -2.1522999 1.2181265 4294967040
-8.5562477 -2.101536 1.2190596 4294967040
-8.6036806 -2.057297 1.2238582 4294967040
-8.6682673 -2.0165989 1.2310561 4294967040
-8.6717777 -1.9614048 1.2298565 4294967040
-8.7765741 -1.9285874 1.2426527 4294967040
-8.2419853 -2.6792772 0.88287967 4294967040
-8.1596432 -2.5972509 0.87274909 4294967040
-8.1516724 -2.539732 0.87031388 4294967040
-8.217556 -2.5050523 0.87547654 4294967040
-8.2756901 -2.4673839 0.87985998 4294967040
-8.2878075 -2.4157228 0.87956774 4294967040
-8.3311882 -2.3730061 0.88249004 4294967040
-8.3542213 -2.324244 0.8833667 4294967040
-8.3740883 -2.2745054 0.88395113 4294967040
-8.4225187 -2.2322626 0.88745791 4294967040
-8.4726715 -2.1900089 0.89115942 4294967040
-8.5486794 -2.153791 0.89749104 4294967040
-8.6129599 -2.1138744 0.90265369 4294967040
-8.6431923 -2.0651515 0.90440708 4294967040
-8.6624861 -2.0136569 0.90508896 4294967040
-8.717392 -1.9701242 0.90937495 4294967040
-8.7487574 -1.9208688 0.91132313 4294967040
6.7363081 4.3971949 1.1160231 4278190335
6.7498312 4.3471913 1.1138904 4278190335
6.7671776 4.2998457 1.1124241 4278190335
6.7774792 4.2482395 1.1098915 4278190335
6.7890892 4.1977115 1.1076256 4278190335
6.8138719 4.1554594 1.1074923 4278190335
6.8961396 4.1478028 1.116423 4278190335
6.7129564 4.3802738 0.81917405 4278190335
6.7589526 4.3513947 0.82141447 4278190335
6.7527628 4.2890267 0.81761551 4278190335
6.7629299 4.2374701 0.81576473 4278190335
6.7938824 4.1990337 0.81634915 4278190335
6.8254671 4.1608953 0.81703103 4278190335
6.873898 4.1327853 0.81966108 4278190335
5.4023542 10.292779 1.1723797 4294902015
5.499002 10.024055 1.1536772 4294902015
5.6867175 10.217105 1.179101 4294902015
5.8476477 10.356219 1.1986803 4294902015
5.9185009 10.333099 1.2001414 4294902015
5.9697952 10.275935 1.1978036 4294902015
6.0100026 10.200523 1.1934202 4294902015
6.0740099 10.166018 1.1937124 4294902015
6.1357574 10.127706 1.193615 4294902015
6.1811171 10.062729 1.1904979 4294902015
6.2364321 10.014474 1.189329 4294902015
6.3317604 10.029883 1.1955632 4294902015
-2.7374864 6.3593712 0.96526724 4278255615
-2.6272562 6.3156247 0.95407051 4278255615
-2.5835779 6.3197012 0.95233768 4278255615
-2.5635974 6.3823352 0.95913571 4278255615
-2.4054973 6.3228474 0.94394016 4278255615
-2.3901522 6.5221753 0.96833301 4278255615
-2.3480754 6.5311227 0.96753323 4278255615
-2.3221335 6.5855961 0.97326487 4278255615
-2.2875123 6.61658 0.9756642 4278255615
-2.2411432 6.6135964 0.97326487 4278255615
-2.1930225 6.6046505 0.97006583 4278255615
-2.164722 6.6556797 0.97539759 4278255615
-2.1124098 6.6329536 0.97033244 4278255615
-2.0554407 6.7389503 0.98166245 4278255615
-2.004416 6.7191463 0.97713041 4278255615
-2.3361833 6.2592587 0.68854833 4278255615
-2.049191 6.4384236 0.6959514 4278255615
-1.9706079 6.4649897 0.69614619 4278255615
-1.9340314 6.4874501 0.6972177 4278255615
-1.9033824 6.530725 0.70043224 4278255615
-1.860002 6.5307951 0.69926333 4278255615
10.205013 -0.92587507 1.7924443 4294967295
10.202084 -0.98875946 1.7929518 4294967295
10.189941 -1.0507336 1.7919368 4294967295
10.179383 -1.11281 1.7912601 4294967295
9.9569664 -1.150381 1.7540411 4294967295
9.9027586 -1.2057401 1.7459205 4294967295
9.7270222 -1.2449726 1.716822 4294967295
9.8344669 -1.3200954 1.7367849 4294967295
9.8183737 -1.3793175 1.7354316 4294967295
9.7512169 -1.4309551 1.7252809 4294967295
10.160292 -0.9218213 1.4062048 4294967295
10.145566 -0.98328662 1.4050052 4294967295
10.167932 -1.0484658 1.4088707 4294967295
10.168203 -1.1115887 1.4098037 4294967295
10.17596 -1.1756636 1.4118032 4294967295
10.153796 -1.2362845 1.4098037 4294967295
7.8199778 1.1694554 2.3201613 4278190080
7.8308096 1.1219963 2.3212733 4278190080
7.7138281 1.0569603 2.2851353 4278190080
7.3401361 0.95986807 2.1742191 4278190080
7.3487473 0.91516823 2.1750531 4278190080
7.4391232 0.88011402 2.1997938 4278190080
7.4596572 0.83616561 2.2042415 4278190080
7.2621441 1.783554 1.8913965 4278190080
6.9643173 1.6651295 1.8125097 4278190080
6.8978419 1.6045469 1.7929689 4278190080
7.1492314 1.5708302 1.8520737 4278190080
6.9290552 1.477916 1.7936926 4278190080
7.3399768 1.5185871 1.895739 4278190080
7.3815074 1.4800116 1.9039413 4278190080
7.4428458 1.4448693 1.9172097 4278190080
7.4296346 1.3950521 1.9116611 4278190080
7.429461 1.3478783 1.9094899 4278190080
7.2387633 1.2674304 1.8593111 4278190080
7.234921 1.221051 1.8564161 4278190080
7.3850021 1.1998404 1.8923615 4278190080
7.4334545 1.1609483 1.902735 4278190080
7.4769077 1.1207865 1.9119023 4278190080
7.5624123 1.0862106 1.9316844 4278190080
7.6179676 1.0465295 1.9439878 4278190080
7.5280242 0.98713857 1.9198635 4278190080
7.3654199 0.91986305 1.8776456 4278190080
7.4528389 0.88438189 1.8981514 4278190080
7.4523387 0.8379842 1.896704 4278190080
7.7664843 0.68080652 1.9705248 4278190080
7.1847281 1.9054207 1.5912744 4278190080
7.1962843 1.8613001 1.5912744 4278190080
7.1520519 1.7565025 1.5769118 4278190080
7.1864915 1.7182779 1.5820413 4278190080
7.5848508 1.1846106 1.642364 4278190080
7.7139316 1.1563435 1.6682166 4278190080
7.7596321 1.1145601 1.6764238 4278190080
7.7692337 1.0673269 1.6770393 4278190080
7.7261457 1.0131404 1.6665752 4278190080
7.3719144 0.92067492 1.5904536 4278190080
7.4396257 0.8828125 1.6035851 4278190080
7.4682446 0.83977455 1.6085094 4278190080
7.9082932 0.8402009 1.7002246 4278190080
6.9533339 2.3088472 1.2911714 4278190080
7.1388812 2.321945 1.3221309 4278190080
7.1896181 2.2897666 1.3287288 4278190080
7.0097084 2.1851628 1.2938783 4278190080
7.1285644 2.1743276 1.3128262 4278190080
7.4109321 2.2108762 1.3610418 4278190080
7.4707189 2.1788888 1.3693315 4278190080
7.5209122 2.143548 1.3759294 4278190080
7.5738001 2.1084661 1.3830348 4278190080
7.5857673 2.0118268 1.3806664 4278190080
7.3113594 0.95870304 1.299292 4278190080
7.3337297 0.9159016 1.302168 4278190080
7.4135933 0.87972039 1.3150254 4278190080
7.4257073 0.83498657 1.3162097 4278190080
7.4248104 0.78878218 1.3151946 4278190080
7.1953115 2.3892267 1.0537747 4278190080
7.3389511 2.3870432 1.072036 4278190080
7.2769704 2.3175976 1.0612391 4278190080
7.3383608 2.2876563 1.0679039 4278190080
7.3721662 2.2486603 1.070703 4278190080
7.4704032 1.1198108 1.0500424 4278190080
7.5703282 1.0873485 1.0627054 4278190080
7.5955124 1.0434421 1.065238 4278190080
7.3285952 0.9609651 1.0281821 4278190080
7.3481216 0.91770065 1.0300483 4278190080
7.4264417 0.88124651 1.0399121 4278190080
7.4435277 0.83699238 1.0415115 4278190080
7.4435954 0.79077995 1.0408452 4278190080
2.5165393 8.1607857 1.1826702 4294901760
2.6544046 8.4240513 1.2219921 4294901760
2.6966336 8.3783588 1.21786 4294901760
2.7337618 8.3183432 1.2117285 4294901760
2.776243 8.276042 1.2081295 4294901760
2.8192706 8.2363462 1.2049304 4294901760
2.8031251 8.0280075 1.1777384 4294901760
2.8676195 8.053607 1.18387 4294901760
2.941999 8.1048002 1.1937337 4294901760
2.9944241 8.0940323 1.1948 4294901760
3.0314503 8.04212 1.1900015 4294901760
-3.1841564 6.4988146 1.2757763 4278255360
-3.3003707 6.9504833 1.3542746 4278255360
-3.3382161 7.1429219 1.3869259 4278255360
-3.0245323 6.5767913 1.2761146 4278255360
-2.969897 6.5637994 1.2701935 4278255360
-3.023773 6.7934866 1.3099501 4278255360
-2.8302553 6.5748076 1.2622421 4278255360
-2.6967251 6.4825621 1.2387264 4278255360
-2.672194 6.5363894 1.2456627 4278255360
-2.6809103 6.6742935 1.2681633 4278255360
-2.6684933 6.7630415 1.2815284 4278255360
-2.6016543 6.7140417 1.2695167 4278255360
-2.6249139 6.8993664 1.3006454 4278255360
-2.5821857 6.9144197 1.3004762 4278255360
-2.5451391 6.9449391 1.3031831 4278255360
-2.4666073 6.9951673 1.3067358 4278255360
-2.456821 7.1061101 1.3241611 4278255360
-2.4046288 7.095849 1.3195933 4278255360
-2.3104007 6.9580107 1.2920173 4278255360
-2.125597 6.8187075 1.2595352 4278255360
-2.1409602 7.0192137 1.2932016 4278255360
-2.0566995 6.8943324 1.2685016 4278255360
-2.1203644 7.2701383 1.3334658 4278255360
-2.0352199 7.310802 1.3361727 4278255360
-1.9825654 7.2946205 1.3310974 4278255360
-1.8854927 7.2897758 1.326022 4278255360
-1.8486825 7.3327441 1.3316048 4278255360
-1.8088288 7.365006 1.3353268 4278255360
-1.7693365 7.3999295 1.3395562 4278255360
-1.8614136 7.018868 1.0107206 4278255360
-1.7789651 7.2434688 1.0372462 4278255360
-1.7372535 7.2658143 1.0388457 4278255360
-1.6466476 7.280786 1.0380459 4278255360
6.6443567 -8.7045364 1.9132371 4294967040
6.6709108 -8.8513927 1.936076 4294967040
6.5558677 -8.8107195 1.9186507 4294967040
6.5086851 -8.8603106 1.9206809 4294967040
6.6005988 -9.1019306 1.9634827 4294967040
6.6599517 -9.3033333 1.9974874 4294967040
6.6857915 -9.4615335 2.0221875 4294967040
6.554306 -9.397294 2.0001943 4294967040
6.2109189 -9.0225105 1.9137446 4294967040
6.5531545 -9.6457644 2.0352139 4294967040
6.4609427 -9.7657299 2.0435038 4294967040
6.4019771 -9.8068409 2.0438421 4294967040
6.3544931 -9.8658228 2.0479023 4294967040
6.0056839 -9.9843178 2.0335224 4294967040
5.9427996 -10.018437 2.0330148 4294967040
6.7406998 4.4000621 1.7205373 4278190335
6.7247868 4.3310575 1.709868 4278190335
6.7371926 4.2807889 1.70638 4278190335
6.7724538 4.2450886 1.7086369 4278190335
6.8116918 4.2116904 1.7119198 4278190335
6.8591304 4.1830668 1.7172545 4278190335
6.7434802 4.4018774 1.4158553 4278190335
6.733078 4.3363986 1.4082422 4278190335
6.7512407 4.2897172 1.4065505 4278190335
6.7782698 4.248735 1.4067197 4278190335
6.8151088 4.2138038 1.408919 4278190335
6.8542986 4.1801195 1.4116259 4278190335
6.8561711 4.1237574 1.4068888 4278190335
-6.0660219 -1.6862547 1.8539801 4294902015
-6.1151896 -1.6595745 1.8656554 4294902015
-6.1818986 -1.6370285 1.8826126 4294902015
-6.1099834 -1.5779182 1.8581498 4294902015
-6.2751102 -1.5795778 1.9045733 4294902015
-6.263227 -1.5357803 1.8981798 4294902015
-6.2360945 -1.4886178 1.8873383 4294902015
-6.2067494 -1.4414115 1.8759409 4294902015
-6.2248464 -1.4054172 1.8787208 4294902015
-6.0766644 -1.3328066 1.8322972 4294902015
-6.0668774 -1.2916926 1.8270155 4294902015
-5.9411082 -1.2268387 1.7875415 4294902015
-5.9447565 -1.1896071 1.7864296 4294902015
-5.9000773 -1.1430525 1.7711405 4294902015
-5.8673267 -1.0993928 1.759465 4294902015
-5.7766066 -1.0457321 1.7308326 4294902015
-5.6712594 -0.99074519 1.6980302 4294902015
-5.6147146 -0.94539225 1.6796832 4294902015
-5.852602 -1.9831629 1.5686115 4294902015
-5.8176904 -1.9316124 1.556308 4294902015
-5.8238959 -1.8940777 1.5548606 4294902015
-5.8853402 -1.8742158 1.5678878 4294902015
-5.9050674 -1.8406692 1.5700589 4294902015
-5.913466 -1.803552 1.5693352 4294902015
-5.9160514 -1.7647358 1.5671641 4294902015
-5.9686913 -1.7406344 1.57802 4294902015
-6.0044575 -1.7111633 1.5845337 4294902015
-6.0653276 -1.6883484 1.5975609 4294902015
-6.0718269 -1.650082 1.5965959 4294902015
-6.0808997 -1.612546 1.5963546 4294902015
-6.1169858 -1.5820112 1.6031095 4294902015
-6.1905651 -1.560588 1.6195141 4294902015
-6.1905999 -1.5202584 1.6171017 4294902015
-6.1828227 -1.4781809 1.6127592 4294902015
-6.1038723 -1.419757 1.5903234 4294902015
-6.0528374 -1.3687841 1.5751251 4294902015
-6.0099392 -1.3203666 1.5620979 4294902015
-5.9786077 -2.793926 1.4164615 4294902015
-5.8178887 -2.5043185 1.3608578 4294902015
-5.8259349 -2.4655209 1.3592165 4294902015
-5.791255 -2.4090459 1.3479316 4294902015
-5.7804227 -2.3217409 1.3389037 4294902015
-5.9672651 -2.3121815 1.3746049 4294902015
-5.9584723 -2.2668202 1.3694754 4294902015
-5.8054047 -2.1678801 1.3321328 4294902015
-5.9531388 -2.1401985 1.3592165 4294902015
-5.9043188 -2.0818167 1.3454695 4294902015
-6.0452852 -2.0484834 1.3711169 4294902015
-6.057869 -1.9702073 1.3684496 4294902015
10.277955 -0.86893809 2.596554 4278255615
10.265665 -0.93137282 2.5948653 4278255615
10.236574 -0.99209934 2.5890756 4278255615
10.228363 -1.0546921 2.588593 4278255615
10.220735 -1.117327 2.5883517 4278255615
10.205009 -1.1790175 2.5861804 4278255615
10.191803 -1.2409087 2.584733 4278255615
9.7843351 -1.3133705 2.4865465 4278255615
9.786664 -1.3748655 2.4892004 4278255615
9.8414164 -1.4441836 2.5051224 4278255615
10.231334 -0.92826086 2.1867049 4278255615
10.209858 -0.98951232 2.1834221 4278255615
10.218198 -1.0536449 2.1864996 4278255615
10.252404 -1.1207864 2.1951172 4278255615
10.274502 -1.1870403 2.2012727 4278255615
10.247594 -1.247697 2.1971691 4278255615
0.95602381 -8.5278482 2.5153072 4294967295
0.68815035 -8.4813538 2.4944582 4294967295
0.61840862 -8.2497759 2.4260738 4294967295
0.57134259 -8.3051634 2.4410851 4294967295
0.52271789 -8.3459024 2.4519265 4294967295
0.46759188 -8.2799006 2.4319115 4294967295
0.41639158 -8.2749395 2.4296877 4294967295
0.77108741 -8.795104 2.2272089 4294967295
0.68743432 -8.4359837 2.1365008 4294967295
0.63799453 -8.4710102 2.1442208 4294967295
0.59485489 -8.60256 2.176065 4294967295
0.48461035 -8.5278254 2.1558006 4294967295
6.6816883 4.4760399 2.3593574 4278190080
6.7074246 4.433898 2.3588014 4278190080
6.7071509 4.3748126 2.34935 4278190080
6.7217522 4.3257771 2.34518 4278190080
6.7497897 4.2854819 2.345736 4278190080
6.7914248 4.2536745 2.3510177 4278190080
6.8321056 4.2210126 2.3560216 4278190080
6.7247915 4.4487615 2.0368669 4278190080
6.7032061 4.3755822 2.0223923 4278190080
6.7201381 4.328063 2.0194974 4278190080
6.7334633 4.2784185 2.0156374 4278190080
6.7645216 4.2401156 2.0170848 4278190080
6.8159976 4.2143531 2.0245636 4278190080
6.8715539 4.1906452 2.0332482 4278190080
8.9898052 -1.7197286 2.6807084 4294901760
8.9903927 -1.7770908 2.6840444 4294901760
9.0028496 -1.8370204 2.6909938 4294901760
9.048749 -1.9042879 2.7079511 4294901760
9.0509758 -1.9628266 2.7121208 4294901760
9.085638 -2.0287881 2.7260201 4294901760
9.300519 -2.136744 2.7935705 4294901760
9.2713394 -2.1900179 2.7888448 4294901760
9.2175865 -2.2371261 2.7768915 4294901760
9.4432364 -2.3533173 2.8483336 4294901760
9.5309906 -2.437386 2.878912 4294901760
9.6041279 -2.518965 2.9053206 4294901760
9.5550947 -2.568872 2.895313 4294901760
9.5011816 -2.6169975 2.8839157 4294901760
9.5422668 -2.6914086 2.9011507 4294901760
9.4628143 -2.7317965 2.8822477 4294901760
9.4385042 -2.7876318 2.880024 4294901760
9.4147844 -2.8435493 2.878078 4294901760
9.4109278 -2.905513 2.8822477 4294901760
9.338872 -2.9461565 2.8658466 4294901760
9.2017584 -2.9651139 2.8297086 4294901760
9.2992783 -3.0596366 2.8650126 4294901760
9.1528406 -3.0738358 2.8260949 4294901760
9.2973804 -3.1859753 2.876132 4294901760
10.287724 -0.87338555 3.0198505 4278255360
10.25156 -0.93370783 3.0109551 4278255360
10.19879 -0.99203962 2.9973338 4278255360
10.181045 -1.0534142 2.9939978 4278255360
10.177254 -1.116178 2.9948318 4278255360
10.156855 -1.1770564 2.9909401 4278255360
9.9082031 -1.2099181 2.9206097 4278255360
9.9024982 -1.2709353 2.9211657 4278255360
9.77456 -1.3155383 2.8861396 4278255360
9.7548895 -1.3738824 2.8828037 4278255360
9.8498659 -1.4489408 2.9131041 4278255360
7.768518 2.2628314 2.3735347 4294967040
7.9134445 2.2524781 2.4130085 4294967040
7.9525414 2.1584706 2.4166224 4294967040
7.9684215 2.1103723 2.4174564 4294967040
7.9328585 2.0489426 2.4030011 4294967040
7.9136105 1.9922523 2.3935497 4294967040
7.8613143 1.9278646 2.3743687 4294967040
7.59831 1.8139834 2.2926409 4294967040
7.4689488 1.7347137 2.2509432 4294967040
7.4016838 1.6712832 2.2278702 4294967040
7.5196981 1.6495171 2.2598386 4294967040
7.7730083 1.6551882 2.3318369 4294967040
7.8338165 1.6179601 2.346848 4294967040
